Date,Index Name,Open,High,Low,Close,Returns,Volatility
1990-07-03,NIFTY 50,-,-,-,279.02,,
1990-07-05,NIFTY 50,-,-,-,284.04,0.01783160947393111,
1990-07-06,NIFTY 50,-,-,-,289.04,0.01745001352549186,
1990-07-09,NIFTY 50,-,-,-,289.69,0.0022462988727638042,
1990-07-10,NIFTY 50,-,-,-,288.69,-0.0034579376757295126,
1990-07-11,NIFTY 50,-,-,-,293.3,0.015842527946986144,
1990-07-12,NIFTY 50,-,-,-,296.21,0.00987268625272007,
1990-07-13,NIFTY 50,-,-,-,296.34,0.0004387815444627347,
1990-07-16,NIFTY 50,-,-,-,287.96,-0.02868586217948633,
1990-07-17,NIFTY 50,-,-,-,295.39,0.025474935519651153,
1990-07-18,NIFTY 50,-,-,-,298.23,0.009568483771410372,
1990-07-19,NIFTY 50,-,-,-,301.5,0.010905015275076672,
1990-07-20,NIFTY 50,-,-,-,302.59,0.0036087377143177437,
1990-07-25,NIFTY 50,-,-,-,321.76,0.06142717214278393,
1990-07-26,NIFTY 50,-,-,-,323.58,0.00564045255284868,
1990-07-27,NIFTY 50,-,-,-,329.65,0.018585106982117957,
1990-07-30,NIFTY 50,-,-,-,347.44,0.05256050266725786,
1990-08-03,NIFTY 50,-,-,-,337.29,-0.029648893796788405,
1990-08-07,NIFTY 50,-,-,-,331.45,-0.01746612574237748,
1990-08-08,NIFTY 50,-,-,-,322.11,-0.028583866573246682,
1990-08-09,NIFTY 50,-,-,-,325.69,0.011052906595670918,0.023534852297907704
1990-08-10,NIFTY 50,-,-,-,333.35,0.023246980354244384,0.023687805172479103
1990-08-13,NIFTY 50,-,-,-,348.98,0.045821624906014824,0.025091237978564
1990-08-16,NIFTY 50,-,-,-,349.39,0.0011741628280256885,0.02510851598209869
1990-08-17,NIFTY 50,-,-,-,347.99,-0.004015033068695349,0.025123799022969226
1990-08-20,NIFTY 50,-,-,-,353.19,0.014832412028800895,0.02511105336738036
1990-08-21,NIFTY 50,-,-,-,363.66,0.029213209433033557,0.025503980384855712
1990-08-22,NIFTY 50,-,-,-,369.95,0.01714849618031117,0.025439012711954246
1990-08-23,NIFTY 50,-,-,-,368.14,-0.004904560766983986,0.02399672077782593
1990-08-27,NIFTY 50,-,-,-,384.78,0.04420844178425045,0.02488785717227416
1990-08-28,NIFTY 50,-,-,-,384.39,-0.0010140801992320361,0.02508129201662926
1990-08-29,NIFTY 50,-,-,-,384.88,0.0012739352016038585,0.02520948901038097
1990-08-30,NIFTY 50,-,-,-,400.06,0.03868293846790871,0.025793009985577223
1990-09-03,NIFTY 50,-,-,-,407.13,0.017518008902282143,0.023287212776618924
1990-09-04,NIFTY 50,-,-,-,392.47,-0.036672443581104726,0.02567290270328118
1990-09-05,NIFTY 50,-,-,-,389.82,-0.006775007059789646,0.025834171049651068
1990-09-06,NIFTY 50,-,-,-,396.51,0.017016167317330397,0.02377567378194685
1990-09-07,NIFTY 50,-,-,-,404.11,0.018985856690330486,0.022314733581088764
1990-09-10,NIFTY 50,-,-,-,411.11,0.017173700461585853,0.021477993346184845
1990-09-11,NIFTY 50,-,-,-,422.07,0.026310358467490122,0.019610651710899655
1990-09-12,NIFTY 50,-,-,-,414.16,-0.01891880446358552,0.020910692847277416
1990-09-14,NIFTY 50,-,-,-,396.5,-0.04357633151874327,0.0241147453953349
1990-09-18,NIFTY 50,-,-,-,415.18,0.04603612005974578,0.024132177227972125
1990-09-19,NIFTY 50,-,-,-,419.46,0.010256008617300342,0.0240687733949536
1990-09-20,NIFTY 50,-,-,-,421.32,0.004424470216392528,0.023899403932949047
1990-09-21,NIFTY 50,-,-,-,434.08,0.029836208942280472,0.024305610064453868
1990-09-25,NIFTY 50,-,-,-,452.36,0.04124947409250459,0.02493902011784313
1990-09-26,NIFTY 50,-,-,-,436.16,-0.036469174494958415,0.027027841876167812
1990-09-27,NIFTY 50,-,-,-,439.72,0.008129012202495327,0.02685097909815818
1990-10-04,NIFTY 50,-,-,-,439.55,-0.00038668441347540576,0.025584942846524787
1990-10-09,NIFTY 50,-,-,-,480.38,0.08882598106865064,0.0313948305229093
1990-10-11,NIFTY 50,-,-,-,449.25,-0.0669979317021698,0.03591146635332586
1990-10-12,NIFTY 50,-,-,-,429.29,-0.04544684443844227,0.03700585976559694
1990-10-15,NIFTY 50,-,-,-,398.92,-0.07337178569155894,0.040603129266997794
1990-10-18,NIFTY 50,-,-,-,405.72,0.016902370974127664,0.039888078776246186
1990-10-22,NIFTY 50,-,-,-,383.75,-0.05567196760638805,0.04188102996409579
1990-10-25,NIFTY 50,-,-,-,404.15,0.05179479727844639,0.0433551108112883
1990-10-26,NIFTY 50,-,-,-,397.04,-0.01774906490066793,0.043329125280488295
1990-10-31,NIFTY 50,-,-,-,403.66,0.016535908192787642,0.04331536926593771
1990-11-01,NIFTY 50,-,-,-,412.9,0.022632493420071377,0.0432013617623229
1990-11-05,NIFTY 50,-,-,-,416.08,0.007672116572772423,0.0430329071130575
1990-11-07,NIFTY 50,-,-,-,428.21,0.02873617999117171,0.04218802610597897
1990-11-08,NIFTY 50,-,-,-,435.18,0.01614600914738737,0.04113100208401914
1990-11-09,NIFTY 50,-,-,-,430.25,-0.011393303511727234,0.041196875904547375
1990-11-12,NIFTY 50,-,-,-,403.06,-0.06528100085230565,0.04378331778399979
1990-11-14,NIFTY 50,-,-,-,405.7,0.006528535973058487,0.043191488963092856
1990-11-16,NIFTY 50,-,-,-,408.34,0.00648619049565201,0.041983496380119785
1990-11-21,NIFTY 50,-,-,-,391.83,-0.041272088450514006,0.042185508390321654
1990-11-22,NIFTY 50,-,-,-,383.69,-0.020993137371879127,0.04219803993263656
1990-11-23,NIFTY 50,-,-,-,399.67,0.04080427172253394,0.04351301514380053
1990-11-26,NIFTY 50,-,-,-,405.0,0.01324786049834494,0.037874637307340364
1990-11-27,NIFTY 50,-,-,-,393.78,-0.028094689392852843,0.035647566861609394
1990-11-29,NIFTY 50,-,-,-,373.33,-0.05332963070394428,0.03613998614566192
1990-11-30,NIFTY 50,-,-,-,367.69,-0.015222555156099807,0.03269257431640538
1990-12-03,NIFTY 50,-,-,-,371.14,0.00933915806255063,0.03248019450670119
1990-12-04,NIFTY 50,-,-,-,359.86,-0.0308642829918201,0.030854291833175836
1990-12-05,NIFTY 50,-,-,-,359.21,-0.0018078912401912788,0.028022665935600353
1990-12-06,NIFTY 50,-,-,-,363.06,0.010660934178103754,0.028110018938014073
1990-12-10,NIFTY 50,-,-,-,371.86,0.023949329489631556,0.02844847918646773
1990-12-11,NIFTY 50,-,-,-,368.22,-0.009836853722855983,0.02776062674493205
1990-12-12,NIFTY 50,-,-,-,372.37,0.011207397989632733,0.027861502198935108
1990-12-13,NIFTY 50,-,-,-,378.88,0.0173315486368926,0.027232463733982727
1990-12-14,NIFTY 50,-,-,-,382.16,0.008619836826120377,0.026959222979526364
1990-12-17,NIFTY 50,-,-,-,367.42,-0.03933376120091544,0.027932715074550574
1990-12-18,NIFTY 50,-,-,-,347.93,-0.05450429776486304,0.02685038402133865
1990-12-19,NIFTY 50,-,-,-,333.33,-0.042868319851901045,0.027762563385677164
1990-12-21,NIFTY 50,-,-,-,326.93,-0.019386909560731195,0.027564653294464635
1990-12-24,NIFTY 50,-,-,-,330.86,0.011949244475574251,0.027064799249720738
1991-01-02,NIFTY 50,-,-,-,318.95,-0.03666097449090573,0.027666824665884042
1991-01-03,NIFTY 50,-,-,-,314.01,-0.015609518153062184,0.025047978281625635
1991-01-07,NIFTY 50,-,-,-,318.12,0.013003837554032387,0.025035057446614002
1991-01-09,NIFTY 50,-,-,-,321.49,0.010537768905927133,0.025223475626404677
1991-01-11,NIFTY 50,-,-,-,326.37,0.015065268106239482,0.023647072111237517
1991-01-14,NIFTY 50,-,-,-,323.42,-0.009079918951303148,0.023570615750426602
1991-01-23,NIFTY 50,-,-,-,319.49,-0.012225813726567532,0.0233037711846485
1991-01-24,NIFTY 50,-,-,-,312.07,-0.023498452804099797,0.022970792983661066
1991-01-25,NIFTY 50,-,-,-,306.22,-0.018923723742181313,0.023080866128031178
1991-01-31,NIFTY 50,-,-,-,314.36,0.026235028121025017,0.023987784836622186
1991-02-01,NIFTY 50,-,-,-,324.29,0.031099351193863017,0.024523766107400004
1991-02-04,NIFTY 50,-,-,-,334.83,0.031984763143895846,0.02599407542211737
1991-02-05,NIFTY 50,-,-,-,339.98,0.015263852014890429,0.02614057498302859
1991-02-06,NIFTY 50,-,-,-,338.21,-0.005219788020498116,0.025628396224692363
1991-02-07,NIFTY 50,-,-,-,330.4,-0.02336296268330273,0.02568707217311886
1991-02-08,NIFTY 50,-,-,-,329.5,-0.0027276877042610352,0.02456219905734124
1991-02-11,NIFTY 50,-,-,-,324.61,-0.014951892189343256,0.021846586144313593
1991-02-13,NIFTY 50,-,-,-,322.24,-0.0073278522230210905,0.01982503745229595
1991-02-14,NIFTY 50,-,-,-,326.76,0.013929346943471118,0.019658955425838433
1991-02-15,NIFTY 50,-,-,-,331.06,0.013073671358350882,0.01969657697604486
1991-02-19,NIFTY 50,-,-,-,361.63,0.08832196184639962,0.026196926466857187
1991-02-20,NIFTY 50,-,-,-,360.52,-0.0030741559902100844,0.02579250057300867
1991-02-21,NIFTY 50,-,-,-,362.78,0.006249156241614302,0.025752646182139186
1991-02-22,NIFTY 50,-,-,-,369.57,0.018543577712169104,0.025879499435323163
1991-02-25,NIFTY 50,-,-,-,369.03,-0.001462226093189158,0.025871228763995616
1991-02-26,NIFTY 50,-,-,-,377.39,0.022401193949272067,0.025854014244491234
1991-02-27,NIFTY 50,-,-,-,379.84,0.006470975923227872,0.025429523780581897
1991-02-28,NIFTY 50,-,-,-,379.94,0.0002632340955998362,0.024381916829442466
1991-03-04,NIFTY 50,-,-,-,381.5,0.004097505207608627,0.02347926041852214
1991-03-05,NIFTY 50,-,-,-,385.62,0.010741577886738221,0.02320378500730169
1991-03-07,NIFTY 50,-,-,-,361.3,-0.0651437904576553,0.028106641010682873
1991-03-08,NIFTY 50,-,-,-,371.44,0.027678705558071663,0.02790809770562742
1991-03-11,NIFTY 50,-,-,-,367.66,-0.010228745656940553,0.0280056829615941
1991-03-12,NIFTY 50,-,-,-,365.41,-0.0061385872165495734,0.02802220242707433
1991-03-13,NIFTY 50,-,-,-,364.09,-0.003618921016105717,0.02735217094719646
1991-03-14,NIFTY 50,-,-,-,375.52,0.030910642280642987,0.027890307941197654
1991-03-15,NIFTY 50,-,-,-,375.79,0.0007187446237196675,0.027471827360475126
1991-03-18,NIFTY 50,-,-,-,367.04,-0.02355964278542707,0.02815853020975014
1991-03-20,NIFTY 50,-,-,-,367.41,0.0010075567602997706,0.028127530885594058
1991-03-21,NIFTY 50,-,-,-,364.74,-0.0072936197126195895,0.028221257390016807
1991-03-22,NIFTY 50,-,-,-,366.46,0.004704603863342739,0.02027994498067621
1991-03-25,NIFTY 50,-,-,-,361.79,-0.012825441852692668,0.02049065530460536
1991-03-26,NIFTY 50,-,-,-,365.44,0.01003817402825447,0.020567136388048607
1991-03-27,NIFTY 50,-,-,-,366.45,0.00275997934426852,0.02013110022930342
1991-04-01,NIFTY 50,-,-,-,372.7,0.016911720113353602,0.020497147927926732
1991-04-02,NIFTY 50,-,-,-,377.36,0.012425832490793614,0.02005257865593981
1991-04-03,NIFTY 50,-,-,-,376.92,-0.0011666756374507767,0.019995423824100522
1991-04-04,NIFTY 50,-,-,-,375.41,-0.004014201288408373,0.020010985458120384
1991-04-05,NIFTY 50,-,-,-,380.57,0.01365136679402007,0.020241719753463956
1991-04-08,NIFTY 50,-,-,-,387.0,0.016754564185614582,0.020455099584265002
1991-04-09,NIFTY 50,-,-,-,387.57,0.0014717846105376704,0.013499678376000713
1991-04-11,NIFTY 50,-,-,-,393.43,0.015006683668437356,0.012571036048048798
1991-04-12,NIFTY 50,-,-,-,402.4,0.022543457476772336,0.012904457340324731
1991-04-15,NIFTY 50,-,-,-,406.93,0.011194561693069722,0.012732246361600679
1991-04-16,NIFTY 50,-,-,-,398.33,-0.021360373016948247,0.013951906910846952
1991-04-18,NIFTY 50,-,-,-,397.28,-0.0026394857017944967,0.012555612185496914
1991-04-19,NIFTY 50,-,-,-,403.38,0.015237723949143928,0.012844354349016306
1991-04-22,NIFTY 50,-,-,-,404.75,0.0033905468487441413,0.01115384404110014
1991-04-23,NIFTY 50,-,-,-,401.78,-0.007364917423741335,0.011460137275242593
1991-04-24,NIFTY 50,-,-,-,400.44,-0.0033407325827202235,0.011279215444775698
1991-04-25,NIFTY 50,-,-,-,404.76,0.010730356310276254,0.011360404707387459
1991-04-26,NIFTY 50,-,-,-,401.53,-0.008012048465380929,0.011009116152934786
1991-04-29,NIFTY 50,-,-,-,396.88,-0.011648282403384828,0.011562705830582928
1991-04-30,NIFTY 50,-,-,-,389.01,-0.02002891776389089,0.012764839732180913
1991-05-03,NIFTY 50,-,-,-,397.15,0.020708992850238517,0.01300876353454496
1991-05-06,NIFTY 50,-,-,-,392.35,-0.012159744505658683,0.013248204499424618
1991-05-07,NIFTY 50,-,-,-,392.26,-0.00022941334011742102,0.013238261987899843
1991-05-08,NIFTY 50,-,-,-,395.04,0.007062140363504463,0.013205302205533431
1991-05-09,NIFTY 50,-,-,-,393.33,-0.00433807141744937,0.013020605566707323
1991-05-10,NIFTY 50,-,-,-,400.4,0.017815093261645442,0.01308734947153302
1991-05-13,NIFTY 50,-,-,-,400.38,-4.995129749529788e-05,0.013093180345394927
1991-05-14,NIFTY 50,-,-,-,400.56,0.000449471878119258,0.01270917301342826
1991-05-16,NIFTY 50,-,-,-,399.49,-0.002674834417759235,0.011655991738551487
1991-05-17,NIFTY 50,-,-,-,401.58,0.005218032736675807,0.0114182834406794
1991-05-20,NIFTY 50,-,-,-,398.68,-0.007247676241350346,0.010468370732926018
1991-05-21,NIFTY 50,-,-,-,408.66,0.02472442438202655,0.011802400966761623
1991-05-23,NIFTY 50,-,-,-,407.19,-0.0036036075032986558,0.011385347743960883
1991-05-27,NIFTY 50,-,-,-,408.19,0.0024528453024866,0.011374613746865164
1991-05-29,NIFTY 50,-,-,-,410.37,0.005326439488992512,0.011270804024486165
1991-05-30,NIFTY 50,-,-,-,411.86,0.003624294007739381,0.011235293779253848
1991-05-31,NIFTY 50,-,-,-,403.18,-0.02130037342492445,0.012086836310367189
1991-06-03,NIFTY 50,-,-,-,400.02,-0.007868566494253987,0.012081994291338235
1991-06-04,NIFTY 50,-,-,-,399.75,-0.0006751941439600161,0.011779564019703344
1991-06-05,NIFTY 50,-,-,-,398.38,-0.0034330280669357467,0.010812525444373463
1991-06-06,NIFTY 50,-,-,-,394.99,-0.008545875522168995,0.009979745204817994
1991-06-07,NIFTY 50,-,-,-,386.92,-0.02064249481061252,0.010668054075033793
1991-06-11,NIFTY 50,-,-,-,390.28,0.008646476925402958,0.010871207228928724
1991-06-12,NIFTY 50,-,-,-,396.91,0.01684512449516574,0.011423727556873757
1991-06-13,NIFTY 50,-,-,-,393.72,-0.008069557973904353,0.011532321587274956
1991-06-14,NIFTY 50,-,-,-,397.78,0.010259091874089805,0.011032630966646282
1991-06-17,NIFTY 50,-,-,-,402.59,0.01201958571268016,0.011373486794887387
1991-06-18,NIFTY 50,-,-,-,408.77,0.01523397633027423,0.01185565048664157
1991-06-19,NIFTY 50,-,-,-,407.49,-0.0031362581755455836,0.011863653998729533
1991-06-20,NIFTY 50,-,-,-,409.32,0.004480853716045525,0.011850969545024428
1991-06-21,NIFTY 50,-,-,-,415.83,0.015779276674816694,0.012127500890876485
1991-06-24,NIFTY 50,-,-,-,400.83,-0.03673912562445895,0.013770479035798248
1991-06-25,NIFTY 50,-,-,-,398.76,-0.005177665114409124,0.01379082250220366
1991-06-26,NIFTY 50,-,-,-,392.35,-0.016205433581020966,0.014167621599173239
1991-06-27,NIFTY 50,-,-,-,396.25,0.009891026618008007,0.014327364581095361
1991-06-28,NIFTY 50,-,-,-,391.96,-0.010885531423872708,0.014408006121237028
1991-07-01,NIFTY 50,-,-,-,393.6,0.004175371410480813,0.013768126045183427
1991-07-02,NIFTY 50,-,-,-,394.9,0.0032974031145052577,0.013709852489925792
1991-07-03,NIFTY 50,-,-,-,399.85,0.012456908485295216,0.014019260945432346
1991-07-04,NIFTY 50,-,-,-,397.07,-0.006976889215543155,0.014087332619547425
1991-07-05,NIFTY 50,-,-,-,413.35,0.04018210413632879,0.016558515508624607
1991-07-08,NIFTY 50,-,-,-,416.27,0.00703939648974633,0.015675760466034184
1991-07-09,NIFTY 50,-,-,-,417.63,0.003261784880154481,0.015631713002615236
1991-07-10,NIFTY 50,-,-,-,423.57,0.014122916620957916,0.015519808254827905
1991-07-11,NIFTY 50,-,-,-,433.48,0.02312686936525111,0.01588559823834001
1991-07-12,NIFTY 50,-,-,-,437.67,0.009619542697119439,0.015874692547518027
1991-07-15,NIFTY 50,-,-,-,428.76,-0.020567879928595136,0.016741073421943687
1991-07-16,NIFTY 50,-,-,-,434.4,0.013068446796406936,0.01666563001178026
1991-07-17,NIFTY 50,-,-,-,438.4,0.009165967014080182,0.016652673535454354
1991-07-19,NIFTY 50,-,-,-,445.74,0.016604086757964084,0.016903049795493813
1991-07-22,NIFTY 50,-,-,-,434.66,-0.02517170611421359,0.017886173973393607
1991-07-24,NIFTY 50,-,-,-,446.96,0.027904988873336995,0.016241723266067296
1991-07-25,NIFTY 50,-,-,-,475.12,0.06109829855671156,0.020231152670829866
1991-07-26,NIFTY 50,-,-,-,488.73,0.028242786038582962,0.019780613844580252
1991-07-29,NIFTY 50,-,-,-,500.25,0.02329778371765504,0.019967949241424164
1991-07-30,NIFTY 50,-,-,-,503.09,0.005661107071821721,0.019317137713079812
1991-07-31,NIFTY 50,-,-,-,498.71,-0.008744316049076599,0.019818990357268296
1991-08-01,NIFTY 50,-,-,-,498.19,-0.0010432341200947923,0.019940789958456277
1991-08-02,NIFTY 50,-,-,-,504.58,0.012744869700226504,0.01994153193030371
1991-08-05,NIFTY 50,-,-,-,502.89,-0.0033549417554233235,0.019779431200061887
1991-08-07,NIFTY 50,-,-,-,493.63,-0.018585209609162708,0.019708201147262464
1991-08-08,NIFTY 50,-,-,-,487.56,-0.012372888914497693,0.02027325924621099
1991-08-09,NIFTY 50,-,-,-,495.32,0.015790658559262063,0.02031579275452289
1991-08-12,NIFTY 50,-,-,-,496.1,0.0015735009601053587,0.0203277684880737
1991-08-13,NIFTY 50,-,-,-,502.3,0.0124200314489957,0.020044751850171946
1991-08-14,NIFTY 50,-,-,-,507.37,0.010042969710504392,0.020047478979458945
1991-08-16,NIFTY 50,-,-,-,512.22,0.009513699783766486,0.018937324714048367
1991-08-19,NIFTY 50,-,-,-,518.11,0.01143335467739159,0.018921872531224845
1991-08-20,NIFTY 50,-,-,-,508.99,-0.0177592049355537,0.019831280912124202
1991-08-21,NIFTY 50,-,-,-,509.19,0.00039285784944167963,0.019769275715866643
1991-08-22,NIFTY 50,-,-,-,520.93,0.02279444787934795,0.018578759728640374
1991-08-23,NIFTY 50,-,-,-,535.32,0.027249023207276252,0.01854427370247876
1991-08-26,NIFTY 50,-,-,-,545.66,0.01913137222923404,0.014208823587107636
1991-08-27,NIFTY 50,-,-,-,536.95,-0.01609109085318219,0.014165607435976987
1991-08-28,NIFTY 50,-,-,-,540.32,0.006256576333032106,0.013484515514090656
1991-08-30,NIFTY 50,-,-,-,531.97,-0.015574459863087793,0.014154052550132992
1991-09-03,NIFTY 50,-,-,-,524.73,-0.013703252187088386,0.014407916630486765
1991-09-04,NIFTY 50,-,-,-,521.8,-0.005599471884453524,0.014503309168597774
1991-09-05,NIFTY 50,-,-,-,533.53,0.02223092888556289,0.015008653011494724
1991-09-06,NIFTY 50,-,-,-,533.56,5.622768465234081e-05,0.014954437509166571
1991-09-10,NIFTY 50,-,-,-,534.23,0.0012549285682184727,0.014082647664575582
1991-09-13,NIFTY 50,-,-,-,548.77,0.026852952353411393,0.014416941439164504
1991-09-16,NIFTY 50,-,-,-,563.23,0.0260086602761757,0.014956351707915887
1991-09-17,NIFTY 50,-,-,-,554.31,-0.015963973435477355,0.01574881723447189
1991-09-18,NIFTY 50,-,-,-,552.4,-0.003451675500034117,0.015784122813382345
1991-09-20,NIFTY 50,-,-,-,540.54,-0.02170378164373344,0.016788567602910344
1991-09-24,NIFTY 50,-,-,-,536.05,-0.008341199589154902,0.016907583188745655
1991-09-25,NIFTY 50,-,-,-,536.17,0.0002238346617318512,0.016773224510738823
1991-09-26,NIFTY 50,-,-,-,528.21,-0.014957343057517888,0.016612962858262578
1991-09-27,NIFTY 50,-,-,-,549.32,0.039187217755618724,0.018581626846341806
1991-09-30,NIFTY 50,-,-,-,553.79,0.008104403851438903,0.0180744126584527
1991-10-01,NIFTY 50,-,-,-,548.39,-0.009798840856680027,0.01734860164627026
1991-10-03,NIFTY 50,-,-,-,535.85,-0.023132441497834066,0.01762212034074886
1991-10-04,NIFTY 50,-,-,-,525.72,-0.01908551954519863,0.01777001683711265
1991-10-07,NIFTY 50,-,-,-,527.49,0.0033611562107498092,0.017719020547402122
1991-10-09,NIFTY 50,-,-,-,510.57,-0.032602159149862094,0.018820802571324992
1991-10-10,NIFTY 50,-,-,-,519.8,0.01791637353269471,0.019116381765929648
1991-10-11,NIFTY 50,-,-,-,524.17,0.00837193697935261,0.019174337066433376
1991-10-14,NIFTY 50,-,-,-,514.41,-0.018795446327872913,0.018888784104807897
1991-10-15,NIFTY 50,-,-,-,512.23,-0.004246869937897565,0.018890738504456817
1991-10-16,NIFTY 50,-,-,-,525.11,0.024834021533127713,0.0198201022381598
1991-10-18,NIFTY 50,-,-,-,526.76,0.0031372723879195675,0.018755626599759146
1991-10-21,NIFTY 50,-,-,-,522.62,-0.007890414300268263,0.017581815040056188
1991-10-22,NIFTY 50,-,-,-,529.74,0.013531697599795093,0.017738998250656942
1991-10-23,NIFTY 50,-,-,-,526.62,-0.005907094309464828,0.017756118355639446
1991-10-24,NIFTY 50,-,-,-,531.39,0.009016989100533902,0.01732081663628325
1991-10-26,NIFTY 50,-,-,-,532.87,0.0027812770451679106,0.017246153303927057
1991-10-29,NIFTY 50,-,-,-,554.37,0.03955484187966087,0.01941480312280522
1991-10-30,NIFTY 50,-,-,-,547.86,-0.011812554001140146,0.019285362901430722
1991-10-31,NIFTY 50,-,-,-,554.4,0.011866668019389728,0.017372435819388268
1991-11-01,NIFTY 50,-,-,-,559.59,0.009317924848887667,0.017402632359035535
1991-11-05,NIFTY 50,-,-,-,563.6,0.00714040729994422,0.017285761068927156
1991-11-08,NIFTY 50,-,-,-,561.35,-0.004000183119736656,0.016363310158234005
1991-11-11,NIFTY 50,-,-,-,559.0,-0.004195123749689308,0.01566160297111636
1991-11-12,NIFTY 50,-,-,-,555.8,-0.005740955846695876,0.01578443361470181
1991-11-13,NIFTY 50,-,-,-,556.17,0.0006654856042073187,0.013459696574802848
1991-11-14,NIFTY 50,-,-,-,561.11,0.008842961820595083,0.01312452512932399
1991-11-15,NIFTY 50,-,-,-,557.55,-0.006364779321835005,0.013268618384233646
1991-11-18,NIFTY 50,-,-,-,556.4,-0.0020647253620829026,0.012309127741810255
1991-11-19,NIFTY 50,-,-,-,572.28,0.02814092204884536,0.013270601130744285
1991-11-20,NIFTY 50,-,-,-,569.63,-0.004641354847980161,0.01263701770502546
1991-11-22,NIFTY 50,-,-,-,560.93,-0.015390906696377951,0.013366974086669866
1991-11-26,NIFTY 50,-,-,-,552.26,-0.0155771706764324,0.013804254345292269
1991-11-27,NIFTY 50,-,-,-,551.29,-0.00175796339053088,0.01359804672045747
1991-11-28,NIFTY 50,-,-,-,549.92,-0.002488173385288058,0.013514729931121653
1991-11-29,NIFTY 50,-,-,-,563.17,0.023808723278114955,0.014291847686078534
1991-12-02,NIFTY 50,-,-,-,563.45,0.0004970620187199358,0.014302005598222116
1991-12-03,NIFTY 50,-,-,-,561.06,-0.004250746722948144,0.011444090181536361
1991-12-04,NIFTY 50,-,-,-,559.31,-0.003123970515481943,0.011108087573760882
1991-12-05,NIFTY 50,-,-,-,555.34,-0.007123342371386279,0.010943815564711322
1991-12-06,NIFTY 50,-,-,-,561.97,0.011867928897426131,0.011071161628059604
1991-12-09,NIFTY 50,-,-,-,554.89,-0.012678571781590453,0.011302943977109578
1991-12-10,NIFTY 50,-,-,-,550.49,-0.007961105210903086,0.011396671961546768
1991-12-11,NIFTY 50,-,-,-,547.26,-0.005884781273352657,0.01142800452770822
1991-12-12,NIFTY 50,-,-,-,540.64,-0.012170386454142203,0.011654754058490783
1991-12-16,NIFTY 50,-,-,-,537.64,-0.00556443176303225,0.011680355115128901
1991-12-17,NIFTY 50,-,-,-,533.57,-0.007598920071098556,0.011476518470725129
1991-12-18,NIFTY 50,-,-,-,539.88,0.011756621509232386,0.011865444170243033
1991-12-19,NIFTY 50,-,-,-,551.91,0.02203809686472026,0.012987803402179204
1991-12-20,NIFTY 50,-,-,-,550.25,-0.003012269099230463,0.01111748772058491
1991-12-23,NIFTY 50,-,-,-,560.45,0.01836731206053334,0.01198253161767274
1991-12-24,NIFTY 50,-,-,-,558.63,-0.003252674705323696,0.011503075663294369
1992-01-01,NIFTY 50,-,-,-,572.82,0.02508417347621619,0.012214532530154637
1992-01-02,NIFTY 50,-,-,-,576.28,0.0060221224552752155,0.01221821786553139
1992-01-03,NIFTY 50,-,-,-,584.29,0.01380378122468646,0.01242931066439457
1992-01-06,NIFTY 50,-,-,-,576.26,-0.01383848717849622,0.011958888124657768
1992-01-07,NIFTY 50,-,-,-,574.46,-0.003128478636169476,0.011996707295975554
1992-01-08,NIFTY 50,-,-,-,575.8,0.002329909074782586,0.011936142174093953
1992-01-09,NIFTY 50,-,-,-,581.06,0.00909364356558545,0.012010404714536956
1992-01-13,NIFTY 50,-,-,-,590.46,0.0160478723952883,0.012209347236388215
1992-01-14,NIFTY 50,-,-,-,591.86,0.0023682262912314085,0.012032405903556503
1992-01-15,NIFTY 50,-,-,-,596.63,0.008027035334260574,0.011529705734328726
1992-01-16,NIFTY 50,-,-,-,591.4,-0.008804548346064653,0.011575770383846358
1992-01-17,NIFTY 50,-,-,-,617.27,0.042813922064083625,0.01428415193523722
1992-01-20,NIFTY 50,-,-,-,617.65,0.0006154245003621494,0.013701461143902935
1992-01-21,NIFTY 50,-,-,-,624.04,0.010292514896225999,0.013412694741004387
1992-01-22,NIFTY 50,-,-,-,631.32,0.011598396651667746,0.012958173703237215
1992-01-23,NIFTY 50,-,-,-,635.61,0.00677230217359263,0.012938360583520206
1992-01-24,NIFTY 50,-,-,-,632.34,-0.005157943530408449,0.012831932263826255
1992-01-27,NIFTY 50,-,-,-,645.44,0.020505030591946655,0.01296210259853219
1992-01-29,NIFTY 50,-,-,-,658.92,0.02066987631293436,0.013069021040299948
1992-01-30,NIFTY 50,-,-,-,683.46,0.036566001061094235,0.014230970044250887
1992-01-31,NIFTY 50,-,-,-,684.93,0.0021485111195962917,0.013878335985424027
1992-02-03,NIFTY 50,-,-,-,673.66,-0.016591110663971318,0.015003837319799724
1992-02-04,NIFTY 50,-,-,-,676.15,0.0036894123238681684,0.014961454788510442
1992-02-05,NIFTY 50,-,-,-,679.48,0.004912854831741641,0.014131537714371428
1992-02-06,NIFTY 50,-,-,-,685.43,0.008718578792794963,0.01387597848452238
1992-02-07,NIFTY 50,-,-,-,651.44,-0.05086108138502929,0.019245925562815576
1992-02-10,NIFTY 50,-,-,-,681.49,0.045096280355747545,0.02112558409975584
1992-02-12,NIFTY 50,-,-,-,692.56,0.01611329939289466,0.021126905614212835
1992-02-13,NIFTY 50,-,-,-,697.85,0.00760930304713508,0.021086169990069552
1992-02-17,NIFTY 50,-,-,-,732.76,0.04881404676260514,0.022954420036841658
1992-02-18,NIFTY 50,-,-,-,722.79,-0.013699503180668225,0.02319342296517887
1992-02-19,NIFTY 50,-,-,-,714.22,-0.011927685407925551,0.0223352773773732
1992-02-20,NIFTY 50,-,-,-,730.37,0.0223602169241126,0.0225215260920988
1992-02-21,NIFTY 50,-,-,-,733.6,0.004412665889477916,0.02253364062546027
1992-02-24,NIFTY 50,-,-,-,744.89,0.01527263552910993,0.022578703535973316
1992-02-26,NIFTY 50,-,-,-,779.57,0.04550592914917013,0.024056210575961415
1992-02-27,NIFTY 50,-,-,-,810.57,0.03899521826629827,0.024591882005174762
1992-02-28,NIFTY 50,-,-,-,813.13,0.0031532944770951065,0.02459754715156742
1992-02-29,NIFTY 50,-,-,-,889.3,0.08954363804166585,0.03013887768859655
1992-03-02,NIFTY 50,-,-,-,982.3,0.0994621242752295,0.0353409725049705
1992-03-03,NIFTY 50,-,-,-,995.09,0.012936424648516427,0.03516600476773924
1992-03-09,NIFTY 50,-,-,-,1016.5,0.021287447739061136,0.03417265322376622
1992-03-10,NIFTY 50,-,-,-,951.17,-0.06642782729769196,0.039219655607986556
1992-03-11,NIFTY 50,-,-,-,911.63,-0.04245859976998612,0.0413639323054567
1992-03-12,NIFTY 50,-,-,-,932.37,0.02249552561107632,0.04137387592364808
1992-03-13,NIFTY 50,-,-,-,941.52,0.009765858957607306,0.03837728607806552
1992-03-16,NIFTY 50,-,-,-,945.63,0.004355781467496555,0.037965586269772686
1992-03-17,NIFTY 50,-,-,-,927.49,-0.0193693592845947,0.038798546164421334
1992-03-18,NIFTY 50,-,-,-,906.97,-0.022372639259169755,0.03965286086569426
1992-03-20,NIFTY 50,-,-,-,940.47,0.036270376812561865,0.039154401591536214
1992-03-24,NIFTY 50,-,-,-,1061.2,0.12077587195788399,0.04546093852460563
1992-03-25,NIFTY 50,-,-,-,1100.1,0.03600074148180535,0.04499446764805472
1992-03-27,NIFTY 50,-,-,-,1096.9,-0.0029130653281014478,0.04532562196767527
1992-03-30,NIFTY 50,-,-,-,1201.0,0.09066652366269494,0.04776858296741264
1992-03-31,NIFTY 50,-,-,-,1261.6,0.04922621356884499,0.048020560057480566
1992-04-02,NIFTY 50,-,-,-,1275.5,0.010957501933037432,0.04791629871965541
1992-04-03,NIFTY 50,-,-,-,1236.3,-0.031215210568984797,0.04935775251524784
1992-04-06,NIFTY 50,-,-,-,1171.3,-0.0540088049370524,0.05203452488723152
1992-04-07,NIFTY 50,-,-,-,1159.9,-0.009780448587998305,0.049552571778219305
1992-04-08,NIFTY 50,-,-,-,1242.8,0.06903310403106175,0.04717749768828801
1992-04-10,NIFTY 50,-,-,-,1235.0,-0.0062959284568147,0.04734798209682615
1992-04-13,NIFTY 50,-,-,-,1203.0,-0.02625253308739867,0.047982817620065545
1992-04-22,NIFTY 50,-,-,-,1278.1,0.06055616316298971,0.045913950664619625
1992-04-23,NIFTY 50,-,-,-,1280.9,0.0021883556994219287,0.04403173409196913
1992-04-28,NIFTY 50,-,-,-,1130.1,-0.12525683147098543,0.054267169210787385
1992-04-29,NIFTY 50,-,-,-,1065.6,-0.0587681035799804,0.05637990748098528
1992-04-30,NIFTY 50,-,-,-,1105.5,0.036759700511376316,0.05678854329417829
1992-05-06,NIFTY 50,-,-,-,1011.1,-0.08925887420014755,0.060573255898371016
1992-05-07,NIFTY 50,-,-,-,1032.1,0.020556714474534006,0.06033792208967706
1992-05-11,NIFTY 50,-,-,-,955.48,-0.07713700856012845,0.06267285225629095
1992-05-12,NIFTY 50,-,-,-,849.75,-0.11727164343553367,0.06127559155905896
1992-05-13,NIFTY 50,-,-,-,954.68,0.1164340172191176,0.06691076190758659
1992-05-14,NIFTY 50,-,-,-,947.22,-0.007844827023652528,0.06690364940662154
1992-05-18,NIFTY 50,-,-,-,950.05,0.002983236016850268,0.0628965368751511
1992-05-19,NIFTY 50,-,-,-,980.41,0.03145623673179844,0.0621108851590576
1992-05-20,NIFTY 50,-,-,-,979.91,-0.0005101208076667427,0.0619345680136275
1992-05-22,NIFTY 50,-,-,-,947.48,-0.03365490215829138,0.06197434561560449
1992-05-25,NIFTY 50,-,-,-,937.11,-0.011005157261819828,0.061229282796242866
1992-05-26,NIFTY 50,-,-,-,907.04,-0.03261412071656783,0.06141493180746836
1992-05-27,NIFTY 50,-,-,-,863.42,-0.0492853034884811,0.05881197203921978
1992-05-28,NIFTY 50,-,-,-,839.85,-0.02767794262450035,0.05877831035900497
1992-05-29,NIFTY 50,-,-,-,826.16,-0.016434845099863527,0.058758008562473325
1992-06-01,NIFTY 50,-,-,-,829.92,0.004540851239941591,0.056049451695650045
1992-06-02,NIFTY 50,-,-,-,867.55,0.04434383644459078,0.057757336480746393
1992-06-03,NIFTY 50,-,-,-,860.01,-0.008729129960754102,0.05212874835539217
1992-06-04,NIFTY 50,-,-,-,830.05,-0.03545807714684162,0.05132136951868581
1992-06-05,NIFTY 50,-,-,-,853.54,0.027906467042755196,0.050910753937023275
1992-06-08,NIFTY 50,-,-,-,858.61,0.005922395606788685,0.047751060211156
1992-06-09,NIFTY 50,-,-,-,873.7,0.0174222647144202,0.047656851863300674
1992-06-10,NIFTY 50,-,-,-,867.61,-0.00699476236888355,0.04482352141406503
1992-06-25,NIFTY 50,-,-,-,859.48,-0.009414749725637881,0.03625107546402261
1992-06-26,NIFTY 50,-,-,-,855.84,-0.004244112426587491,0.023884631729804397
1992-07-15,NIFTY 50,-,-,-,816.88,-0.046591237535657505,0.02559780488741277
1992-07-16,NIFTY 50,-,-,-,792.84,-0.029870769417487893,0.02594805599623069
1992-07-17,NIFTY 50,-,-,-,786.32,-0.00825760157142074,0.02414230622841127
1992-07-20,NIFTY 50,-,-,-,798.13,0.014907657191657238,0.024734790837804554
1992-07-21,NIFTY 50,-,-,-,803.35,0.0065189930393129885,0.024363325021093372
1992-07-22,NIFTY 50,-,-,-,791.12,-0.015340821527608775,0.02440837089162733
1992-07-23,NIFTY 50,-,-,-,755.21,-0.04645380669268887,0.025308543164740075
1992-07-27,NIFTY 50,-,-,-,783.59,0.036890068106841346,0.025452849754911074
1992-07-28,NIFTY 50,-,-,-,793.18,0.01216425763013209,0.025129312568885797
1992-07-29,NIFTY 50,-,-,-,775.44,-0.022619571821667205,0.02534232261340439
1992-07-30,NIFTY 50,-,-,-,759.9,-0.0202437645086134,0.025550651254803342
1992-07-31,NIFTY 50,-,-,-,767.94,0.010524759420016176,0.02316189970617649
1992-08-03,NIFTY 50,-,-,-,765.72,-0.002895037427499656,0.02316375748329789
1992-08-04,NIFTY 50,-,-,-,753.56,-0.016007924371082297,0.022243350517910414
1992-08-05,NIFTY 50,-,-,-,735.25,-0.024598065863069164,0.02125215062221761
1992-08-06,NIFTY 50,-,-,-,705.86,-0.040793659888249206,0.02224792595634139
1992-08-07,NIFTY 50,-,-,-,719.79,0.01954258525458454,0.02238905177872148
1992-08-10,NIFTY 50,-,-,-,742.01,0.030403217365074384,0.02412065131312418
1992-08-11,NIFTY 50,-,-,-,750.32,0.011137062035169018,0.024484126699606385
1992-08-12,NIFTY 50,-,-,-,747.04,-0.00438105097805625,0.02448339600469453
1992-08-14,NIFTY 50,-,-,-,780.95,0.044392396081104714,0.02514420892214028
1992-08-17,NIFTY 50,-,-,-,810.96,0.0377076037704127,0.025769859078540024
1992-08-18,NIFTY 50,-,-,-,821.45,0.01285234027820173,0.025797426970269485
1992-08-19,NIFTY 50,-,-,-,838.34,0.020352674768047054,0.025966931983898413
1992-08-20,NIFTY 50,-,-,-,842.32,0.00473624342811099,0.02595531384039738
1992-08-21,NIFTY 50,-,-,-,854.0,0.013771204240065945,0.025725182775877008
1992-08-24,NIFTY 50,-,-,-,862.49,0.009892360846833034,0.02285437830941943
1992-08-25,NIFTY 50,-,-,-,837.27,-0.029676955518716314,0.023063539391535784
1992-08-26,NIFTY 50,-,-,-,821.13,-0.01946515871570797,0.023504860666548576
1992-08-27,NIFTY 50,-,-,-,842.54,0.02573969844331278,0.023354896794348375
1992-08-28,NIFTY 50,-,-,-,850.86,0.009826463857018264,0.022659443163449956
1992-09-01,NIFTY 50,-,-,-,862.98,0.01414391314254315,0.022714779913156822
1992-09-02,NIFTY 50,-,-,-,856.82,-0.007163654312348262,0.022820921995960794
1992-09-03,NIFTY 50,-,-,-,873.38,0.01914288024242701,0.022417542073272238
1992-09-04,NIFTY 50,-,-,-,895.35,0.024843961508836887,0.02140921174592324
1992-09-07,NIFTY 50,-,-,-,911.57,0.017953684376553068,0.017825226442022755
1992-09-08,NIFTY 50,-,-,-,902.6,-0.009888900266420888,0.018442395264127946
1992-09-09,NIFTY 50,-,-,-,901.32,-0.0014191319069800394,0.01807811339094989
1992-09-11,NIFTY 50,-,-,-,906.78,0.006039507324163534,0.018093083834506786
1992-09-14,NIFTY 50,-,-,-,923.35,0.018108498081797535,0.017884596185996637
1992-09-15,NIFTY 50,-,-,-,961.56,0.0405486046860978,0.017519205345866137
1992-09-16,NIFTY 50,-,-,-,958.28,-0.0034169547371910554,0.016531244134169013
1992-09-17,NIFTY 50,-,-,-,952.64,-0.005902933013376839,0.01679206892301186
1992-09-18,NIFTY 50,-,-,-,957.4,0.004984199130997078,0.01651794547288166
1992-09-21,NIFTY 50,-,-,-,932.13,-0.02674898702140173,0.018130570772869708
1992-09-22,NIFTY 50,-,-,-,939.99,0.008396946972583372,0.01803432500786304
1992-09-24,NIFTY 50,-,-,-,928.79,-0.011986573164402523,0.01836943635525405
1992-09-25,NIFTY 50,-,-,-,934.48,0.0061075611022530524,0.016605047961650563
1992-09-28,NIFTY 50,-,-,-,926.93,-0.008112174538400357,0.015885428449240617
1992-09-29,NIFTY 50,-,-,-,912.06,-0.016172272925057317,0.015917101786170038
1992-09-30,NIFTY 50,-,-,-,938.14,0.028193414216354816,0.016779606550950878
1992-10-01,NIFTY 50,-,-,-,944.85,0.007126993135709881,0.016648616121922408
1992-10-06,NIFTY 50,-,-,-,928.08,-0.017908248768896306,0.017209774377221678
1992-10-08,NIFTY 50,-,-,-,916.32,-0.012752287321604095,0.01720995269195215
1992-10-09,NIFTY 50,-,-,-,932.55,0.01755712073790897,0.01678159274900579
1992-10-12,NIFTY 50,-,-,-,902.26,-0.03302004251937405,0.018058955813885235
1992-10-13,NIFTY 50,-,-,-,904.68,0.002678563147528741,0.017933767684012922
1992-10-14,NIFTY 50,-,-,-,883.66,-0.023508916742050523,0.018697202685948083
1992-10-15,NIFTY 50,-,-,-,879.08,-0.005196467211550133,0.018643615977273872
1992-10-20,NIFTY 50,-,-,-,869.18,-0.011325667604520879,0.01816564430536498
1992-10-21,NIFTY 50,-,-,-,840.12,-0.034005499676382736,0.016308458981953357
1992-10-22,NIFTY 50,-,-,-,850.97,0.012832136530930351,0.01687807664340974
1992-10-25,NIFTY 50,-,-,-,854.45,0.004081111784881104,0.017026172417631054
1992-10-28,NIFTY 50,-,-,-,824.03,-0.03625105007920261,0.018156695455149082
1992-10-29,NIFTY 50,-,-,-,817.73,-0.007674728246799497,0.017584366891871966
1992-10-30,NIFTY 50,-,-,-,809.87,-0.00965846780810425,0.017236816250889568
1992-11-03,NIFTY 50,-,-,-,835.5,0.031156607076636804,0.019224234071114853
1992-11-04,NIFTY 50,-,-,-,836.69,0.0014232834796110878,0.019106205224900287
1992-11-05,NIFTY 50,-,-,-,805.87,-0.037531192339694826,0.020404096306235086
1992-11-06,NIFTY 50,-,-,-,794.78,-0.013857092377471337,0.020355817247937627
1992-11-09,NIFTY 50,-,-,-,773.63,-0.026971623679595987,0.019048378121735064
1992-11-11,NIFTY 50,-,-,-,747.11,-0.0348812931371105,0.0194147346577542
1992-11-12,NIFTY 50,-,-,-,761.61,0.019222183661868585,0.020536788121243543
1992-11-13,NIFTY 50,-,-,-,749.06,-0.016615526525136353,0.02058329997997742
1992-11-18,NIFTY 50,-,-,-,724.68,-0.033088909010109024,0.0201146602762984
1992-11-19,NIFTY 50,-,-,-,698.27,-0.037124330656566035,0.02035337157661849
1992-11-20,NIFTY 50,-,-,-,712.21,0.01976696429357872,0.021371233554443383
1992-11-23,NIFTY 50,-,-,-,727.85,0.021722171265847107,0.02245078807010197
1992-11-24,NIFTY 50,-,-,-,734.06,0.008495786132207445,0.022801338593997873
1992-11-25,NIFTY 50,-,-,-,742.4,0.01129741232911339,0.02323761797011368
1992-11-26,NIFTY 50,-,-,-,723.14,-0.02628534043754694,0.022841598223762066
1992-11-27,NIFTY 50,-,-,-,720.86,-0.003157897361135244,0.022367505219127958
1992-11-30,NIFTY 50,-,-,-,726.38,0.007628350195086249,0.022484576731670595
1992-12-01,NIFTY 50,-,-,-,737.28,0.014894444759022107,0.02202033144843502
1992-12-02,NIFTY 50,-,-,-,751.85,0.01956909734091205,0.022714474740799896
1992-12-03,NIFTY 50,-,-,-,762.16,0.013619671430194767,0.023014459244184687
1992-12-04,NIFTY 50,-,-,-,785.57,0.030253061539867336,0.022944587736411594
1992-12-10,NIFTY 50,-,-,-,745.06,-0.0529448168890031,0.025465085420374
1992-12-11,NIFTY 50,-,-,-,740.91,-0.005585591619737985,0.02434732962991162
1992-12-14,NIFTY 50,-,-,-,722.26,-0.025493975557832952,0.02472630124130128
1992-12-15,NIFTY 50,-,-,-,718.83,-0.004760294606300119,0.024169851390494854
1992-12-16,NIFTY 50,-,-,-,690.67,-0.039962749311073166,0.024539061669578765
1992-12-17,NIFTY 50,-,-,-,695.82,0.007428865242223079,0.02409111009206158
1992-12-18,NIFTY 50,-,-,-,719.07,0.03286770422634194,0.025294143522740013
1992-12-21,NIFTY 50,-,-,-,739.48,0.02798852606123593,0.025034296446385138
1992-12-22,NIFTY 50,-,-,-,746.52,0.009475171830683913,0.023414323955371467
1992-12-23,NIFTY 50,-,-,-,748.0,0.00198056965954854,0.023093169779127353
1992-12-24,NIFTY 50,-,-,-,761.31,0.017637655677665315,0.022931272345460114
1993-01-04,NIFTY 50,-,-,-,744.92,-0.021763803588837453,0.02348877458345205
1993-01-05,NIFTY 50,-,-,-,733.49,-0.015462865838369406,0.023617223281431843
1993-01-06,NIFTY 50,-,-,-,717.85,-0.02155333065123263,0.02336879650393635
1993-01-07,NIFTY 50,-,-,-,705.0,-0.018062830761434355,0.023697828600143054
1993-01-08,NIFTY 50,-,-,-,709.65,0.0065740879329981685,0.023678527277699632
1993-01-14,NIFTY 50,-,-,-,721.21,0.016158466267023316,0.023725289010663068
1993-01-15,NIFTY 50,-,-,-,740.35,0.026192690342437985,0.024072705614273864
1993-01-18,NIFTY 50,-,-,-,758.07,0.023652682308763974,0.02448930324199651
1993-01-19,NIFTY 50,-,-,-,750.55,-0.009969458557306776,0.023481684310918023
1993-01-20,NIFTY 50,-,-,-,742.21,-0.011174049113164827,0.02039266486544792
1993-01-21,NIFTY 50,-,-,-,745.06,0.0038325300563678147,0.020370281179763618
1993-01-22,NIFTY 50,-,-,-,746.72,0.0022255301521173546,0.01944645470665909
1993-01-25,NIFTY 50,-,-,-,751.26,0.006061514707405852,0.019408776160914687
1993-01-27,NIFTY 50,-,-,-,763.71,0.016436339046615955,0.01689367456978903
1993-01-28,NIFTY 50,-,-,-,777.92,0.01843555517223117,0.017153344031506312
1993-01-29,NIFTY 50,-,-,-,785.28,0.009416650954733373,0.015948853531641143
1993-02-01,NIFTY 50,-,-,-,772.75,-0.016084761070266226,0.015558711505461363
1993-02-02,NIFTY 50,-,-,-,780.12,0.009492172992152003,0.015559130343097067
1993-02-03,NIFTY 50,-,-,-,780.44,0.00041010919732043004,0.01556426478251508
1993-02-04,NIFTY 50,-,-,-,772.8,-0.009837580303389827,0.015333610973098532
1993-02-05,NIFTY 50,-,-,-,775.17,0.0030620772389934035,0.014391118492301184
1993-02-08,NIFTY 50,-,-,-,792.17,0.0216936551085143,0.014417756114410723
1993-02-09,NIFTY 50,-,-,-,807.34,0.018968877803333395,0.013476811864744583
1993-02-10,NIFTY 50,-,-,-,819.42,0.01485187986923882,0.012363597317648623
1993-02-11,NIFTY 50,-,-,-,813.08,-0.007767267227626874,0.012828489723795937
1993-02-12,NIFTY 50,-,-,-,802.44,-0.013172419836873724,0.01336787868914252
1993-02-15,NIFTY 50,-,-,-,773.89,-0.03622734122705213,0.015377773123663868
1993-02-16,NIFTY 50,-,-,-,764.12,-0.012704899731384436,0.014850132136412784
1993-02-17,NIFTY 50,-,-,-,771.31,0.009365523084272763,0.014768856471721659
1993-02-18,NIFTY 50,-,-,-,779.04,0.009972024454666812,0.014579712351805229
1993-02-22,NIFTY 50,-,-,-,791.08,0.015336708019433553,0.01486250372709872
1993-02-23,NIFTY 50,-,-,-,800.09,0.011325120886452681,0.014976496974012777
1993-02-24,NIFTY 50,-,-,-,803.47,0.00421562648811345,0.014965250705888281
1993-02-25,NIFTY 50,-,-,-,815.84,0.015278409478455383,0.014914149521568224
1993-02-26,NIFTY 50,-,-,-,821.99,0.007509972225212946,0.014525673442207173
1993-02-27,NIFTY 50,-,-,-,774.18,-0.05992382484024904,0.020069343563456177
1993-03-01,NIFTY 50,-,-,-,749.89,-0.03187787558472747,0.02099538518360899
1993-03-02,NIFTY 50,-,-,-,742.92,-0.009338161787941116,0.02089842969821328
1993-03-03,NIFTY 50,-,-,-,748.32,0.007242326658435091,0.021003099839834508
1993-03-04,NIFTY 50,-,-,-,739.3,-0.012126901414521817,0.021053658499826322
1993-03-05,NIFTY 50,-,-,-,721.09,-0.0249398364386196,0.02160798256580647
1993-03-09,NIFTY 50,-,-,-,681.61,-0.05630630935544971,0.02373393759871667
1993-03-10,NIFTY 50,-,-,-,670.54,-0.016374288854249592,0.022961369628223083
1993-03-11,NIFTY 50,-,-,-,680.78,0.015155841709620246,0.022978279668212667
1993-03-12,NIFTY 50,-,-,-,697.11,0.023704017909275635,0.024134924937779627
1993-03-15,NIFTY 50,-,-,-,706.4,0.013238431756118964,0.024538574361361754
1993-03-16,NIFTY 50,-,-,-,716.66,0.014419880795000157,0.02390064338564628
1993-03-17,NIFTY 50,-,-,-,702.47,-0.019998834415052562,0.024097843493222755
1993-03-18,NIFTY 50,-,-,-,698.33,-0.005910925262651148,0.023886203806931548
1993-03-19,NIFTY 50,-,-,-,694.16,-0.005989288921812398,0.023625925580470317
1993-03-22,NIFTY 50,-,-,-,699.88,0.008206410291184707,0.023342795890535215
1993-03-23,NIFTY 50,-,-,-,691.93,-0.011424097344733914,0.02299949189537234
1993-03-26,NIFTY 50,-,-,-,679.03,-0.018819485227510067,0.02297122453714077
1993-03-29,NIFTY 50,-,-,-,660.32,-0.027940743199903237,0.0226558442056823
1993-03-30,NIFTY 50,-,-,-,644.08,-0.024901624012546444,0.022452451584512128
1993-03-31,NIFTY 50,-,-,-,660.51,0.025189321901465406,0.02094544100734268
1993-04-02,NIFTY 50,-,-,-,671.36,0.016293241874686955,0.020817105717453214
1993-04-07,NIFTY 50,-,-,-,694.9,0.03446244455240387,0.022621306760344045
1993-04-08,NIFTY 50,-,-,-,670.59,-0.03561002841842605,0.023575424603595175
1993-04-12,NIFTY 50,-,-,-,648.21,-0.033943203976167104,0.02438963177803599
1993-04-13,NIFTY 50,-,-,-,648.87,0.0010176705476314621,0.024049173404941913
1993-04-15,NIFTY 50,-,-,-,666.66,0.02704778235065227,0.02186360555712754
1993-04-16,NIFTY 50,-,-,-,669.45,0.004176308919416334,0.02158960716987259
1993-04-19,NIFTY 50,-,-,-,661.05,-0.012626999787283013,0.021450970974245837
1993-04-20,NIFTY 50,-,-,-,644.64,-0.025137458513068502,0.02121299801455108
1993-04-21,NIFTY 50,-,-,-,641.54,-0.004820485473122058,0.0208253337667993
1993-04-22,NIFTY 50,-,-,-,631.6,-0.015615253588427946,0.020444694333591983
1993-04-23,NIFTY 50,-,-,-,618.98,-0.02018332039658192,0.020451232688750938
1993-04-26,NIFTY 50,-,-,-,599.51,-0.03196030708931605,0.021237748163273975
1993-04-27,NIFTY 50,-,-,-,605.22,0.009479373399210045,0.02157952177162366
1993-04-28,NIFTY 50,-,-,-,619.99,0.024111320582005897,0.022439714189841174
1993-04-29,NIFTY 50,-,-,-,627.55,0.012120000229650214,0.022758815963636755
1993-04-30,NIFTY 50,-,-,-,622.42,-0.008208243082456277,0.022539455007893703
1993-05-03,NIFTY 50,-,-,-,613.44,-0.014532646166719062,0.021993725405269803
1993-05-04,NIFTY 50,-,-,-,626.05,0.020347780257676824,0.02202336938667096
1993-05-05,NIFTY 50,-,-,-,637.85,0.018672905869342553,0.021654096014352753
1993-05-07,NIFTY 50,-,-,-,653.98,0.02497362396553474,0.022116729521111905
1993-05-10,NIFTY 50,-,-,-,659.51,0.008420365094852741,0.02061536557234281
1993-05-11,NIFTY 50,-,-,-,676.42,0.02531704984538443,0.019974479647910052
1993-05-12,NIFTY 50,-,-,-,676.02,-0.000591523485941392,0.018273274833164762
1993-05-13,NIFTY 50,-,-,-,675.79,-0.0003402845107218022,0.018280031264341186
1993-05-14,NIFTY 50,-,-,-,693.81,0.026315770913982336,0.018227967839782425
1993-05-17,NIFTY 50,-,-,-,680.8,-0.01892957054822576,0.018805576465678306
1993-05-18,NIFTY 50,-,-,-,683.92,0.004572374458813819,0.018548802235497198
1993-05-21,NIFTY 50,-,-,-,695.25,0.016430541396095955,0.01769240139720929
1993-05-24,NIFTY 50,-,-,-,690.26,-0.007203154904225995,0.017761242356934097
1993-05-25,NIFTY 50,-,-,-,674.84,-0.02259271247207408,0.018222319894726054
1993-05-26,NIFTY 50,-,-,-,665.65,-0.01371161885984796,0.017836536490320912
1993-05-27,NIFTY 50,-,-,-,658.75,-0.01041990702235402,0.016144141870515338
1993-05-28,NIFTY 50,-,-,-,647.67,-0.016962792479094723,0.01680244307057759
1993-05-31,NIFTY 50,-,-,-,656.16,0.013023354267271655,0.01625680281940061
1993-06-02,NIFTY 50,-,-,-,670.25,0.021246115472319613,0.016654352310750922
1993-06-03,NIFTY 50,-,-,-,674.39,0.006157801466386082,0.01644070316909139
1993-06-04,NIFTY 50,-,-,-,695.68,0.031081205910335006,0.01689075853657199
1993-06-07,NIFTY 50,-,-,-,714.68,0.02694510557217648,0.01724053956893743
1993-06-08,NIFTY 50,-,-,-,707.29,-0.010394124395271603,0.0173954995398537
1993-06-09,NIFTY 50,-,-,-,701.9,-0.007649821933318947,0.01696468627165207
1993-06-10,NIFTY 50,-,-,-,715.23,0.018813225551931656,0.017278451900498756
1993-06-11,NIFTY 50,-,-,-,715.76,0.0007407459510330652,0.016545121986902375
1993-06-14,NIFTY 50,-,-,-,703.51,-0.017262824144843574,0.017135808665848073
1993-06-15,NIFTY 50,-,-,-,689.74,-0.01976737610872268,0.017812297472104426
1993-06-16,NIFTY 50,-,-,-,685.42,-0.00628292593014294,0.016840910793345026
1993-06-17,NIFTY 50,-,-,-,668.41,-0.02513003134517182,0.01724808623427515
1993-06-18,NIFTY 50,-,-,-,666.18,-0.0033418534162302197,0.017206221033089455
1993-06-21,NIFTY 50,-,-,-,663.2,-0.004483300473143905,0.01669908741444516
1993-06-22,NIFTY 50,-,-,-,672.15,0.013404926079176293,0.017017270564138157
1993-06-23,NIFTY 50,-,-,-,668.54,-0.00538529969582758,0.016305758610400966
1993-06-24,NIFTY 50,-,-,-,667.11,-0.002141280344983722,0.016013830773135555
1993-06-25,NIFTY 50,-,-,-,661.25,-0.008822966686941184,0.01596246523623547
1993-06-28,NIFTY 50,-,-,-,648.48,-0.019500820292510736,0.01611535813962081
1993-06-29,NIFTY 50,-,-,-,661.75,0.020256678227212284,0.01649815896918116
1993-06-30,NIFTY 50,-,-,-,667.5,0.008651549167193899,0.015890746496338003
1993-07-02,NIFTY 50,-,-,-,668.67,0.0017512746118065723,0.0158282999989434
1993-07-05,NIFTY 50,-,-,-,674.7,0.008977482747168489,0.01420056315117356
1993-07-06,NIFTY 50,-,-,-,675.63,0.0013774412877506524,0.01255796008126489
1993-07-07,NIFTY 50,-,-,-,674.59,-0.001540490002621009,0.012431938420575562
1993-07-08,NIFTY 50,-,-,-,667.04,-0.01125508478602272,0.01253825782154109
1993-07-09,NIFTY 50,-,-,-,666.1,-0.0014102047133529604,0.011497212719705396
1993-07-12,NIFTY 50,-,-,-,656.59,-0.014380034440204735,0.011695097547690601
1993-07-13,NIFTY 50,-,-,-,657.6,0.001537068763041053,0.011350009622654988
1993-07-14,NIFTY 50,-,-,-,657.68,0.00012164710190763974,0.010690232120294779
1993-07-15,NIFTY 50,-,-,-,650.69,-0.010685152526189927,0.010819367631255943
1993-07-16,NIFTY 50,-,-,-,645.75,-0.0076209063417380365,0.009532193665351544
1993-07-19,NIFTY 50,-,-,-,637.04,-0.013579984026760542,0.009891750947232108
1993-07-20,NIFTY 50,-,-,-,638.96,0.003009406659944139,0.009943922991251141
1993-07-21,NIFTY 50,-,-,-,644.03,0.007903454261157818,0.009568383047638783
1993-07-22,NIFTY 50,-,-,-,655.49,0.017637738686966647,0.010496872348337113
1993-07-26,NIFTY 50,-,-,-,657.45,0.002985667975669818,0.01052971722393882
1993-07-27,NIFTY 50,-,-,-,659.03,0.0024003414539007528,0.010373583092612793
1993-07-28,NIFTY 50,-,-,-,655.97,-0.004654000795783101,0.009403141977919685
1993-07-29,NIFTY 50,-,-,-,678.24,0.03338615141328146,0.011146318002475876
1993-07-30,NIFTY 50,-,-,-,706.83,0.04128897676219011,0.014247633623679657
1993-08-03,NIFTY 50,-,-,-,713.06,0.008775383979892836,0.014305255061862879
1993-08-04,NIFTY 50,-,-,-,711.23,-0.0025697028091388133,0.014293404534110682
1993-08-06,NIFTY 50,-,-,-,726.76,0.021600433696968457,0.01490201072046314
1993-08-10,NIFTY 50,-,-,-,724.37,-0.003293987666203054,0.014939252331651519
1993-08-12,NIFTY 50,-,-,-,746.15,0.029624340809440316,0.015588055635878865
1993-08-13,NIFTY 50,-,-,-,754.5,0.0111286258304266,0.015543195526153618
1993-08-16,NIFTY 50,-,-,-,760.13,0.007434193076218786,0.014766743231051512
1993-08-17,NIFTY 50,-,-,-,782.82,0.029413313221589396,0.015489916194259077
1993-08-18,NIFTY 50,-,-,-,801.62,0.02373189561344046,0.01569878941394157
1993-08-19,NIFTY 50,-,-,-,826.17,0.030165883363633583,0.015536793909963808
1993-08-20,NIFTY 50,-,-,-,833.27,0.008557155817250408,0.014871782626731351
1993-08-24,NIFTY 50,-,-,-,807.77,-0.031080354765774816,0.01688139975094206
1993-08-25,NIFTY 50,-,-,-,812.74,0.006133890667569491,0.016809367963439646
1993-08-26,NIFTY 50,-,-,-,808.76,-0.004909044702730667,0.01721412794772126
1993-08-27,NIFTY 50,-,-,-,809.37,0.0007539567635433494,0.017305251902978182
1993-08-30,NIFTY 50,-,-,-,799.65,-0.012082035325763778,0.017966943426155794
1993-09-01,NIFTY 50,-,-,-,797.94,-0.002140725283752755,0.01809349492458373
1993-09-02,NIFTY 50,-,-,-,811.96,0.01741767121144012,0.017852202909393246
1993-09-03,NIFTY 50,-,-,-,807.64,-0.005334663182393703,0.017351224332284785
1993-09-06,NIFTY 50,-,-,-,795.97,-0.01455491799022853,0.016297389300060024
1993-09-07,NIFTY 50,-,-,-,770.95,-0.03193797607458304,0.01833920024893626
1993-09-08,NIFTY 50,-,-,-,784.76,0.0177544179352663,0.018523833317094722
1993-09-09,NIFTY 50,-,-,-,806.83,0.027735050772662632,0.01886229127268451
1993-09-10,NIFTY 50,-,-,-,819.98,0.01616696039165881,0.018901571989689503
1993-09-13,NIFTY 50,-,-,-,847.46,0.03296369078369411,0.01913272803126322
1993-09-14,NIFTY 50,-,-,-,852.38,0.005788796285719802,0.019099996718800128
1993-09-15,NIFTY 50,-,-,-,849.87,-0.00294904017516617,0.019202629181297684
1993-09-16,NIFTY 50,-,-,-,835.34,-0.017244569009170343,0.01898771939896071
1993-09-17,NIFTY 50,-,-,-,841.96,0.007893679573614839,0.01840987754450577
1993-09-20,NIFTY 50,-,-,-,843.78,0.002159289934569749,0.017217674626093662
1993-09-21,NIFTY 50,-,-,-,837.77,-0.007148197307152523,0.017215631668996475
1993-09-22,NIFTY 50,-,-,-,838.54,0.0009186845561445797,0.015555682333508571
1993-09-24,NIFTY 50,-,-,-,828.84,-0.011635151470321627,0.01580473016806147
1993-09-27,NIFTY 50,-,-,-,834.08,0.006302188130914025,0.015783640546435128
1993-09-28,NIFTY 50,-,-,-,838.78,0.005619134137630761,0.015808338327957607
1993-09-29,NIFTY 50,-,-,-,819.92,-0.02274168063411922,0.01646645941012211
1993-09-30,NIFTY 50,-,-,-,827.13,0.008755102826159463,0.0165284435137687
1993-10-01,NIFTY 50,-,-,-,814.33,-0.01559618809608944,0.016534785135107526
1993-10-04,NIFTY 50,-,-,-,807.77,-0.00808832471911628,0.01659417952499295
1993-10-05,NIFTY 50,-,-,-,806.32,-0.0017966784876387002,0.016246469294969774
1993-10-06,NIFTY 50,-,-,-,802.38,-0.004898374933862386,0.014413950321483904
1993-10-07,NIFTY 50,-,-,-,810.3,0.009822238353919308,0.01406242544804709
1993-10-08,NIFTY 50,-,-,-,815.58,0.006494967108532153,0.012723173363593078
1993-10-11,NIFTY 50,-,-,-,821.95,0.0077800493803079854,0.012312577606523155
1993-10-12,NIFTY 50,-,-,-,829.23,0.008817993401716876,0.009862708025198584
1993-10-19,NIFTY 50,-,-,-,839.9,0.012785277774345008,0.010236434965618945
1993-10-20,NIFTY 50,-,-,-,837.34,-0.003052636459857072,0.010237639092868813
1993-10-21,NIFTY 50,-,-,-,821.33,-0.019305223136217495,0.01042118102465806
1993-10-22,NIFTY 50,-,-,-,831.0,0.011704817319941477,0.010622299530515529
1993-10-25,NIFTY 50,-,-,-,837.21,0.007445140222222524,0.010760865172163967
1993-10-26,NIFTY 50,-,-,-,826.85,-0.012451634981465367,0.010998858094241356
1993-10-27,NIFTY 50,-,-,-,828.06,0.0014623154317981403,0.011003625183862406
1993-10-28,NIFTY 50,-,-,-,825.12,-0.003556785225354738,0.010723035807354384
1993-10-29,NIFTY 50,-,-,-,817.18,-0.009669441471690608,0.010805767940377181
1993-11-01,NIFTY 50,-,-,-,801.68,-0.019149863080884805,0.011407045957142677
1993-11-02,NIFTY 50,-,-,-,799.59,-0.0026104294551586847,0.010343398141530647
1993-11-03,NIFTY 50,-,-,-,808.04,0.01051246595134616,0.010439928026021904
1993-11-04,NIFTY 50,-,-,-,811.32,0.004050988644326058,0.009922317936784155
1993-11-05,NIFTY 50,-,-,-,822.96,0.014245045932187757,0.01023777111924968
1993-11-08,NIFTY 50,-,-,-,842.28,0.023204903707555742,0.011352797500826944
1993-11-09,NIFTY 50,-,-,-,853.32,0.013022123153096497,0.011471172628168883
1993-11-10,NIFTY 50,-,-,-,861.62,0.009679714517012555,0.01146680560807226
1993-11-16,NIFTY 50,-,-,-,885.32,0.02713482337340511,0.01265811560635721
1993-11-17,NIFTY 50,-,-,-,892.48,0.00805494286527967,0.012662467519509906
1993-11-18,NIFTY 50,-,-,-,909.09,0.01843999473818803,0.01302802275434035
1993-11-19,NIFTY 50,-,-,-,918.03,0.009785970647769236,0.012945813901085202
1993-11-22,NIFTY 50,-,-,-,937.29,0.02076266292773723,0.013309807453011288
1993-11-23,NIFTY 50,-,-,-,939.07,0.0018972910677668203,0.011998276933538964
1993-11-24,NIFTY 50,-,-,-,938.47,-0.0006391342079792389,0.012044582160409545
1993-11-25,NIFTY 50,-,-,-,943.61,0.005462055575652671,0.012040923702276081
1993-11-26,NIFTY 50,-,-,-,988.88,0.0468600443913086,0.014345413130797477
1993-12-01,NIFTY 50,-,-,-,1007.9,0.019051247781264474,0.014401418845094733
1993-12-02,NIFTY 50,-,-,-,1010.8,0.0028731381532068443,0.014156606433094705
1993-12-03,NIFTY 50,-,-,-,990.68,-0.02010579948486801,0.015087298674844839
1993-12-06,NIFTY 50,-,-,-,969.93,-0.021167672084211386,0.015295172734594823
1993-12-07,NIFTY 50,-,-,-,991.55,0.022045471386879234,0.015259106518779866
1993-12-08,NIFTY 50,-,-,-,1013.2,0.021599542795681378,0.015449897813330334
1993-12-09,NIFTY 50,-,-,-,1018.2,0.004922723340715537,0.015429548834835433
1993-12-10,NIFTY 50,-,-,-,1049.0,0.0298009669280614,0.015965596748422566
1993-12-13,NIFTY 50,-,-,-,1069.7,0.019540905915788113,0.015852499802411168
1993-12-24,NIFTY 50,-,-,-,1042.5,-0.025756560639128633,0.017947673489087924
1994-01-03,NIFTY 50,-,-,-,1083.7,0.038759437255993,0.019062607563967215
1994-01-04,NIFTY 50,-,-,-,1091.8,0.007446598418707638,0.018716082909665574
1994-01-05,NIFTY 50,-,-,-,1082.8,-0.008277431607511158,0.019178142293195213
1994-01-06,NIFTY 50,-,-,-,1098.9,0.014759400712732493,0.019107035459266352
1994-01-07,NIFTY 50,-,-,-,1146.3,0.04222968466808546,0.020463379486812393
1994-01-10,NIFTY 50,-,-,-,1193.6,0.04043458632853239,0.021403298742321636
1994-01-11,NIFTY 50,-,-,-,1184.9,-0.00731556762680201,0.02173077509769705
1994-01-12,NIFTY 50,-,-,-,1219.4,0.028700551651021453,0.021849196547231643
1994-01-13,NIFTY 50,-,-,-,1225.8,0.00523475757791561,0.021853433499856193
1994-01-14,NIFTY 50,-,-,-,1232.1,0.005126338578991143,0.02040267413984626
1994-01-17,NIFTY 50,-,-,-,1252.6,0.016501360460689906,0.02035759977270572
1994-01-18,NIFTY 50,-,-,-,1237.5,-0.012128175648467007,0.020935802195013925
1994-01-19,NIFTY 50,-,-,-,1197.0,-0.03327478888487221,0.022110513955044004
1994-01-20,NIFTY 50,-,-,-,1169.6,-0.023156616562459167,0.022259486149443227
1994-01-24,NIFTY 50,-,-,-,1208.6,0.032800854931944186,0.022707505901098917
1994-01-25,NIFTY 50,-,-,-,1243.2,0.028226035685924942,0.02293444720529469
1994-01-27,NIFTY 50,-,-,-,1272.8,0.023530497410194036,0.023084807594343768
1994-01-28,NIFTY 50,-,-,-,1271.3,-0.001179199067500319,0.022805801394097977
1994-01-31,NIFTY 50,-,-,-,1246.5,-0.01970037499246418,0.023581302502454334
1994-02-01,NIFTY 50,-,-,-,1229.9,-0.01340675871524774,0.022809611690852372
1994-02-02,NIFTY 50,-,-,-,1256.4,0.021317623416126565,0.021897558471974752
1994-02-03,NIFTY 50,-,-,-,1241.8,-0.011688548733699136,0.022309274862142434
1994-02-04,NIFTY 50,-,-,-,1215.6,-0.021324157888154453,0.02294389055309962
1994-02-07,NIFTY 50,-,-,-,1284.2,0.054898174317310186,0.025394858873398495
1994-02-08,NIFTY 50,-,-,-,1286.0,0.0014006694376166877,0.024088178814715373
1994-02-09,NIFTY 50,-,-,-,1245.1,-0.032320777839197894,0.024068152506617244
1994-02-10,NIFTY 50,-,-,-,1253.0,0.006324827937701531,0.023980042816995395
1994-02-11,NIFTY 50,-,-,-,1243.3,-0.007771540937176519,0.02328291166892031
1994-02-14,NIFTY 50,-,-,-,1219.2,-0.019574229026509998,0.023700892437694982
1994-02-15,NIFTY 50,-,-,-,1215.7,-0.002874863370633572,0.02367252304305973
1994-02-16,NIFTY 50,-,-,-,1195.3,-0.016922842677813087,0.023576101910292132
1994-02-17,NIFTY 50,-,-,-,1215.1,0.01642917803063084,0.023815724203110945
1994-02-18,NIFTY 50,-,-,-,1232.1,0.013893652716056559,0.02275420887530762
1994-02-21,NIFTY 50,-,-,-,1300.7,0.054182550439072635,0.024830219655556075
1994-02-22,NIFTY 50,-,-,-,1282.4,-0.014169258774351873,0.024309227937413067
1994-02-23,NIFTY 50,-,-,-,1263.5,-0.014847674467094387,0.02385715221918033
1994-02-24,NIFTY 50,-,-,-,1293.3,0.023311443592949743,0.023846220072606648
1994-02-25,NIFTY 50,-,-,-,1327.0,0.02572366391100893,0.024479148041956205
1994-02-28,NIFTY 50,-,-,-,1349.4,0.016739293861117464,0.02412118062802202
1994-03-01,NIFTY 50,-,-,-,1304.4,-0.033916884278160905,0.02530556785870516
1994-03-02,NIFTY 50,-,-,-,1271.4,-0.025624509412855666,0.02568547392169281
1994-03-03,NIFTY 50,-,-,-,1248.9,-0.017855491633268994,0.025876977903054
1994-03-04,NIFTY 50,-,-,-,1196.3,-0.043029703692181044,0.027249718197003763
1994-03-07,NIFTY 50,-,-,-,1176.3,-0.016859541210462917,0.024068464228994727
1994-03-08,NIFTY 50,-,-,-,1208.2,0.026757729738245372,0.025037794972329785
1994-03-09,NIFTY 50,-,-,-,1201.4,-0.0056441052885798084,0.024093075091419558
1994-03-11,NIFTY 50,-,-,-,1176.3,-0.021113624449665476,0.02438631453676815
1994-03-15,NIFTY 50,-,-,-,1180.6,0.0036488648401933068,0.024406307941415833
1994-03-16,NIFTY 50,-,-,-,1188.3,0.006500930489391754,0.024146193852203925
1994-03-17,NIFTY 50,-,-,-,1195.5,0.00604079360239876,0.02419751436590114
1994-03-18,NIFTY 50,-,-,-,1192.7,-0.0023448633137560433,0.023905285055019158
1994-03-21,NIFTY 50,-,-,-,1196.1,0.002846619470795569,0.02360173253813716
1994-03-22,NIFTY 50,-,-,-,1186.1,-0.00839565002018895,0.02339734387194722
1994-03-23,NIFTY 50,-,-,-,1167.2,-0.01606289582665404,0.01947946988673098
1994-03-24,NIFTY 50,-,-,-,1154.4,-0.011026989748914764,0.019417717451620096
1994-03-25,NIFTY 50,-,-,-,1153.8,-0.0005198856368721652,0.019309283631520097
1994-03-28,NIFTY 50,-,-,-,1161.8,0.006909683735643073,0.018390531072477113
1994-03-29,NIFTY 50,-,-,-,1179.6,0.015204871382689042,0.017587646097011078
1994-03-30,NIFTY 50,-,-,-,1178.2,-0.0011875478535340695,0.01681358801875567
1994-03-31,NIFTY 50,-,-,-,1177.1,-0.0009340636691521502,0.015584822901804244
1994-04-04,NIFTY 50,-,-,-,1182.3,0.0044079074506328825,0.014940170641752125
1994-04-05,NIFTY 50,-,-,-,1188.6,0.005314450063492446,0.014675245038534183
1994-04-06,NIFTY 50,-,-,-,1202.9,0.011959164067466714,0.011480634651151794
1994-04-07,NIFTY 50,-,-,-,1203.0,8.312897465187237e-05,0.010751702302212682
1994-04-08,NIFTY 50,-,-,-,1221.0,0.01485175813602576,0.009516236363274089
1994-04-12,NIFTY 50,-,-,-,1229.7,0.007100042067696996,0.009507946442022186
1994-04-13,NIFTY 50,-,-,-,1228.9,-0.0006507768878500238,0.00795936657970875
1994-04-15,NIFTY 50,-,-,-,1214.8,-0.011540006118957943,0.008517615756794517
1994-04-18,NIFTY 50,-,-,-,1201.9,-0.01067581621285048,0.008839075261225042
1994-04-19,NIFTY 50,-,-,-,1192.3,-0.008019423146657002,0.008939538645913563
1994-04-21,NIFTY 50,-,-,-,1174.2,-0.015297150182000698,0.009556029822258592
1994-04-22,NIFTY 50,-,-,-,1183.1,0.007551047629531385,0.009706750618767987
1994-04-25,NIFTY 50,-,-,-,1184.5,0.0011826323392230412,0.00953384812577415
1994-04-26,NIFTY 50,-,-,-,1174.1,-0.008818847962674055,0.009017819899568416
1994-04-27,NIFTY 50,-,-,-,1159.1,-0.012858054741466823,0.009147179980505325
1994-04-28,NIFTY 50,-,-,-,1147.9,-0.009709655823248047,0.009412381485985966
1994-04-29,NIFTY 50,-,-,-,1150.6,0.002349359357741919,0.009284008860413485
1994-05-02,NIFTY 50,-,-,-,1148.7,-0.0016526772778344668,0.008518302571790783
1994-05-03,NIFTY 50,-,-,-,1132.1,-0.014556553067294937,0.009016730507776896
1994-05-04,NIFTY 50,-,-,-,1121.6,-0.009318077803738112,0.009158553960075201
1994-05-05,NIFTY 50,-,-,-,1129.7,0.007195873452557528,0.009288166221993929
1994-05-06,NIFTY 50,-,-,-,1155.2,0.0223213784056786,0.010692021618154805
1994-05-09,NIFTY 50,-,-,-,1173.4,0.015632028353197814,0.01096213589997854
1994-05-10,NIFTY 50,-,-,-,1180.0,0.005608920967950956,0.01106641870754084
1994-05-11,NIFTY 50,-,-,-,1185.8,0.004903213813556858,0.010528558350811791
1994-05-13,NIFTY 50,-,-,-,1198.3,0.010486233415203529,0.010699343137758166
1994-05-16,NIFTY 50,-,-,-,1210.8,0.010377412459092714,0.011013759243924913
1994-05-17,NIFTY 50,-,-,-,1197.1,-0.011379332890239407,0.011005523865502222
1994-05-18,NIFTY 50,-,-,-,1191.5,-0.004688947718527256,0.010800384555293942
1994-05-19,NIFTY 50,-,-,-,1193.9,0.0020122418125459304,0.01066164354356502
1994-05-20,NIFTY 50,-,-,-,1182.4,-0.009678988157405314,0.010303526780553794
1994-05-23,NIFTY 50,-,-,-,1165.5,-0.014396091718125548,0.010658600125400966
1994-05-24,NIFTY 50,-,-,-,1154.2,-0.009742716198945685,0.01083291347973043
1994-05-26,NIFTY 50,-,-,-,1163.1,0.007681391068127057,0.01085809085493088
1994-05-27,NIFTY 50,-,-,-,1177.6,0.012389614629618573,0.010809671789460766
1994-05-30,NIFTY 50,-,-,-,1188.0,0.008792751947978608,0.01065425865670066
1994-05-31,NIFTY 50,-,-,-,1187.1,-0.000757862863102028,0.010667196958194703
1994-06-01,NIFTY 50,-,-,-,1186.0,-0.0009270575018174639,0.010656918677338955
1994-06-02,NIFTY 50,-,-,-,1209.9,0.01995141098976136,0.01069722613094695
1994-06-03,NIFTY 50,-,-,-,1246.0,0.029400708799966212,0.01174165317588839
1994-06-06,NIFTY 50,-,-,-,1259.1,0.010458759660256426,0.011792537682515007
1994-06-07,NIFTY 50,-,-,-,1245.9,-0.010539019702837183,0.011601738717195614
1994-06-08,NIFTY 50,-,-,-,1246.3,0.00032100152751342553,0.011279127745264215
1994-06-09,NIFTY 50,-,-,-,1264.6,0.014576704792181632,0.011562423031320705
1994-06-10,NIFTY 50,-,-,-,1268.2,0.0028427056414184687,0.011558085205133586
1994-06-13,NIFTY 50,-,-,-,1264.3,-0.0030799629480793055,0.011515799878878378
1994-06-14,NIFTY 50,-,-,-,1263.2,-0.0008704253764196321,0.011394147897856031
1994-06-15,NIFTY 50,-,-,-,1262.4,-0.0006335128498224776,0.010969616689776156
1994-06-16,NIFTY 50,-,-,-,1277.1,0.011577211410606475,0.010999376873024838
1994-06-17,NIFTY 50,-,-,-,1302.6,0.019770384610084905,0.011577171206901597
1994-06-20,NIFTY 50,-,-,-,1318.5,0.012132459681040394,0.011206800903415498
1994-06-22,NIFTY 50,-,-,-,1313.8,-0.0035710253349688905,0.010432650112287457
1994-06-23,NIFTY 50,-,-,-,1300.8,-0.009944241664826462,0.010448728739481817
1994-06-24,NIFTY 50,-,-,-,1287.1,-0.010587834138214066,0.01107201716976186
1994-06-27,NIFTY 50,-,-,-,1274.3,-0.00999461743709859,0.011418584410665598
1994-06-28,NIFTY 50,-,-,-,1285.7,0.008906308871969727,0.011421149265647183
1994-06-29,NIFTY 50,-,-,-,1263.1,-0.01773430031027373,0.012380161941085047
1994-06-30,NIFTY 50,-,-,-,1249.4,-0.010905580720459915,0.012746755781599102
1994-07-01,NIFTY 50,-,-,-,1262.0,0.010034328041688838,0.012218348401313478
1994-07-04,NIFTY 50,-,-,-,1255.4,-0.005243517217726986,0.010477079317490012
1994-07-05,NIFTY 50,-,-,-,1253.7,-0.0013550677614520307,0.010208267872885157
1994-07-06,NIFTY 50,-,-,-,1251.7,-0.0015965517880015623,0.009924157274373216
1994-07-07,NIFTY 50,-,-,-,1241.2,-0.008423973759752647,0.010110929968546662
1994-07-08,NIFTY 50,-,-,-,1250.1,0.007144894522292213,0.009665857918608205
1994-07-11,NIFTY 50,-,-,-,1251.6,0.0011991846982095536,0.009642215367225893
1994-07-12,NIFTY 50,-,-,-,1266.4,0.011755496772075496,0.01000978989076542
1994-07-13,NIFTY 50,-,-,-,1263.8,-0.002055174227447563,0.010019230252195498
1994-07-14,NIFTY 50,-,-,-,1253.6,-0.008103643297543867,0.010182923814768362
1994-07-15,NIFTY 50,-,-,-,1259.8,0.004933566146017644,0.009877142029414362
1994-07-18,NIFTY 50,-,-,-,1253.9,-0.00469428399133642,0.008649538549824852
1994-07-19,NIFTY 50,-,-,-,1257.1,0.002548786724293185,0.008077473561927503
1994-07-20,NIFTY 50,-,-,-,1254.1,-0.0023892970907812778,0.008072657016534599
1994-07-21,NIFTY 50,-,-,-,1252.9,-0.0009573195784968908,0.00787391583592765
1994-07-22,NIFTY 50,-,-,-,1256.5,0.0028692137321397644,0.00766240639572279
1994-07-25,NIFTY 50,-,-,-,1256.6,7.958298519976229e-05,0.00737997478633807
1994-07-26,NIFTY 50,-,-,-,1258.4,0.0014314117752215391,0.007049800402456832
1994-07-27,NIFTY 50,-,-,-,1255.7,-0.0021478867491499334,0.005874598153402693
1994-07-28,NIFTY 50,-,-,-,1256.1,0.00031849669828914133,0.005317166822658264
1994-07-29,NIFTY 50,-,-,-,1278.5,0.017675833038033946,0.006248847626192282
1994-08-01,NIFTY 50,-,-,-,1308.0,0.022811737285902616,0.007810238818321776
1994-08-02,NIFTY 50,-,-,-,1312.9,0.0037391779229207704,0.0077762632041885145
1994-08-03,NIFTY 50,-,-,-,1303.3,-0.0073389214033906264,0.008029852302766323
1994-08-04,NIFTY 50,-,-,-,1308.4,0.003905507127554754,0.007650158651430051
1994-08-05,NIFTY 50,-,-,-,1308.7,0.00022926139720601458,0.007591716339958742
1994-08-08,NIFTY 50,-,-,-,1306.8,-0.0014528773345199363,0.007634821231361651
1994-08-09,NIFTY 50,-,-,-,1311.6,0.003666365243578053,0.007306845567896757
1994-08-10,NIFTY 50,-,-,-,1324.2,0.009560737520252582,0.0074484575494684485
1994-08-11,NIFTY 50,-,-,-,1329.2,0.0037687539896935434,0.007034392352964774
1994-08-12,NIFTY 50,-,-,-,1360.9,0.023568988085832715,0.008413144480355073
1994-08-16,NIFTY 50,-,-,-,1361.1,0.00014695077175595162,0.008221542122551117
1994-08-17,NIFTY 50,-,-,-,1358.2,-0.0021329026583367878,0.00833396474031524
1994-08-18,NIFTY 50,-,-,-,1360.5,0.001691985543609937,0.008221908343965408
1994-08-19,NIFTY 50,-,-,-,1343.5,-0.012574130167755122,0.0089720061124967
1994-08-24,NIFTY 50,-,-,-,1331.0,-0.0093476096604343,0.009421192247782213
1994-08-25,NIFTY 50,-,-,-,1330.5,-0.00037572797736772827,0.009428862433017295
1994-08-29,NIFTY 50,-,-,-,1359.4,0.021488614494793997,0.010296001641731094
1994-08-31,NIFTY 50,-,-,-,1373.2,0.010100356670999061,0.010284093079664203
1994-09-01,NIFTY 50,-,-,-,1366.3,-0.005037426239094851,0.010466080090106257
1994-09-02,NIFTY 50,-,-,-,1359.0,-0.005357221193298483,0.010168765904628745
1994-09-05,NIFTY 50,-,-,-,1353.5,-0.004055305096787785,0.009144181225002317
1994-09-06,NIFTY 50,-,-,-,1354.7,0.0008861975323348944,0.009133102086380683
1994-09-07,NIFTY 50,-,-,-,1357.2,0.001843726323384323,0.008889382031068543
1994-09-08,NIFTY 50,-,-,-,1360.7,0.0025755192867376237,0.008879552769999868
1994-09-12,NIFTY 50,-,-,-,1384.9,0.01762866165185932,0.009529641372790592
1994-09-13,NIFTY 50,-,-,-,1378.7,-0.00448690867108871,0.00962507457678929
1994-09-14,NIFTY 50,-,-,-,1377.4,-0.000943362066985386,0.009655306413903423
1994-09-15,NIFTY 50,-,-,-,1377.8,0.00029036004849750243,0.009517385511125796
1994-09-16,NIFTY 50,-,-,-,1378.3,0.00036283154129773893,0.009514240224956024
1994-09-19,NIFTY 50,-,-,-,1361.5,-0.01226382258657887,0.008524199918801581
1994-09-20,NIFTY 50,-,-,-,1344.0,-0.01293679103071945,0.009002731072671084
1994-09-21,NIFTY 50,-,-,-,1346.5,0.0018583911685587675,0.009011945773197114
1994-09-22,NIFTY 50,-,-,-,1333.4,-0.009776562067693877,0.009231832626915735
1994-09-23,NIFTY 50,-,-,-,1346.5,0.009776562067693886,0.009109777111358571
1994-09-27,NIFTY 50,-,-,-,1336.2,-0.007678868760276653,0.009025835770012813
1994-09-28,NIFTY 50,-,-,-,1327.2,-0.00675830461514225,0.00915892969910361
1994-09-29,NIFTY 50,-,-,-,1311.4,-0.01197619104671565,0.007984186088339836
1994-09-30,NIFTY 50,-,-,-,1290.5,-0.016065528670850558,0.008075261493336256
1994-10-03,NIFTY 50,-,-,-,1304.8,0.011020032148135633,0.00865082845931735
1994-10-04,NIFTY 50,-,-,-,1315.3,0.008015004167928845,0.008915059352969892
1994-10-05,NIFTY 50,-,-,-,1309.2,-0.004648512847707439,0.008924520031552205
1994-10-06,NIFTY 50,-,-,-,1313.5,0.003279066498569177,0.008976394844305974
1994-10-07,NIFTY 50,-,-,-,1326.6,0.009923947965861065,0.009312453634177544
1994-10-10,NIFTY 50,-,-,-,1321.2,-0.0040788635748208926,0.009291560623780091
1994-10-11,NIFTY 50,-,-,-,1319.4,-0.0013633267278640533,0.008135157018215003
1994-10-12,NIFTY 50,-,-,-,1313.0,-0.004862492485974383,0.008140604884111854
1994-10-14,NIFTY 50,-,-,-,1309.6,-0.002592848245871059,0.008132982062079512
1994-10-17,NIFTY 50,-,-,-,1301.7,-0.006050644584510302,0.008141095616080956
1994-10-18,NIFTY 50,-,-,-,1293.6,-0.0062420732095177615,0.008138262054423839
1994-10-19,NIFTY 50,-,-,-,1287.8,-0.004493693158813901,0.007862126551297617
1994-10-20,NIFTY 50,-,-,-,1277.6,-0.007952018203280495,0.007597854213335845
1994-10-21,NIFTY 50,-,-,-,1287.4,0.007641362717712988,0.007878637308200792
1994-10-24,NIFTY 50,-,-,-,1292.2,0.0037215115055494762,0.007776918828553648
1994-10-25,NIFTY 50,-,-,-,1298.9,0.005171560289173183,0.007486054501029445
1994-10-26,NIFTY 50,-,-,-,1296.9,-0.00154095107154247,0.007357044377072456
1994-10-27,NIFTY 50,-,-,-,1292.1,-0.0037079996135213344,0.007273279733205135
1994-10-28,NIFTY 50,-,-,-,1273.6,-0.014421265638055996,0.007479103326348899
1994-10-31,NIFTY 50,-,-,-,1267.2,-0.00503779402995707,0.006713121397118284
1994-11-07,NIFTY 50,-,-,-,1283.3,0.012625143190253846,0.0068710023934519335
1994-11-08,NIFTY 50,-,-,-,1281.0,-0.0017938623536810712,0.006548894805091553
1994-11-09,NIFTY 50,-,-,-,1258.6,-0.017641030803901083,0.0074752164231951185
1994-11-10,NIFTY 50,-,-,-,1240.9,-0.01416306931225918,0.007839095023401946
1994-11-11,NIFTY 50,-,-,-,1223.4,-0.014203054972109441,0.0076245135223574415
1994-11-14,NIFTY 50,-,-,-,1210.2,-0.010848232620243429,0.0077746711377626185
1994-11-15,NIFTY 50,-,-,-,1208.0,-0.0018195356934608304,0.0077659950629527345
1994-11-16,NIFTY 50,-,-,-,1231.9,0.01959159347316817,0.009436495228363052
1994-11-17,NIFTY 50,-,-,-,1246.6,0.011862152406821608,0.010019986484109362
1994-11-21,NIFTY 50,-,-,-,1247.7,0.0008820110422255222,0.010009328076171118
1994-11-22,NIFTY 50,-,-,-,1235.5,-0.009826109988310967,0.010118528398684464
1994-11-23,NIFTY 50,-,-,-,1220.8,-0.01196936489847226,0.010339583344020836
1994-11-24,NIFTY 50,-,-,-,1229.5,0.007101201126054688,0.010481871471418535
1994-11-25,NIFTY 50,-,-,-,1245.9,0.013250577648570289,0.010820698866585488
1994-11-29,NIFTY 50,-,-,-,1252.1,0.0049639813700842975,0.01085659725032398
1994-11-30,NIFTY 50,-,-,-,1245.7,-0.0051245207828548795,0.010763501114272697
1994-12-01,NIFTY 50,-,-,-,1240.1,-0.004505599383320405,0.01077593422226301
1994-12-02,NIFTY 50,-,-,-,1232.5,-0.006147394591881396,0.010807193751645456
1994-12-05,NIFTY 50,-,-,-,1229.3,-0.002599725243549921,0.010429557632575468
1994-12-06,NIFTY 50,-,-,-,1215.2,-0.01153622939173213,0.010635900821612714
1994-12-07,NIFTY 50,-,-,-,1194.5,-0.0171809845156989,0.010552640481953365
1994-12-08,NIFTY 50,-,-,-,1176.9,-0.014843824882247631,0.010835698060132187
1994-12-09,NIFTY 50,-,-,-,1181.7,0.004070216761353322,0.01050474791919848
1994-12-12,NIFTY 50,-,-,-,1153.2,-0.024413392880722744,0.011290863821291379
1994-12-13,NIFTY 50,-,-,-,1136.2,-0.014851325641220567,0.011323592095149267
1994-12-14,NIFTY 50,-,-,-,1146.7,0.009198890921232099,0.01154243787978749
1994-12-15,NIFTY 50,-,-,-,1161.2,0.01256570110621622,0.012037445121849085
1994-12-16,NIFTY 50,-,-,-,1177.5,0.013939593740097855,0.011561400925588794
1994-12-19,NIFTY 50,-,-,-,1173.3,-0.0035732554609947753,0.011074118803902314
1994-12-20,NIFTY 50,-,-,-,1171.2,-0.0017914272225309246,0.011040497286065414
1994-12-21,NIFTY 50,-,-,-,1176.8,0.004770026080180517,0.0110593173350303
1994-12-22,NIFTY 50,-,-,-,1172.4,-0.0037459604504902406,0.010836769159573933
1994-12-23,NIFTY 50,-,-,-,1182.2,0.008324179553531605,0.010894260305338042
1995-01-01,NIFTY 50,-,-,-,1182.2,0.0,0.010307569785476488
1995-01-02,NIFTY 50,-,-,-,1182.1,-8.459163393800572e-05,0.010172900278146213
1995-01-03,NIFTY 50,-,-,-,1176.8,-0.004493627469103411,0.010166538716683915
1995-01-04,NIFTY 50,-,-,-,1163.7,-0.011194306173196552,0.010332699531293565
1995-01-05,NIFTY 50,-,-,-,1150.0,-0.011842641756735443,0.010495989727205052
1995-01-06,NIFTY 50,-,-,-,1130.3,-0.01727885816061041,0.010936360777364727
1995-01-09,NIFTY 50,-,-,-,1112.1,-0.01623296437188924,0.011150555075240884
1995-01-10,NIFTY 50,-,-,-,1079.2,-0.030030093931250022,0.012240591830961574
1995-01-11,NIFTY 50,-,-,-,1067.5,-0.010900559790766531,0.012105984689330785
1995-01-12,NIFTY 50,-,-,-,1066.1,-0.0013123361463502376,0.011955476295947343
1995-01-13,NIFTY 50,-,-,-,1074.4,0.007755236252598455,0.011377008168969525
1995-01-16,NIFTY 50,-,-,-,1087.8,0.01239494177983245,0.01158058548108615
1995-01-17,NIFTY 50,-,-,-,1084.0,-0.003499404989268787,0.011267967774387
1995-01-18,NIFTY 50,-,-,-,1091.2,0.006620105089606265,0.010913786561538692
1995-01-19,NIFTY 50,-,-,-,1091.5,0.0002748889008009045,0.010194346972504733
1995-01-20,NIFTY 50,-,-,-,1075.5,-0.014767227282213812,0.010484854441902662
1995-01-23,NIFTY 50,-,-,-,1041.7,-0.03193167571738159,0.012133875463942045
1995-01-24,NIFTY 50,-,-,-,1019.2,-0.021835988172504203,0.012363561371508378
1995-01-25,NIFTY 50,-,-,-,1030.0,0.010540796405782486,0.012970781329692616
1995-01-27,NIFTY 50,-,-,-,1043.5,0.013021645293573914,0.013291428960136058
1995-01-30,NIFTY 50,-,-,-,1058.6,0.014366832906631575,0.014014951535802088
1995-01-31,NIFTY 50,-,-,-,1071.2,0.01183223495307572,0.014503084730124698
1995-02-01,NIFTY 50,-,-,-,1061.7,-0.008908118357435312,0.014529731569774964
1995-02-02,NIFTY 50,-,-,-,1066.0,0.0040419287062623925,0.014595221263544829
1995-02-03,NIFTY 50,-,-,-,1076.2,0.009522992329529446,0.01480107006794479
1995-02-06,NIFTY 50,-,-,-,1061.7,-0.013564921035791903,0.014639084715303147
1995-02-07,NIFTY 50,-,-,-,1052.7,-0.008513104762248301,0.014374818217618622
1995-02-08,NIFTY 50,-,-,-,1042.4,-0.009832545446643687,0.013000842021462736
1995-02-09,NIFTY 50,-,-,-,1045.2,0.002682507835821929,0.012850742563445879
1995-02-10,NIFTY 50,-,-,-,1037.1,-0.007779898050769037,0.01293861909409618
1995-02-13,NIFTY 50,-,-,-,1029.8,-0.007063747983647488,0.012811699439357997
1995-02-14,NIFTY 50,-,-,-,1032.6,0.0027152848335077247,0.012411088071289874
1995-02-15,NIFTY 50,-,-,-,1024.1,-0.008265715364156769,0.012474786471123303
1995-02-16,NIFTY 50,-,-,-,1002.4,-0.021417053499533368,0.012922791525840194
1995-02-17,NIFTY 50,-,-,-,992.15,-0.010278098050597343,0.012943994846074162
1995-02-20,NIFTY 50,-,-,-,986.46,-0.005751528280420513,0.0127328383748547
1995-02-21,NIFTY 50,-,-,-,960.98,-0.026169180151640162,0.012125897643250146
1995-02-22,NIFTY 50,-,-,-,948.97,-0.012576411212342509,0.011574615997936327
1995-02-23,NIFTY 50,-,-,-,988.48,0.040791223843358926,0.014988592787536073
1995-02-24,NIFTY 50,-,-,-,1021.8,0.033152647166480566,0.016639525908010707
1995-02-28,NIFTY 50,-,-,-,1014.7,-0.0069727756116603565,0.01627914861267439
1995-03-01,NIFTY 50,-,-,-,1027.6,0.012632983950691222,0.016316205805174594
1995-03-02,NIFTY 50,-,-,-,1051.8,0.023276995919515278,0.017171830147040865
1995-03-03,NIFTY 50,-,-,-,1057.9,0.005782828837485247,0.01720028548398033
1995-03-06,NIFTY 50,-,-,-,1058.4,0.00047252280801708246,0.017044344145854626
1995-03-07,NIFTY 50,-,-,-,1051.6,-0.006445519945019914,0.016837553199030485
1995-03-08,NIFTY 50,-,-,-,1043.1,-0.008115765173800764,0.016827804927605498
1995-03-09,NIFTY 50,-,-,-,1043.9,0.0007666507323274158,0.016683315321384687
1995-03-10,NIFTY 50,-,-,-,1060.1,0.015399543864799158,0.017026855715112504
1995-03-13,NIFTY 50,-,-,-,1024.9,-0.03376819644153454,0.018625313274261764
1995-03-14,NIFTY 50,-,-,-,1042.4,0.01693069997311802,0.018956324260068082
1995-03-15,NIFTY 50,-,-,-,1050.6,0.007835682709225628,0.01902074988982811
1995-03-16,NIFTY 50,-,-,-,1009.5,-0.03990627076696887,0.021029805289476372
1995-03-23,NIFTY 50,-,-,-,988.53,-0.02099144658908561,0.02100796117487528
1995-03-24,NIFTY 50,-,-,-,988.65,0.00012138500303189325,0.020886676970840432
1995-03-27,NIFTY 50,-,-,-,995.4,0.006804290257615126,0.020898986653568274
1995-03-28,NIFTY 50,-,-,-,999.79,0.004400590504595838,0.0199457411026746
1995-03-29,NIFTY 50,-,-,-,995.62,-0.004179598248470383,0.01971020627605839
1995-03-30,NIFTY 50,-,-,-,995.24,-0.00038174457733315985,0.017517504485806423
1995-03-31,NIFTY 50,-,-,-,990.24,-0.005036576112194658,0.01574429292202818
1995-04-03,NIFTY 50,-,-,-,1005.3,0.015093945420322956,0.01611449906585687
1995-04-04,NIFTY 50,-,-,-,1022.4,0.016866800211896016,0.01632209568024036
1995-04-05,NIFTY 50,-,-,-,1038.2,0.015335639769858264,0.01580803692586847
1995-04-06,NIFTY 50,-,-,-,1052.1,0.013299722421113413,0.01605645600560759
1995-04-07,NIFTY 50,-,-,-,1049.7,-0.002283757772489899,0.016061531228010618
1995-04-10,NIFTY 50,-,-,-,1047.0,-0.0025754771712151944,0.016008249058252832
1995-04-17,NIFTY 50,-,-,-,1047.6,0.0005729017630198422,0.015900204657360147
1995-04-18,NIFTY 50,-,-,-,1031.3,-0.015681691311533425,0.01629077007573538
1995-04-19,NIFTY 50,-,-,-,1020.3,-0.010723440640763894,0.01598419897426827
1995-04-20,NIFTY 50,-,-,-,1008.7,-0.011434328620469718,0.014336876276208334
1995-04-21,NIFTY 50,-,-,-,1012.7,0.003957658277449576,0.013775081141461951
1995-04-24,NIFTY 50,-,-,-,997.73,-0.014892611711780138,0.01390601872565391
1995-04-25,NIFTY 50,-,-,-,982.15,-0.015738652446173916,0.01129729340907518
1995-04-26,NIFTY 50,-,-,-,979.21,-0.002997922056069325,0.01032760228095785
1995-04-27,NIFTY 50,-,-,-,963.54,-0.01613212182276133,0.010901842127459914
1995-04-28,NIFTY 50,-,-,-,941.83,-0.022789211102531532,0.011723302786599782
1995-05-02,NIFTY 50,-,-,-,908.64,-0.03587581506980067,0.013717203242341831
1995-05-03,NIFTY 50,-,-,-,919.28,0.011641778820255883,0.014201305139236696
1995-05-04,NIFTY 50,-,-,-,935.04,0.016998554172901716,0.014945896862161186
1995-05-05,NIFTY 50,-,-,-,963.71,0.030201110354363098,0.016683960498432633
1995-05-08,NIFTY 50,-,-,-,964.21,0.0005186937333604439,0.016239934996083588
1995-05-09,NIFTY 50,-,-,-,966.16,0.0020203387571162135,0.01565682754659175
1995-05-10,NIFTY 50,-,-,-,960.98,-0.0053758548679193,0.015065952540218475
1995-05-12,NIFTY 50,-,-,-,949.96,-0.011533718654223346,0.014592800447245851
1995-05-15,NIFTY 50,-,-,-,941.61,-0.008828702334403773,0.014599560167600107
1995-05-16,NIFTY 50,-,-,-,946.95,0.005655117371170884,0.014798998483680088
1995-05-17,NIFTY 50,-,-,-,963.57,0.017398843524010953,0.01559086936719354
1995-05-18,NIFTY 50,-,-,-,979.98,0.01688702628734768,0.01602130583616242
1995-05-19,NIFTY 50,-,-,-,993.7,0.01390318694421473,0.01630409666401401
1995-05-22,NIFTY 50,-,-,-,976.93,-0.017020348663108604,0.016532710202991543
1995-05-23,NIFTY 50,-,-,-,971.64,-0.005429636088185919,0.016499839904549975
1995-05-24,NIFTY 50,-,-,-,965.63,-0.006204627419791233,0.0162570512701084
1995-05-25,NIFTY 50,-,-,-,959.98,-0.005868287154700293,0.015953354772399207
1995-05-26,NIFTY 50,-,-,-,965.89,0.0061375051815086516,0.016028013815905504
1995-05-29,NIFTY 50,-,-,-,971.49,0.005781019310695298,0.015661258703076747
1995-05-30,NIFTY 50,-,-,-,975.37,0.003985910786550694,0.01468783671149236
1995-05-31,NIFTY 50,-,-,-,997.4,0.02233500692173603,0.01243420573758113
1995-06-01,NIFTY 50,-,-,-,1012.1,0.014630766082833294,0.012540048142322919
1995-06-02,NIFTY 50,-,-,-,1008.0,-0.004059210563541561,0.012345288603529457
1995-06-05,NIFTY 50,-,-,-,1007.4,-0.0005954153197637867,0.010681834215916893
1995-06-06,NIFTY 50,-,-,-,1016.2,0.008697425848081487,0.010769594396256696
1995-06-07,NIFTY 50,-,-,-,1012.8,-0.00335140776971987,0.010852157044718654
1995-06-08,NIFTY 50,-,-,-,1004.1,-0.008627154504521081,0.010997474570521805
1995-06-09,NIFTY 50,-,-,-,998.11,-0.005983406206871328,0.010698786267287326
1995-06-12,NIFTY 50,-,-,-,993.45,-0.004679757079421082,0.010506629722299678
1995-06-13,NIFTY 50,-,-,-,986.89,-0.006625149211352604,0.010680974688947029
1995-06-14,NIFTY 50,-,-,-,991.82,0.004983054819888309,0.01008719131060343
1995-06-15,NIFTY 50,-,-,-,987.31,-0.00455756600787712,0.00948086920620027
1995-06-16,NIFTY 50,-,-,-,997.37,0.010137741256578252,0.009232160535515137
1995-06-19,NIFTY 50,-,-,-,1002.5,0.005130344724388854,0.00834566609418493
1995-06-20,NIFTY 50,-,-,-,1008.7,0.00616549288006542,0.00825643033197813
1995-06-21,NIFTY 50,-,-,-,1005.3,-0.0033763686494154206,0.008134138219433252
1995-06-22,NIFTY 50,-,-,-,998.87,-0.006416643360610963,0.008162975083407204
1995-06-23,NIFTY 50,-,-,-,988.58,-0.01035507001171896,0.008545552742586416
1995-06-26,NIFTY 50,-,-,-,971.64,-0.01728420455302118,0.009402639149071648
1995-06-27,NIFTY 50,-,-,-,966.47,-0.005335107153837522,0.009426051689000455
1995-06-28,NIFTY 50,-,-,-,976.91,0.010744270736597394,0.008231528997544913
1995-06-29,NIFTY 50,-,-,-,973.19,-0.003815193592396815,0.00737205994085755
1995-06-30,NIFTY 50,-,-,-,961.23,-0.012365621114858161,0.007722202337303529
1995-07-03,NIFTY 50,-,-,-,938.5,-0.023930858334964868,0.009082238352567855
1995-07-04,NIFTY 50,-,-,-,932.8,-0.006092040430335626,0.008623740502704395
1995-07-05,NIFTY 50,-,-,-,931.33,-0.0015771435519026861,0.008642919220404603
1995-07-06,NIFTY 50,-,-,-,932.66,0.0014270465246140763,0.008663809271033805
1995-07-07,NIFTY 50,-,-,-,940.06,0.00790298444531004,0.009019495825902538
1995-07-10,NIFTY 50,-,-,-,943.25,0.00338765583017039,0.009120066046387314
1995-07-11,NIFTY 50,-,-,-,947.68,0.004685533684235177,0.00920711999200788
1995-07-12,NIFTY 50,-,-,-,961.06,0.014019949456235796,0.009773573624164597
1995-07-13,NIFTY 50,-,-,-,970.26,0.009527234833016693,0.010050880246093056
1995-07-14,NIFTY 50,-,-,-,983.65,0.013706065904367076,0.010285517408114923
1995-07-17,NIFTY 50,-,-,-,999.83,0.016315121808224538,0.010904238879936955
1995-07-18,NIFTY 50,-,-,-,1000.1,0.0002700094519710744,0.01080422818926833
1995-07-19,NIFTY 50,-,-,-,1003.4,0.0032942380676821213,0.010811384116348173
1995-07-20,NIFTY 50,-,-,-,1012.5,0.009028286930541623,0.010887379682558007
1995-07-21,NIFTY 50,-,-,-,1012.0,-0.0004939491332833672,0.010580406873063471
1995-07-25,NIFTY 50,-,-,-,1032.8,0.020344989685021773,0.010471078463054078
1995-07-26,NIFTY 50,-,-,-,1040.5,0.007427806301256357,0.010320855946493028
1995-07-27,NIFTY 50,-,-,-,1039.2,-0.0012501804772992535,0.01023754248852159
1995-07-28,NIFTY 50,-,-,-,1008.8,-0.029689680705680052,0.012533576897074006
1995-07-31,NIFTY 50,-,-,-,994.25,-0.014528100562909744,0.01267076027073355
1995-08-01,NIFTY 50,-,-,-,993.5,-0.0007546220959284873,0.011176017699437072
1995-08-02,NIFTY 50,-,-,-,1007.5,0.013993231828966472,0.01123271229687143
1995-08-03,NIFTY 50,-,-,-,989.05,-0.018482407358753183,0.01225251314033562
1995-08-04,NIFTY 50,-,-,-,993.44,0.004428781154497803,0.012250531271302349
1995-08-07,NIFTY 50,-,-,-,991.94,-0.0015110460319007193,0.012239417042523472
1995-08-08,NIFTY 50,-,-,-,988.84,-0.0031300826250255376,0.012306337705889495
1995-08-09,NIFTY 50,-,-,-,992.77,0.003966476907702384,0.012300235129886988
1995-08-11,NIFTY 50,-,-,-,988.92,-0.0038855773040665214,0.012053295956519574
1995-08-14,NIFTY 50,-,-,-,984.99,-0.003981949727002305,0.011953692213820158
1995-08-16,NIFTY 50,-,-,-,988.75,0.0038100302455734898,0.011588557581973146
1995-08-17,NIFTY 50,-,-,-,994.56,0.00585890921730949,0.011049369997177351
1995-08-21,NIFTY 50,-,-,-,995.96,0.0014066678363946817,0.011055184267027826
1995-08-22,NIFTY 50,-,-,-,996.36,0.00040154192637176304,0.011025844733122316
1995-08-24,NIFTY 50,-,-,-,988.38,-0.008041398874993638,0.010921689336057187
1995-08-25,NIFTY 50,-,-,-,977.43,-0.011140561144830276,0.011142412294500888
1995-08-28,NIFTY 50,-,-,-,967.43,-0.01028360717685773,0.009993118070746695
1995-08-31,NIFTY 50,-,-,-,971.74,0.004445208101492986,0.009846256550656693
1995-09-01,NIFTY 50,-,-,-,971.34,-0.00041171748528145546,0.009857752591000933
1995-09-04,NIFTY 50,-,-,-,966.22,-0.005285009927291957,0.007704440741597489
1995-09-05,NIFTY 50,-,-,-,960.68,-0.005750184508615314,0.00719579931799969
1995-09-06,NIFTY 50,-,-,-,967.25,0.006815626535060039,0.0074439331673386575
1995-09-07,NIFTY 50,-,-,-,968.03,0.0008060849512578212,0.006544035288870466
1995-09-08,NIFTY 50,-,-,-,972.33,0.0044321744822185625,0.0054145553026865405
1995-09-11,NIFTY 50,-,-,-,973.59,0.0012950174478831061,0.005297764002351277
1995-09-12,NIFTY 50,-,-,-,970.72,-0.0029522062679943548,0.005314723485027127
1995-09-13,NIFTY 50,-,-,-,967.98,-0.0028266382878801813,0.005308996716199692
1995-09-14,NIFTY 50,-,-,-,971.94,0.004082648253994051,0.00531485292007205
1995-09-15,NIFTY 50,-,-,-,974.59,0.0027227955769223533,0.005335338794605417
1995-09-18,NIFTY 50,-,-,-,974.28,-0.00031813307466847075,0.005280415571794768
1995-09-19,NIFTY 50,-,-,-,976.04,0.0018048325174893278,0.005211933673244402
1995-09-20,NIFTY 50,-,-,-,981.53,0.005609009530585915,0.0051957904464945736
1995-09-21,NIFTY 50,-,-,-,987.4,0.005962647114331973,0.0053874780971958835
1995-09-22,NIFTY 50,-,-,-,996.3,0.008973191226048121,0.005783623374816508
1995-09-25,NIFTY 50,-,-,-,1009.9,0.01355817798170065,0.006204916431965747
1995-09-26,NIFTY 50,-,-,-,1018.8,0.008774148072790686,0.0057200826245706994
1995-09-27,NIFTY 50,-,-,-,1003.2,-0.015430573226645579,0.006382662686883061
1995-09-28,NIFTY 50,-,-,-,1001.9,-0.0012966936134389813,0.006387279807395723
1995-09-29,NIFTY 50,-,-,-,1011.9,0.009931554470496866,0.006635836550573164
1995-10-04,NIFTY 50,-,-,-,1027.5,0.015298915634675348,0.007023970646752975
1995-10-05,NIFTY 50,-,-,-,1033.5,0.005822432751433229,0.006729214164141556
1995-10-06,NIFTY 50,-,-,-,1044.3,0.010395704363679887,0.006864030407939511
1995-10-09,NIFTY 50,-,-,-,1042.1,-0.002108896487121135,0.006961919246981173
1995-10-10,NIFTY 50,-,-,-,1034.1,-0.007706424807452424,0.007408294177156274
1995-10-11,NIFTY 50,-,-,-,1037.0,0.002800446038598065,0.0073968470518726535
1995-10-12,NIFTY 50,-,-,-,1032.9,-0.003961549216939459,0.007444000185528207
1995-10-13,NIFTY 50,-,-,-,1036.3,0.003286297177583741,0.007311984958294503
1995-10-16,NIFTY 50,-,-,-,1035.0,-0.001255250490702233,0.007383213848615637
1995-10-17,NIFTY 50,-,-,-,1033.0,-0.0019342365798308656,0.007470093621532315
1995-10-18,NIFTY 50,-,-,-,1032.4,-0.0005810012751796997,0.0074763015572916055
1995-10-19,NIFTY 50,-,-,-,1022.2,-0.00992902151027966,0.008008021145668237
1995-10-20,NIFTY 50,-,-,-,1014.9,-0.0071670818794067346,0.00823733855758644
1995-10-23,NIFTY 50,-,-,-,1006.5,-0.008311119374926299,0.00846129542644639
1995-10-26,NIFTY 50,-,-,-,985.77,-0.020811183407971657,0.009529932268312509
1995-10-27,NIFTY 50,-,-,-,993.25,0.0075593330228337875,0.009149974415562024
1995-10-30,NIFTY 50,-,-,-,986.94,-0.006373147382586498,0.008937492707562817
1995-10-31,NIFTY 50,-,-,-,988.26,0.001336573710517459,0.008336967308809342
1995-11-01,NIFTY 50,-,-,-,1004.5,0.016299363232349727,0.00916372700098296
1995-11-02,NIFTY 50,-,-,-,998.31,-0.006181334933830545,0.008962705817820375
1995-11-03,NIFTY 50,994.20,1000.91,992.69,1000.0,0.0016914296609785273,0.008167389643831973
1995-11-06,NIFTY 50,1001.53,1001.53,988.92,988.92,-0.011141840418844647,0.008262940608274476
1995-11-07,NIFTY 50,987.17,987.17,977.05,978.22,-0.010878844950424061,0.007917635526908624
1995-11-08,NIFTY 50,976.28,976.28,962.98,964.01,-0.014632925612143166,0.008306801784979407
1995-11-09,NIFTY 50,960.32,960.32,952.13,953.07,-0.011413314787974353,0.00843666918666706
1995-11-10,NIFTY 50,951.93,951.93,946.00,948.82,-0.004469245933444114,0.008279778990827345
1995-11-13,NIFTY 50,949.29,949.29,916.48,917.26,-0.03382814195016809,0.010566007990682753
1995-11-14,NIFTY 50,916.66,916.66,897.52,902.56,-0.016155795337472745,0.010567166398476992
1995-11-15,NIFTY 50,901.33,913.54,901.33,913.21,0.011730695107741518,0.01130596616087271
1995-11-16,NIFTY 50,915.96,915.96,900.83,904.08,-0.010048013047512022,0.01128815196932751
1995-11-17,NIFTY 50,898.72,900.41,885.31,898.86,-0.005790558294549749,0.011200130053469452
1995-11-20,NIFTY 50,896.27,898.86,892.05,892.79,-0.006775902909873491,0.011177799419051435
1995-11-21,NIFTY 50,891.96,891.96,876.00,876.59,-0.01831201063944473,0.011472654133129366
1995-11-22,NIFTY 50,878.00,878.00,856.92,864.42,-0.013980618406590812,0.011567941943898518
1995-11-23,NIFTY 50,856.20,856.20,842.33,849.5,-0.01741082068944981,0.011387266014560865
1995-11-24,NIFTY 50,849.60,874.97,849.60,871.11,0.025120319385229885,0.013145857908637239
1995-11-27,NIFTY 50,871.94,878.58,858.93,861.25,-0.011383438169348292,0.013189761644364988
1995-11-28,NIFTY 50,854.50,854.50,841.44,843.68,-0.020611546545708778,0.013387745474504685
1995-11-29,NIFTY 50,845.36,845.36,822.54,845.12,0.0017053533266077727,0.012356876226872628
1995-11-30,NIFTY 50,840.87,863.98,838.36,862.1,0.019892644107111914,0.013907859069948137
1995-12-01,NIFTY 50,867.99,877.41,866.37,873.05,0.012621554752257215,0.014484017477171419
1995-12-04,NIFTY 50,870.29,873.05,861.97,863.7,-0.010767341681896511,0.014478333715653255
1995-12-05,NIFTY 50,860.02,867.59,854.47,866.52,0.003259703964850598,0.014611677358316113
1995-12-06,NIFTY 50,870.39,878.93,868.12,878.93,0.014220068313032573,0.015135919437314058
1995-12-07,NIFTY 50,881.97,901.25,881.97,898.62,0.022154994668235947,0.01616888284689908
1995-12-08,NIFTY 50,900.28,908.12,886.54,887.12,-0.012879992587398793,0.01631938929163281
1995-12-11,NIFTY 50,882.58,882.58,874.37,877.41,-0.011005874667560948,0.014804559145488469
1995-12-12,NIFTY 50,878.99,880.08,875.43,879.49,0.0023678080389276097,0.014462365981908204
1995-12-13,NIFTY 50,881.30,889.26,881.30,889.26,0.011047462180551656,0.01443075178637587
1995-12-14,NIFTY 50,890.81,891.98,884.31,884.34,-0.005548052120156993,0.01432232407109761
1995-12-15,NIFTY 50,876.95,883.85,875.50,883.41,-0.001052185077980295,0.014279843796884252
1995-12-18,NIFTY 50,883.29,883.58,881.17,882.63,-0.0008833322582930692,0.014212138251270892
1995-12-19,NIFTY 50,882.35,884.19,879.54,883.72,0.001234183642379221,0.013586321688838356
1995-12-20,NIFTY 50,883.68,887.19,883.68,885.53,0.0020460654304887754,0.013159102365064743
1995-12-21,NIFTY 50,888.25,900.50,887.73,900.5,0.016763828802694596,0.012829071290147303
1995-12-22,NIFTY 50,900.86,906.63,899.38,900.65,0.00016656025355651542,0.011721471725818357
1995-12-26,NIFTY 50,899.87,906.47,898.41,905.33,0.005182793249006476,0.011329458414324738
1995-12-27,NIFTY 50,908.81,923.09,908.81,922.5,0.01878785779610858,0.010494728249301508
1995-12-28,NIFTY 50,923.67,927.60,913.76,914.55,-0.008655234892747499,0.010886542954588956
1995-12-29,NIFTY 50,912.72,912.72,906.32,908.53,-0.006604232266953862,0.010447402216443406
1996-01-01,NIFTY 50,913.11,913.11,906.15,908.01,-0.0005725169984735784,0.010196355552643133
1996-01-02,NIFTY 50,906.78,906.78,899.52,900.38,-0.008438495320694626,0.010055648836129208
1996-01-03,NIFTY 50,901.66,904.48,895.48,895.96,-0.004921127314546994,0.010170846240713271
1996-01-04,NIFTY 50,891.37,891.37,884.10,889.67,-0.0070451616702515915,0.009897734924208028
1996-01-05,NIFTY 50,887.79,887.79,881.74,884.73,-0.005568093736665849,0.008573950853827875
1996-01-08,NIFTY 50,883.64,883.64,868.44,869.7,-0.017134189118628594,0.008935129585212438
1996-01-09,NIFTY 50,864.84,870.71,856.77,869.12,-0.0006671191054976478,0.00861873511501801
1996-01-10,NIFTY 50,863.86,869.01,863.80,863.8,-0.00613994496362127,0.008680789611744831
1996-01-11,NIFTY 50,862.62,873.72,861.97,873.27,0.010903525846826766,0.008670416665534048
1996-01-12,NIFTY 50,875.11,877.60,872.10,875.15,0.0021505138634170923,0.008624310063401133
1996-01-15,NIFTY 50,878.74,878.74,870.98,871.32,-0.0043859970566887336,0.00866720169029254
1996-01-16,NIFTY 50,871.29,871.29,866.64,868.52,-0.0032186895545845634,0.008685669262299713
1996-01-17,NIFTY 50,866.00,866.00,857.11,857.11,-0.013224348538766709,0.009098823749464377
1996-01-18,NIFTY 50,853.28,853.28,841.79,848.83,-0.009707334396535839,0.00923433884722607
1996-01-19,NIFTY 50,846.66,847.17,840.18,843.99,-0.00571828450573586,0.008115699093606668
1996-01-22,NIFTY 50,844.83,847.12,844.04,844.31,0.0003790795520133276,0.008120532429674506
1996-01-23,NIFTY 50,846.05,846.05,830.83,832.9,-0.01360613879525122,0.008182656555739956
1996-01-24,NIFTY 50,831.17,831.17,816.00,818.69,-0.01720808511987057,0.00668995780654923
1996-01-25,NIFTY 50,819.56,819.56,814.34,814.92,-0.004615552907723904,0.006665527737208487
1996-01-29,NIFTY 50,813.12,832.23,813.12,830.88,0.01939543118230844,0.008714203468940763
1996-01-30,NIFTY 50,836.14,848.13,836.14,846.57,0.01870751150185812,0.010120639114615674
1996-01-31,NIFTY 50,843.19,852.75,843.19,848.42,0.002182904600752951,0.010126701888025025
1996-02-01,NIFTY 50,848.28,869.54,848.28,869.54,0.02458853998785013,0.011833712373268425
1996-02-02,NIFTY 50,878.50,919.82,878.50,918.31,0.05457068806118012,0.017142780182203575
1996-02-05,NIFTY 50,933.14,949.16,927.65,943.08,0.026616090418433738,0.017928617436413552
1996-02-06,NIFTY 50,943.75,947.89,919.99,925.71,-0.018590104015423152,0.018018229674331816
1996-02-07,NIFTY 50,918.97,932.02,913.22,932.02,0.006793263032152411,0.018012910095646248
1996-02-08,NIFTY 50,936.72,983.25,936.72,980.27,0.050473770239919315,0.020671494731782408
1996-02-09,NIFTY 50,1001.85,1033.02,980.27,1033.02,0.052413786093703334,0.023097067797855083
1996-02-12,NIFTY 50,1032.47,1045.81,1018.51,1018.51,-0.014145776037441335,0.023610868310882636
1996-02-13,NIFTY 50,1019.69,1030.30,1006.28,1027.36,0.00865163006674365,0.023442339008837066
1996-02-14,NIFTY 50,1040.91,1067.49,1040.91,1051.99,0.023691203503315456,0.023522350769231475
1996-02-15,NIFTY 50,1048.14,1053.19,1042.36,1046.24,-0.005480823736087791,0.02318855586387118
1996-02-16,NIFTY 50,1040.84,1040.84,1020.46,1023.08,-0.02238509955038302,0.02391661130733918
1996-02-19,NIFTY 50,1027.20,1028.26,1019.93,1021.38,-0.0016630312080487236,0.023799169604275854
1996-02-20,NIFTY 50,1021.08,1021.08,999.93,1000.13,-0.02102466252166479,0.0246970202640004
1996-02-22,NIFTY 50,1006.84,1025.44,1006.84,1024.91,0.024474812306516578,0.024371396919339677
1996-02-23,NIFTY 50,1025.36,1029.64,1019.45,1028.84,0.0038271501369852886,0.023558852411868756
1996-02-26,NIFTY 50,1035.02,1045.15,1034.52,1034.73,0.005708569125496972,0.023300597172004302
1996-02-27,NIFTY 50,1034.28,1034.28,1024.65,1027.45,-0.00706051871598892,0.023604074827904546
1996-02-28,NIFTY 50,1034.49,1037.53,1027.39,1027.39,-5.8398707458481255e-05,0.023638520077320913
1996-02-29,NIFTY 50,1024.14,1024.14,992.48,992.51,-0.034539796601082855,0.025596577020928258
1996-03-01,NIFTY 50,994.66,1002.19,989.78,999.47,0.00698805040515387,0.025291294102282914
1996-03-04,NIFTY 50,1000.58,1002.41,996.51,998.84,-0.0006305328211063158,0.02270190933031737
1996-03-06,NIFTY 50,999.67,1003.72,997.86,1002.91,0.004066447466923144,0.022081671154253652
1996-03-07,NIFTY 50,1005.06,1010.50,998.45,998.45,-0.0044569766389077935,0.021572102412960675
1996-03-08,NIFTY 50,993.93,993.93,981.60,988.62,-0.009894045192005617,0.021771305062187975
1996-03-11,NIFTY 50,981.16,981.16,966.28,975.26,-0.013605929182117112,0.018940072963784266
1996-03-12,NIFTY 50,974.71,976.46,969.15,976.22,0.0009838687329000713,0.014347124649108737
1996-03-13,NIFTY 50,973.75,992.54,972.77,992.14,0.016176255511187943,0.014686261932112745
1996-03-14,NIFTY 50,993.72,1002.68,990.41,991.14,-0.0010084305642615303,0.014499001394884711
1996-03-15,NIFTY 50,989.55,989.98,981.67,981.87,-0.009396879096083915,0.01327389119965571
1996-03-18,NIFTY 50,977.71,977.71,961.37,962.09,-0.020350915315763628,0.013799729325795594
1996-03-19,NIFTY 50,961.12,964.08,945.07,947.09,-0.015713875754086868,0.013412021828444459
1996-03-21,NIFTY 50,957.88,967.75,957.88,965.57,0.019324474905973433,0.01437905875465076
1996-03-22,NIFTY 50,962.34,962.34,950.07,956.11,-0.009845631341447503,0.01384093325498279
1996-03-25,NIFTY 50,956.89,957.19,952.25,953.98,-0.0022302623257515345,0.012332991973590501
1996-03-26,NIFTY 50,952.87,958.58,949.28,957.14,0.003306964376717529,0.012317073941601057
1996-03-27,NIFTY 50,965.84,975.60,965.84,974.17,0.017636155155570415,0.013058553789064235
1996-03-28,NIFTY 50,976.91,997.32,976.91,997.32,0.02348585495270298,0.0142889287850386
1996-03-29,NIFTY 50,998.16,998.16,985.30,985.3,-0.012125518024506525,0.014478885071705604
1996-04-01,NIFTY 50,988.33,995.01,988.33,994.8,0.00959554860082067,0.01250142317594735
1996-04-02,NIFTY 50,996.07,1005.68,996.07,1003.28,0.008488199586544771,0.012549238770114175
1996-04-03,NIFTY 50,1013.41,1019.09,1012.79,1013.47,0.0101054535434883,0.012740443747656672
1996-04-04,NIFTY 50,1012.29,1012.29,1000.90,1010.94,-0.0024994949809335333,0.012734459073378288
1996-04-08,NIFTY 50,1024.40,1034.72,1024.40,1032.13,0.020744037021980067,0.013455112586479568
1996-04-09,NIFTY 50,1035.61,1041.05,1028.78,1029.07,-0.002969146369140788,0.013229379388837252
1996-04-10,NIFTY 50,1030.57,1035.79,1027.07,1029.28,0.00020404693150218788,0.01272237697901788
1996-04-11,NIFTY 50,1024.37,1026.52,1022.31,1025.18,-0.003991321751672293,0.012805971617874116
1996-04-12,NIFTY 50,1023.84,1033.17,1023.84,1032.19,0.006814551711727048,0.012443688000399638
1996-04-15,NIFTY 50,1038.03,1050.48,1038.03,1046.45,0.013720724813241974,0.012690997896909204
1996-04-16,NIFTY 50,1046.80,1060.85,1046.80,1058.71,0.0116477024151633,0.012504973154386614
1996-04-17,NIFTY 50,1067.93,1096.28,1067.93,1096.28,0.034871444481324454,0.012986649443917583
1996-04-18,NIFTY 50,1107.76,1124.93,1107.76,1121.68,0.022904931080401623,0.012361447221892844
1996-04-19,NIFTY 50,1124.30,1142.26,1124.30,1131.74,0.008928709990508321,0.012096258048607296
1996-04-22,NIFTY 50,1136.28,1136.28,1102.83,1106.93,-0.02216585365977201,0.013303156292168642
1996-04-23,NIFTY 50,1090.04,1100.51,1090.04,1095.82,-0.010087476300104656,0.013709943477582642
1996-04-24,NIFTY 50,1136.97,1145.11,1126.77,1145.11,0.04399776079941349,0.015975854783022932
1996-04-25,NIFTY 50,1157.94,1160.16,1110.61,1120.82,-0.021440141982474042,0.017202036781783146
1996-04-26,NIFTY 50,1133.17,1133.17,1106.29,1123.63,0.0025039555064060447,0.016779048538693966
1996-04-29,NIFTY 50,1112.70,1118.69,1107.51,1118.37,-0.004692247681413243,0.016436126618973385
1996-04-30,NIFTY 50,1118.10,1118.23,1112.44,1114.36,-0.0035920190185272107,0.016562438939069023
1996-05-01,NIFTY 50,1141.65,1141.65,1133.92,1137.86,0.02086905620433186,0.01690104624018701
1996-05-02,NIFTY 50,1131.96,1132.05,1123.15,1132.05,-0.005119156872257794,0.017062419985213732
1996-05-03,NIFTY 50,1126.08,1127.99,1119.34,1119.48,-0.011165856638117085,0.017384149273240404
1996-05-06,NIFTY 50,1108.00,1108.00,1087.86,1088.22,-0.028320957903483098,0.018487179265967532
1996-05-07,NIFTY 50,1086.66,1094.97,1086.66,1093.09,0.004465214106713744,0.01844302363418379
1996-05-08,NIFTY 50,1082.78,1113.62,1075.94,1108.53,0.014026265325511602,0.018590430144499844
1996-05-09,NIFTY 50,1101.41,1107.41,1089.87,1090.53,-0.016370996709961713,0.01906045841375003
1996-05-10,NIFTY 50,1076.97,1080.91,1063.75,1078.63,-0.010972099230575166,0.019291073360637536
1996-05-13,NIFTY 50,1081.68,1090.16,1080.68,1088.1,0.008741338607890805,0.019166296451696343
1996-05-14,NIFTY 50,1087.94,1107.44,1085.85,1105.47,0.01583752793025606,0.019300285451161192
1996-05-15,NIFTY 50,1107.00,1117.41,1095.67,1115.97,0.009453397972283924,0.017812502789597045
1996-05-16,NIFTY 50,1128.45,1141.64,1126.29,1128.59,0.011245084101102318,0.017235511699770396
1996-05-17,NIFTY 50,1122.42,1122.42,1113.59,1115.54,-0.011630473371436969,0.0173071826997388
1996-05-20,NIFTY 50,1094.60,1094.60,1083.56,1083.67,-0.028985163981484156,0.017811720767589852
1996-05-21,NIFTY 50,1077.18,1082.52,1074.19,1074.86,-0.008163008085059908,0.01776553415494943
1996-05-22,NIFTY 50,1082.25,1086.07,1079.61,1081.13,0.005816369905470978,0.01441502917160296
1996-05-23,NIFTY 50,1079.89,1079.89,1073.76,1076.71,-0.004096695011403595,0.013745517890653047
1996-05-24,NIFTY 50,1079.77,1087.77,1077.87,1085.03,0.007697540945202231,0.013883599077328307
1996-05-27,NIFTY 50,1080.55,1080.55,1065.29,1065.29,-0.018360573815932354,0.014364254365768027
1996-05-28,NIFTY 50,1054.62,1065.61,1046.95,1063.36,-0.0018133563797356322,0.014362195493609032
1996-05-29,NIFTY 50,1074.23,1100.59,1074.23,1096.76,0.030926672686714524,0.015359174832009695
1996-05-30,NIFTY 50,1095.86,1095.86,1082.58,1082.84,-0.012773159531718264,0.015539493276173376
1996-05-31,NIFTY 50,1086.46,1089.92,1083.73,1089.92,0.006517079713043227,0.015506859237059968
1996-06-03,NIFTY 50,1098.18,1109.99,1098.18,1108.87,0.017237179721803757,0.014657441150824057
1996-06-04,NIFTY 50,1114.55,1118.13,1104.32,1105.64,-0.0029171259470551,0.01465694556039714
1996-06-05,NIFTY 50,1108.78,1115.06,1104.45,1113.14,0.0067604977196335,0.01439356235859149
1996-06-06,NIFTY 50,1129.17,1132.62,1127.52,1129.82,0.01487347745401344,0.014193681835538489
1996-06-07,NIFTY 50,1126.39,1134.86,1126.39,1133.44,0.003198928171749898,0.013874245540158519
1996-06-10,NIFTY 50,1136.86,1144.15,1136.86,1141.35,0.006954516136227384,0.013837497180189498
1996-06-11,NIFTY 50,1137.74,1145.68,1136.77,1143.06,0.0014971045647570668,0.013470628051729673
1996-06-12,NIFTY 50,1164.83,1171.01,1163.58,1163.87,0.018041782350081876,0.013862922245654856
1996-06-13,NIFTY 50,1166.37,1172.34,1164.66,1168.4,0.0038846323081056506,0.013704196097802197
1996-06-14,NIFTY 50,1169.26,1198.35,1169.26,1196.06,0.023397529962738136,0.014137844701484551
1996-06-17,NIFTY 50,1202.58,1203.11,1184.36,1185.37,-0.008977859355777837,0.012308966890082963
1996-06-18,NIFTY 50,1176.48,1184.18,1173.66,1181.95,-0.002889345233656217,0.012078079593150144
1996-06-19,NIFTY 50,1180.78,1190.03,1163.46,1168.03,-0.011847047897063095,0.0126291253864599
1996-06-20,NIFTY 50,1163.68,1170.54,1150.40,1169.48,0.0012406365628246858,0.012507827878408075
1996-06-21,NIFTY 50,1168.72,1170.01,1155.56,1157.42,-0.010365815451619877,0.012883374008196537
1996-06-24,NIFTY 50,1157.92,1159.92,1138.88,1146.78,-0.00923537507647031,0.012223203616497312
1996-06-25,NIFTY 50,1147.28,1154.22,1123.79,1127.78,-0.016706916449439065,0.013004556216797991
1996-06-26,NIFTY 50,1127.43,1134.43,1116.96,1119.85,-0.00705635082664275,0.011373688253259058
1996-06-27,NIFTY 50,1119.00,1130.00,1107.00,1127.0,0.006364487291296657,0.010947298257311203
1996-06-28,NIFTY 50,1128.00,1136.00,1119.00,1122.0,-0.0044464279571347,0.010983564904506084
1996-07-01,NIFTY 50,1121.00,1121.00,1105.00,1109.0,-0.0116540987322746,0.0106940881468
1996-07-02,NIFTY 50,1109.00,1111.00,1098.00,1100.0,-0.008148528563905168,0.0108324287682342
1996-07-03,NIFTY 50,1100.00,1100.00,1076.00,1080.0,-0.01834913866819654,0.011415845666458284
1996-07-04,NIFTY 50,1080.00,1099.00,1056.00,1088.0,0.00738010729762246,0.010963814685056642
1996-07-05,NIFTY 50,1089.00,1104.00,1088.00,1093.0,0.004585060760650663,0.011001964155372789
1996-07-08,NIFTY 50,1095.08,1106.36,1095.08,1103.47,0.009533550925054778,0.011124609327694114
1996-07-09,NIFTY 50,1104.01,1104.13,1082.41,1088.76,-0.013420326132055503,0.011396605532015486
1996-07-10,NIFTY 50,1083.49,1093.27,1072.48,1086.62,-0.0019674729843240425,0.010333217588898113
1996-07-11,NIFTY 50,1089.45,1103.19,1089.45,1097.44,0.009908233765797544,0.010640959046568985
1996-07-12,NIFTY 50,1096.85,1099.20,1086.07,1089.35,-0.007399006678668477,0.008639851786255955
1996-07-15,NIFTY 50,1089.00,1098.35,1081.22,1093.38,0.003692627653676164,0.008771088835697964
1996-07-16,NIFTY 50,1100.14,1105.94,1076.92,1083.47,-0.009104962180918831,0.008838069113337413
1996-07-18,NIFTY 50,1109.17,1126.14,1109.17,1118.68,0.03198056525398932,0.011813829814130768
1996-07-19,NIFTY 50,1118.92,1126.71,1112.35,1119.27,0.0005272682711130612,0.011804100002268968
1996-07-22,NIFTY 50,1119.39,1126.29,1115.13,1125.67,0.005701726851044267,0.011765378393133546
1996-07-23,NIFTY 50,1125.15,1127.08,1086.28,1092.14,-0.03023933970576612,0.01333515961044409
1996-07-24,NIFTY 50,1090.74,1090.74,1049.88,1069.43,-0.021013277980434827,0.013609573856913061
1996-07-25,NIFTY 50,1069.27,1075.79,1060.60,1062.68,-0.00633177702032031,0.013598204010491256
1996-07-26,NIFTY 50,1062.04,1066.12,1046.46,1051.24,-0.010823599457948216,0.013543530515325936
1996-07-29,NIFTY 50,1054.51,1057.84,1030.87,1033.97,-0.01656465764895537,0.013856525006234324
1996-07-30,NIFTY 50,1031.01,1031.01,999.03,1014.91,-0.018605823514085455,0.014140654824194215
1996-07-31,NIFTY 50,1017.06,1047.04,1004.76,1042.81,0.027119053986182425,0.015759269216966264
1996-08-01,NIFTY 50,1047.47,1054.08,1035.30,1036.63,-0.005943925475193257,0.015348434789508005
1996-08-02,NIFTY 50,1036.34,1036.48,1024.80,1032.94,-0.0035659619246463255,0.015188829530371558
1996-08-05,NIFTY 50,1035.73,1038.20,1030.34,1032.29,-0.0006294698619163247,0.01510357933914658
1996-08-06,NIFTY 50,1031.80,1038.04,1023.73,1035.51,0.003114423641295,0.014893148789935227
1996-08-07,NIFTY 50,1036.59,1050.54,1033.52,1048.59,0.012552345608611423,0.015084212884575553
1996-08-08,NIFTY 50,1050.43,1054.29,1037.94,1039.24,-0.008956727805408252,0.015167088506102173
1996-08-09,NIFTY 50,1038.76,1042.25,1033.46,1037.91,-0.0012806009982522632,0.01489983373541987
1996-08-12,NIFTY 50,1038.11,1039.93,1030.40,1032.17,-0.005545693607009481,0.014875394156986799
1996-08-13,NIFTY 50,1031.05,1031.05,1021.67,1024.43,-0.00752702182546205,0.014833288166422008
1996-08-14,NIFTY 50,1021.18,1027.95,1017.43,1018.48,-0.005825040578547137,0.014783276042775531
1996-08-16,NIFTY 50,1018.28,1019.64,1001.35,1002.25,-0.016063847230773618,0.012513248198445043
1996-08-19,NIFTY 50,1001.19,1001.19,972.96,975.66,-0.02688858645693031,0.013295977359606113
1996-08-20,NIFTY 50,973.13,980.78,968.76,977.34,0.0017204305318826113,0.013126639517726838
1996-08-21,NIFTY 50,980.23,1001.84,980.23,999.19,0.02211035515731373,0.013477050103201509
1996-08-22,NIFTY 50,1001.45,1010.40,999.85,1002.17,0.0029779771778250487,0.012983631337888386
1996-08-23,NIFTY 50,1001.38,1014.78,1000.49,1012.71,0.0104622569494514,0.01331258871238845
1996-08-26,NIFTY 50,1011.12,1016.63,1007.25,1009.04,-0.0036305221032212143,0.01316966916619928
1996-08-27,NIFTY 50,1009.90,1016.59,1006.02,1014.68,0.005573908052659821,0.012810855375459184
1996-08-28,NIFTY 50,1015.01,1029.49,1015.01,1027.09,0.012156269142438345,0.012419123214077251
1996-08-29,NIFTY 50,1028.70,1035.59,1024.67,1025.86,-0.001198275795490556,0.01073640763529201
1996-08-30,NIFTY 50,1025.91,1029.89,1023.44,1029.0,0.0030561716555042896,0.010698862391230675
1996-09-02,NIFTY 50,1028.91,1039.98,1028.91,1036.95,0.0076962552253340465,0.01081748570665709
1996-09-03,NIFTY 50,1039.84,1046.51,1017.46,1023.27,-0.013280330312283624,0.011230157663380883
1996-09-04,NIFTY 50,1022.37,1028.26,1012.15,1026.41,0.0030638952972011765,0.011229321882573652
1996-09-05,NIFTY 50,1028.06,1038.31,1028.06,1037.47,0.010717779979835616,0.011124599445659302
1996-09-06,NIFTY 50,1038.04,1038.79,1029.96,1032.09,-0.005199184482813522,0.011005946194153305
1996-09-09,NIFTY 50,1030.42,1031.22,1012.34,1013.88,-0.017801317588569714,0.011679223268128968
1996-09-10,NIFTY 50,1014.87,1014.87,996.75,1001.15,-0.012635215714095205,0.011924002536566041
1996-09-11,NIFTY 50,1001.86,1008.79,989.71,991.34,-0.009847054959717246,0.011996523269191888
1996-09-12,NIFTY 50,990.88,992.68,981.01,989.28,-0.0020801574686826483,0.011956952542521996
1996-09-13,NIFTY 50,991.65,991.86,979.80,980.72,-0.008690410023519732,0.011590858379381577
1996-09-16,NIFTY 50,980.69,980.69,959.65,962.27,-0.018991919219498856,0.010771158412625275
1996-09-17,NIFTY 50,965.02,975.19,962.93,971.21,0.009247640225347334,0.010989150533167008
1996-09-18,NIFTY 50,972.73,996.97,969.67,994.43,0.02362699189493867,0.01115600697358101
1996-09-19,NIFTY 50,996.41,1001.25,975.85,977.76,-0.016905467540920555,0.011725674551670083
1996-09-20,NIFTY 50,979.14,984.45,973.09,977.03,-0.0007468833316468183,0.01140063233507445
1996-09-23,NIFTY 50,976.08,976.08,963.19,968.84,-0.008417878236832748,0.011491133362844939
1996-09-24,NIFTY 50,968.78,972.74,965.69,968.91,7.224874212906522e-05,0.011364610426360838
1996-09-25,NIFTY 50,967.98,981.75,967.98,971.29,0.002453356554746852,0.010912774275041158
1996-09-26,NIFTY 50,970.76,970.89,955.60,959.31,-0.012410808837737083,0.01111271802572845
1996-09-27,NIFTY 50,958.79,958.83,942.05,947.23,-0.012672340111782782,0.011191494711654582
1996-09-30,NIFTY 50,945.68,948.41,932.27,943.96,-0.0034581435590930825,0.010843109845533001
1996-10-01,NIFTY 50,944.51,945.66,933.56,936.27,-0.00817989594736573,0.01068952174281474
1996-10-03,NIFTY 50,937.16,943.38,921.18,924.92,-0.012196649133256377,0.0106701280111082
1996-10-04,NIFTY 50,924.93,925.93,898.47,904.12,-0.022745152340379084,0.01066539758176263
1996-10-07,NIFTY 50,905.76,905.76,859.65,874.0,-0.033881719289852265,0.01223983816912975
1996-10-08,NIFTY 50,872.57,876.78,850.52,873.9,-0.00011442302203685538,0.012156886036221524
1996-10-09,NIFTY 50,873.18,875.85,859.35,874.72,0.0009378825131905573,0.012229575820125715
1996-10-10,NIFTY 50,874.20,900.53,872.83,898.42,0.026733829828507343,0.014301928262797733
1996-10-11,NIFTY 50,900.11,915.59,897.60,908.79,0.011476379410024344,0.014757642857367335
1996-10-14,NIFTY 50,907.26,907.26,890.71,892.05,-0.01859185956450855,0.015077305152974826
1996-10-15,NIFTY 50,892.07,902.74,885.23,897.77,0.006391725954345585,0.01488140805699163
1996-10-16,NIFTY 50,896.63,905.11,891.16,892.77,-0.00558492186311397,0.014580867099425734
1996-10-17,NIFTY 50,891.42,893.33,880.76,892.07,-0.0007843840746397699,0.013071542963082317
1996-10-18,NIFTY 50,892.61,899.51,888.61,895.0,0.003279113437551224,0.012917311070338267
1996-10-22,NIFTY 50,896.87,924.83,896.87,919.09,0.026560331821118603,0.014652819399736953
1996-10-23,NIFTY 50,924.20,953.44,924.20,951.29,0.034434908130144964,0.01680296751262199
1996-10-24,NIFTY 50,953.48,956.45,928.45,932.77,-0.01966030438206597,0.017313572645664757
1996-10-25,NIFTY 50,929.42,939.73,929.42,936.95,0.004471265177621966,0.017346130320163237
1996-10-28,NIFTY 50,936.84,948.37,934.64,935.89,-0.0011319708177812114,0.017165398858850645
1996-10-29,NIFTY 50,936.78,936.78,922.89,926.39,-0.010202635916653303,0.017087502739132773
1996-10-30,NIFTY 50,-,-,-,929.03,0.002845718793141277,0.017100090238613575
1996-10-31,NIFTY 50,927.31,927.31,897.23,909.29,-0.021476955879568983,0.017651834253841165
1996-11-01,NIFTY 50,910.32,915.39,904.95,906.68,-0.0028744988046569236,0.01747565971623485
1996-11-04,NIFTY 50,906.56,906.56,886.68,890.13,-0.01842205692104618,0.0172173127916254
1996-11-05,NIFTY 50,890.19,894.40,878.29,881.57,-0.00966311069357285,0.015536251298183007
1996-11-06,NIFTY 50,879.81,880.15,851.77,866.57,-0.01716151812248819,0.01602761251216612
1996-11-07,NIFTY 50,867.24,876.25,866.76,874.89,0.009555273510148487,0.016181165192367057
1996-11-08,NIFTY 50,876.11,885.68,876.11,884.64,0.01108261842042591,0.015167407810236266
1996-11-10,NIFTY 50,885.21,886.84,878.57,880.36,-0.004849867863151476,0.014910621897430127
1996-11-11,NIFTY 50,879.28,895.64,876.83,891.27,0.012316497142959387,0.014655186304836504
1996-11-13,NIFTY 50,895.98,898.54,889.47,896.84,0.006230061926840126,0.014651494066444221
1996-11-14,NIFTY 50,895.67,897.92,885.21,889.39,-0.008341639317851054,0.014719098214201178
1996-11-15,NIFTY 50,888.58,894.62,885.62,894.31,0.005516636741199561,0.0147730340155062
1996-11-18,NIFTY 50,893.95,904.89,893.95,904.05,0.010832197377543542,0.014953340403353417
1996-11-19,NIFTY 50,904.50,905.61,895.86,897.58,-0.007182415716898935,0.013710543434920903
1996-11-20,NIFTY 50,897.99,897.99,875.36,876.61,-0.0236400572490094,0.011784296860898295
1996-11-21,NIFTY 50,876.36,878.26,866.97,869.82,-0.007775901940393306,0.011245025932037415
1996-11-22,NIFTY 50,867.82,868.18,848.13,850.33,-0.022661784256202997,0.01185378169865808
1996-11-25,NIFTY 50,850.24,859.24,826.99,852.26,0.002267135160746183,0.011933995416079616
1996-11-26,NIFTY 50,856.31,870.84,847.60,855.48,0.003771070322133051,0.012002524630316735
1996-11-27,NIFTY 50,848.17,848.21,822.17,829.08,-0.03134606262883355,0.013339488168263606
1996-11-28,NIFTY 50,829.28,835.15,823.26,825.47,-0.004363731200038305,0.01281205550139826
1996-11-29,NIFTY 50,825.59,833.81,825.59,830.32,0.00585824756836807,0.013029370129606192
1996-12-02,NIFTY 50,830.48,834.92,818.61,820.25,-0.012201996815822643,0.012748230877524221
1996-12-03,NIFTY 50,819.77,819.77,804.46,809.43,-0.013278875594100764,0.012856633889150001
1996-12-04,NIFTY 50,805.40,805.82,775.43,788.15,-0.02664186917455888,0.013514918938785519
1996-12-05,NIFTY 50,786.37,808.21,781.54,802.23,0.01770692272196082,0.014079920504848527
1996-12-06,NIFTY 50,805.51,815.03,805.47,808.19,0.007401829598356087,0.013890570129763526
1996-12-09,NIFTY 50,809.03,816.20,804.97,808.69,0.0006184751075379728,0.013937457747143337
1996-12-10,NIFTY 50,807.73,808.53,797.66,803.2,-0.006811905562941509,0.013386528336724452
1996-12-11,NIFTY 50,806.46,839.13,803.68,837.07,0.041303950074164215,0.01682009918540161
1996-12-12,NIFTY 50,838.86,847.36,825.52,827.25,-0.011800752209907362,0.016890698319873772
1996-12-13,NIFTY 50,826.54,826.54,814.89,824.62,-0.003184272639203168,0.016754448594188887
1996-12-16,NIFTY 50,823.71,848.88,823.71,847.27,0.02709674182944722,0.01787256567554426
1996-12-17,NIFTY 50,846.06,853.36,841.00,850.74,0.004087142985555968,0.017919426747896313
1996-12-18,NIFTY 50,850.69,871.84,850.69,860.4,0.011290838416053446,0.017465527182477514
1996-12-19,NIFTY 50,858.03,864.54,853.47,860.58,0.00020918314060179466,0.017391987240169673
1996-12-20,NIFTY 50,864.25,887.92,864.25,884.38,0.027280253991690855,0.017631349592096647
1996-12-23,NIFTY 50,884.40,890.65,878.10,882.0,-0.0026947785190763176,0.017661730569070666
1996-12-24,NIFTY 50,881.85,887.50,874.05,884.05,0.0023215661173070336,0.01765582252401655
1996-12-26,NIFTY 50,887.95,913.35,887.95,911.8,0.030907045655242757,0.01700963126072197
1996-12-31,NIFTY 50,918.15,922.10,895.60,899.1,-0.014026404788613741,0.017414677688689182
1997-01-01,NIFTY 50,905.20,941.40,905.20,939.55,0.04400677424443437,0.01955520453053392
1997-01-02,NIFTY 50,941.95,944.00,925.05,927.05,-0.013393535691299214,0.01961587401955235
1997-01-03,NIFTY 50,924.30,932.60,919.55,931.65,0.004949706129559447,0.01908334897789195
1997-01-06,NIFTY 50,932.45,937.95,925.65,927.8,-0.004141015355778398,0.01759924010360579
1997-01-07,NIFTY 50,926.35,935.15,922.25,928.8,0.0010772380660385404,0.017516918334344416
1997-01-08,NIFTY 50,937.35,953.10,937.35,946.7,0.019088822751163997,0.017713451187415075
1997-01-09,NIFTY 50,945.15,959.75,943.60,956.6,0.01040307811135102,0.01763644177559559
1997-01-10,NIFTY 50,962.70,984.10,962.70,980.35,0.024524319515234243,0.01760595917665888
1997-01-13,NIFTY 50,978.55,982.25,965.50,980.7,0.0003569516368437728,0.016084975509720035
1997-01-14,NIFTY 50,984.00,994.40,977.70,989.3,0.00873101993090212,0.015400886315385835
1997-01-15,NIFTY 50,997.50,1042.75,997.05,1041.8,0.05170764298191433,0.017825880255108825
1997-01-16,NIFTY 50,1064.05,1085.75,995.35,1009.4,-0.031593891404929124,0.019869672734240437
1997-01-17,NIFTY 50,994.10,1009.70,976.35,1001.75,-0.007607624389908098,0.02018385597756401
1997-01-20,NIFTY 50,1004.10,1005.55,973.95,977.0,-0.02501709747347119,0.021479602436326954
1997-01-21,NIFTY 50,972.10,980.20,956.45,960.5,-0.017032669834171392,0.02207692595086256
1997-01-22,NIFTY 50,971.40,992.90,971.40,987.1,0.027317369215230976,0.022078855283999135
1997-01-24,NIFTY 50,991.05,991.40,979.55,985.9,-0.001216421842846701,0.022052455270125088
1997-01-27,NIFTY 50,993.15,1017.30,990.30,1009.15,0.02330874176513241,0.022386638828709525
1997-01-28,NIFTY 50,1016.00,1025.10,1007.95,1021.8,0.012457385550569569,0.021702744418881214
1997-01-29,NIFTY 50,1038.10,1043.90,1007.10,1017.2,-0.004512023348732916,0.021349098547207616
1997-01-30,NIFTY 50,1010.60,1012.85,993.50,1000.0,-0.017053754565827597,0.019975364088076233
1997-01-31,NIFTY 50,988.70,988.70,965.85,972.65,-0.02773097373831101,0.02083775703412042
1997-02-03,NIFTY 50,967.90,967.90,944.20,948.2,-0.02545885477580803,0.021732176124399802
1997-02-04,NIFTY 50,947.00,963.20,944.45,958.3,0.010595430881698472,0.021802668614566402
1997-02-05,NIFTY 50,970.75,984.80,959.50,962.5,0.0043731848122228485,0.02181082700555834
1997-02-06,NIFTY 50,960.75,972.40,953.95,967.75,0.005439723295818121,0.021451377230492563
1997-02-07,NIFTY 50,969.50,980.95,966.50,978.8,0.011353542110758974,0.02147411368851189
1997-02-10,NIFTY 50,981.00,986.75,975.15,981.45,0.002703738415340853,0.02076654123071746
1997-02-11,NIFTY 50,980.95,996.05,978.85,992.75,0.011447800027503252,0.020922496171766728
1997-02-12,NIFTY 50,991.65,1008.80,990.90,1001.0,0.008275909303859661,0.0209134450305352
1997-02-13,NIFTY 50,998.45,1005.10,995.35,1002.15,0.0011481917243753841,0.01712084004692139
1997-02-14,NIFTY 50,1001.30,1011.85,1001.10,1009.45,0.007257936016636804,0.015726485462108274
1997-02-17,NIFTY 50,1017.75,1024.30,1015.10,1020.1,0.010495033632240434,0.01578626877909556
1997-02-18,NIFTY 50,1020.75,1020.85,998.90,1000.75,-0.01915094281579024,0.015327055297028146
1997-02-19,NIFTY 50,1004.05,1013.05,993.85,1011.85,0.01103061964498535,0.014847001815986837
1997-02-20,NIFTY 50,1009.55,1009.60,1000.55,1003.1,-0.008685133628228849,0.01384144537751201
1997-02-21,NIFTY 50,1000.75,1002.00,989.50,991.55,-0.01158110855760064,0.014112449088972258
1997-02-24,NIFTY 50,988.70,988.90,961.95,964.75,-0.027400374914110705,0.014312219646828588
1997-02-25,NIFTY 50,962.60,975.25,954.50,966.1,0.0013983481057358669,0.013922429887188113
1997-02-26,NIFTY 50,963.95,970.50,956.75,968.85,0.002842452623127553,0.013971942480369553
1997-02-27,NIFTY 50,972.35,994.50,972.05,992.75,0.024369068864769316,0.014739925702900274
1997-02-28,NIFTY 50,998.25,1006.60,996.00,998.65,0.00592549689982,0.013302155182615082
1997-03-01,NIFTY 50,1070.80,1106.60,1070.80,1102.95,0.09933932039916016,0.02457448294295422
1997-03-03,NIFTY 50,1102.45,1140.65,1095.90,1107.7,0.004297385212546173,0.024573876657382285
1997-03-04,NIFTY 50,1111.75,1121.40,1098.20,1117.3,0.00862926703040508,0.024566134645738383
1997-03-05,NIFTY 50,1144.25,1167.95,1122.25,1132.9,0.013865656326150885,0.02460194606173708
1997-03-06,NIFTY 50,1127.00,1135.75,1119.30,1127.25,-0.004999678578249425,0.02475165776471903
1997-03-10,NIFTY 50,1118.80,1118.80,1075.05,1078.7,-0.044024425919810144,0.027262615774091403
1997-03-11,NIFTY 50,1073.80,1083.35,1046.30,1052.0,-0.025063498083728288,0.028001117428725204
1997-03-12,NIFTY 50,1066.55,1088.65,1065.25,1074.2,0.02088308417370391,0.028269167938771697
1997-03-13,NIFTY 50,1076.85,1078.60,1062.70,1066.5,-0.007193939559953712,0.028367514904849643
1997-03-14,NIFTY 50,1062.20,1076.65,1057.55,1070.1,0.0033698431215501415,0.028350922993898228
1997-03-17,NIFTY 50,1071.95,1076.25,1065.45,1072.6,0.0023335055158692974,0.028294792608394653
1997-03-18,NIFTY 50,1072.30,1074.50,1061.05,1064.35,-0.007721323370137886,0.027947581965642423
1997-03-19,NIFTY 50,1074.25,1079.60,1050.00,1052.05,-0.011623642493365713,0.02806724667614098
1997-03-20,NIFTY 50,1049.00,1059.50,1040.95,1054.8,0.002610533793810389,0.02795544561987144
1997-03-21,NIFTY 50,1058.70,1069.50,1058.55,1061.4,0.006237615914663098,0.027765931943176253
1997-03-25,NIFTY 50,1064.50,1067.25,1054.50,1058.35,-0.0028776998276152806,0.026860740011283236
1997-03-26,NIFTY 50,1062.50,1067.20,1057.50,1059.2,0.0008028146165643376,0.026864840659446422
1997-03-27,NIFTY 50,1057.45,1059.00,1047.70,1057.8,-0.0013226265508642573,0.026895309229763437
1997-03-31,NIFTY 50,1012.15,1012.15,966.80,968.3,-0.08840460201439414,0.03349783179826381
1997-04-01,NIFTY 50,931.95,973.85,931.50,970.15,0.0019087420997959954,0.03346459125450521
1997-04-02,NIFTY 50,982.10,1004.65,982.10,1002.2,0.032502163808342914,0.025182397991136262
1997-04-03,NIFTY 50,1004.30,1012.75,1000.55,1010.65,0.008396104667382673,0.025276741184933182
1997-04-04,NIFTY 50,1001.90,1002.00,996.60,1001.0,-0.009594187877786304,0.02510320176170961
1997-04-07,NIFTY 50,997.50,998.00,988.00,990.9,-0.010141158250366948,0.02469939493795499
1997-04-09,NIFTY 50,1009.95,1031.15,1009.95,1030.3,0.03899167988616856,0.026733457402259773
1997-04-10,NIFTY 50,1024.45,1024.70,1000.30,1008.35,-0.021534690365171444,0.025424224904364984
1997-04-11,NIFTY 50,993.30,1017.20,985.65,1013.4,0.0049956824559584615,0.024958656531789386
1997-04-12,NIFTY 50,1004.90,1009.90,999.30,1003.25,-0.010066283894783206,0.024427545540163135
1997-04-15,NIFTY 50,1010.65,1018.60,1010.65,1014.9,0.011545355307746395,0.024633553709447333
1997-04-17,NIFTY 50,1020.40,1036.15,1018.25,1035.2,0.019804559291863602,0.02510849139190745
1997-04-21,NIFTY 50,1041.45,1061.80,1041.25,1060.6,0.0242401409563933,0.02576112068933578
1997-04-22,NIFTY 50,1066.70,1073.90,1056.40,1059.8,-0.000754574644367922,0.025706269333654212
1997-04-23,NIFTY 50,1065.95,1078.05,1063.85,1071.05,0.010559264640163437,0.025666609103056768
1997-04-24,NIFTY 50,1071.40,1075.90,1063.30,1067.2,-0.0036010795374657725,0.02568233406537831
1997-04-25,NIFTY 50,1065.40,1071.05,1062.95,1069.4,0.002059347353271924,0.0256509020825849
1997-04-28,NIFTY 50,1068.60,1070.70,1061.20,1065.4,-0.0037474280317324675,0.02565744386630454
1997-04-29,NIFTY 50,1063.60,1065.40,1052.80,1057.45,-0.007489966004139884,0.025716374489659258
1997-04-30,NIFTY 50,1081.10,1088.40,1075.95,1079.85,0.020961793104662625,0.026139110580958125
1997-05-02,NIFTY 50,1074.70,1074.70,1063.75,1069.0,-0.010098510558376348,0.01589483658864676
1997-05-05,NIFTY 50,1061.80,1061.80,1043.55,1045.5,-0.02222839215635697,0.017014551492777533
1997-05-06,NIFTY 50,1045.80,1050.55,1038.75,1048.4,0.0027699525805631514,0.015610189753408355
1997-05-07,NIFTY 50,1053.10,1055.05,1042.55,1044.4,-0.003822634624277439,0.015596225044939764
1997-05-08,NIFTY 50,1043.70,1055.40,1039.80,1054.05,0.009197329481342515,0.015449000715980958
1997-05-09,NIFTY 50,1054.60,1063.00,1048.05,1053.35,-0.0006643257338371202,0.015181238126054106
1997-05-12,NIFTY 50,1052.80,1056.50,1039.05,1040.5,-0.012274194738790064,0.01295975117962252
1997-05-13,NIFTY 50,1041.05,1042.25,1027.50,1031.05,-0.009123666387413996,0.012119401708738764
1997-05-14,NIFTY 50,1030.35,1044.15,1018.15,1041.65,0.010228293928115643,0.012263255271974088
1997-05-15,NIFTY 50,1041.65,1049.00,1036.25,1045.0,0.003210891024520386,0.011967106633003035
1997-05-16,NIFTY 50,1043.40,1049.75,1041.10,1048.4,0.0032483070503398835,0.01176225957333089
1997-05-19,NIFTY 50,1052.20,1059.25,1048.05,1050.8,0.002286586362133358,0.0109621789980681
1997-05-20,NIFTY 50,1051.55,1053.25,1045.30,1050.85,4.7581662036349174e-05,0.009466164033767642
1997-05-21,NIFTY 50,1047.50,1049.70,1040.55,1042.0,-0.008457417160108897,0.009633917329561915
1997-05-22,NIFTY 50,1042.45,1043.80,1034.35,1037.2,-0.004617168648802836,0.009279384678780101
1997-05-23,NIFTY 50,1037.00,1039.00,1028.75,1033.7,-0.0033801760900702927,0.009277015802463321
1997-05-26,NIFTY 50,1032.15,1035.80,1025.50,1026.9,-0.006600043370189653,0.009299546522248426
1997-05-27,NIFTY 50,1027.50,1031.50,1023.45,1025.7,-0.001169248890884063,0.009292319009809206
1997-05-28,NIFTY 50,1032.50,1035.35,1024.55,1027.0,0.0012666246151929834,0.009221030519919307
1997-05-29,NIFTY 50,1024.75,1040.05,1023.80,1038.2,0.010846513464570374,0.008140540411950194
1997-05-30,NIFTY 50,1039.85,1051.20,1038.30,1050.9,0.01215849547842222,0.008484428407058296
1997-06-02,NIFTY 50,1053.05,1066.15,1051.05,1064.95,0.013280909813058541,0.007425414202925764
1997-06-03,NIFTY 50,1067.65,1081.75,1067.55,1073.75,0.008229344613855686,0.007595340984353524
1997-06-04,NIFTY 50,1081.55,1090.95,1078.80,1085.75,0.011113798116466077,0.007807411737671418
1997-06-05,NIFTY 50,1089.85,1095.50,1082.85,1086.6,0.0007825627024913717,0.007620306060758878
1997-06-06,NIFTY 50,1087.50,1091.05,1081.30,1082.75,-0.003549454022686619,0.007690828628911645
1997-06-09,NIFTY 50,1082.95,1082.95,1071.55,1074.65,-0.007509073941451208,0.0073100701614043995
1997-06-10,NIFTY 50,1075.30,1084.15,1075.20,1081.1,0.005984014145440778,0.006911745135651396
1997-06-11,NIFTY 50,1090.45,1108.95,1090.45,1104.6,0.02150423716836151,0.007965978934796426
1997-06-12,NIFTY 50,1106.10,1122.20,1105.75,1120.7,0.01447021159089524,0.008373993386731735
1997-06-13,NIFTY 50,1124.95,1147.50,1122.75,1136.3,0.013823879865980913,0.008685576649375245
1997-06-16,NIFTY 50,1135.30,1141.05,1121.85,1129.7,-0.005825259191080183,0.008956241262035232
1997-06-17,NIFTY 50,1134.90,1145.80,1127.15,1138.8,0.008022965670999244,0.008966352966935485
1997-06-18,NIFTY 50,1162.20,1171.00,1156.05,1159.8,0.018272500038457828,0.009000884549600003
1997-06-19,NIFTY 50,1151.95,1161.70,1145.35,1159.8,0.0,0.00878834723412027
1997-06-20,NIFTY 50,1162.70,1174.15,1154.30,1158.35,-0.0012509977258621165,0.008686319712154188
1997-06-23,NIFTY 50,1159.60,1163.00,1149.30,1153.7,-0.00402240978323398,0.008511697777728257
1997-06-24,NIFTY 50,1154.95,1161.95,1146.85,1155.3,0.0013858815557287352,0.008419928700702567
1997-06-25,NIFTY 50,1166.10,1175.00,1158.90,1161.9,0.005696545699843453,0.008348225684254348
1997-06-26,NIFTY 50,1164.00,1177.60,1160.25,1168.2,0.0054075064173927136,0.008276170689240003
1997-06-27,NIFTY 50,1168.30,1174.75,1165.95,1169.65,0.0012404561335671697,0.008201286330575257
1997-06-30,NIFTY 50,1167.45,1194.75,1164.50,1192.4,0.01926352406414027,0.008604844469850423
1997-07-01,NIFTY 50,1201.30,1206.10,1193.55,1200.45,0.006728403677248479,0.008587711391955391
1997-07-02,NIFTY 50,1214.70,1237.05,1212.60,1222.95,0.018569486295864617,0.00899297000954723
1997-07-03,NIFTY 50,1222.45,1235.45,1209.45,1214.9,-0.006604203916333068,0.009360528510903963
1997-07-04,NIFTY 50,1218.95,1222.60,1209.45,1216.1,0.000987248126257205,0.009180884074609088
1997-07-07,NIFTY 50,1217.40,1226.60,1208.25,1209.7,-0.005276622021151222,0.009022669046708589
1997-07-08,NIFTY 50,1205.10,1205.80,1193.35,1198.25,-0.009510235926061952,0.00965949765661315
1997-07-09,NIFTY 50,1211.60,1239.55,1211.60,1236.55,0.031463084820726905,0.010743141834238726
1997-07-10,NIFTY 50,1248.10,1252.70,1234.95,1239.15,0.002100416816156484,0.010562705406307011
1997-07-11,NIFTY 50,1233.50,1233.50,1217.00,1221.1,-0.014673568837647971,0.011215057913584757
1997-07-14,NIFTY 50,1212.40,1215.60,1176.60,1187.05,-0.02828085411729919,0.0131630600623735
1997-07-15,NIFTY 50,1190.50,1195.40,1180.75,1183.35,-0.0031218385124686912,0.013151770974994684
1997-07-16,NIFTY 50,1195.55,1207.00,1179.25,1183.0,-0.00029581423082146924,0.012579497308237476
1997-07-17,NIFTY 50,1182.85,1185.30,1173.00,1181.4,-0.0013534091052518128,0.012588741820113741
1997-07-21,NIFTY 50,1171.35,1171.35,1153.75,1165.0,-0.013979088873334005,0.013018788737432258
1997-07-22,NIFTY 50,1169.55,1176.40,1165.15,1173.25,0.007056588674726162,0.013061443086794891
1997-07-23,NIFTY 50,1184.05,1201.75,1183.90,1200.7,0.0231270443621454,0.013981561998306613
1997-07-24,NIFTY 50,1204.35,1213.40,1195.20,1199.95,-0.0006248307953270095,0.013963306744764507
1997-07-25,NIFTY 50,1194.75,1195.95,1179.00,1185.05,-0.012494921469432535,0.014277419379077729
1997-07-28,NIFTY 50,1185.25,1187.85,1176.95,1181.65,-0.002873200945617632,0.014299081558209943
1997-07-29,NIFTY 50,1182.60,1190.55,1180.10,1190.3,0.007293609347538772,0.013711267573204424
1997-07-30,NIFTY 50,1196.65,1205.80,1195.85,1197.9,0.0063646475634514515,0.013701987750384797
1997-07-31,NIFTY 50,1203.95,1224.70,1201.85,1221.5,0.01950958796050985,0.01377086707238053
1997-08-01,NIFTY 50,1224.40,1233.85,1219.90,1232.4,0.008883876024717855,0.01381884673560895
1997-08-04,NIFTY 50,1238.75,1254.50,1237.95,1250.4,0.01450001238475404,0.014159003759549102
1997-08-05,NIFTY 50,1250.50,1275.45,1249.70,1273.15,0.01803064440167323,0.014535514346675946
1997-08-06,NIFTY 50,1273.65,1297.10,1273.65,1292.95,0.01543228475497538,0.014515755864606057
1997-08-07,NIFTY 50,1292.80,1292.80,1259.05,1269.65,-0.018185157344514088,0.013762284029799924
1997-08-08,NIFTY 50,1269.55,1269.55,1253.20,1256.95,-0.010053120367704225,0.013992444663515327
1997-08-11,NIFTY 50,1256.85,1260.00,1247.65,1258.35,0.0011131874087159028,0.013515936556549556
1997-08-12,NIFTY 50,1258.50,1272.00,1243.95,1248.45,-0.007898557100199377,0.011813220970127922
1997-08-13,NIFTY 50,1248.30,1251.40,1240.90,1244.6,-0.0030885887250964575,0.011812387275135387
1997-08-14,NIFTY 50,1244.40,1245.80,1226.10,1227.9,-0.013508799968650332,0.01233622703300458
1997-08-18,NIFTY 50,1228.40,1228.45,1198.75,1201.45,-0.021776232504213112,0.013414572125453042
1997-08-19,NIFTY 50,1201.50,1203.15,1177.10,1180.7,-0.01742167774918985,0.013635026580973044
1997-08-20,NIFTY 50,1179.55,1200.25,1178.65,1198.2,0.014712947736760405,0.013928124401865851
1997-08-21,NIFTY 50,1198.80,1212.15,1179.30,1181.5,-0.014035613022862048,0.013292550157066917
1997-08-22,NIFTY 50,1181.55,1181.60,1158.45,1160.45,-0.017976956717858792,0.013835309883446476
1997-08-25,NIFTY 50,1160.40,1160.40,1119.65,1144.3,-0.01401476458543468,0.013901889376264291
1997-08-26,NIFTY 50,1144.55,1160.45,1144.05,1151.75,0.006489428492357262,0.014019205034003033
1997-08-27,NIFTY 50,1152.40,1184.85,1152.40,1168.4,0.014352766697559718,0.014331837507652942
1997-08-28,NIFTY 50,1168.40,1168.40,1132.25,1134.65,-0.02931105819795457,0.01554513169339936
1997-08-29,NIFTY 50,1134.20,1134.20,1098.90,1105.0,-0.026478898363778314,0.01548626570000569
1997-09-01,NIFTY 50,1105.45,1115.00,1097.95,1104.7,-0.0002715300736236954,0.01518630777473588
1997-09-02,NIFTY 50,1104.90,1125.85,1102.45,1117.15,0.01120699444726605,0.014974780344578349
1997-09-03,NIFTY 50,1118.45,1145.40,1118.45,1134.7,0.015587499471448349,0.014780275651692796
1997-09-04,NIFTY 50,1134.30,1138.80,1123.70,1137.15,0.0021568333734788203,0.014059131325046723
1997-09-05,NIFTY 50,1137.20,1152.30,1137.20,1149.25,0.010584423515914753,0.014262344759965306
1997-09-08,NIFTY 50,1148.70,1160.85,1136.85,1158.25,0.007800689610420476,0.014485207079648834
1997-09-09,NIFTY 50,1158.30,1168.35,1154.95,1159.55,0.0011217535044603503,0.014485369118441158
1997-09-10,NIFTY 50,1159.00,1159.00,1143.95,1154.55,-0.0043213411527820685,0.01445790636297755
1997-09-11,NIFTY 50,1154.60,1163.30,1152.55,1154.3,-0.00021655802756954614,0.01448073525824124
1997-09-12,NIFTY 50,1154.20,1154.20,1138.25,1142.85,-0.009968957033738256,0.014376644459169115
1997-09-15,NIFTY 50,1142.75,1143.35,1136.30,1141.0,-0.0016200717250526779,0.013726383409898808
1997-09-16,NIFTY 50,1141.10,1149.25,1137.80,1140.15,-0.0007452381819164645,0.013276580831023475
1997-09-17,NIFTY 50,1140.30,1141.75,1132.75,1134.2,-0.005232276100231562,0.012712190143060374
1997-09-18,NIFTY 50,1133.60,1133.60,1101.65,1109.35,-0.022153298381336423,0.013211460005152139
1997-09-19,NIFTY 50,1109.60,1115.15,1099.60,1104.3,-0.004562608145506188,0.012751645048778504
1997-09-22,NIFTY 50,1104.25,1104.25,1082.50,1085.0,-0.01763166307852517,0.012947980843021746
1997-09-23,NIFTY 50,1084.40,1090.95,1079.60,1088.65,0.0033584095237681757,0.012850084769783412
1997-09-24,NIFTY 50,1089.15,1108.15,1089.15,1100.85,0.011144212160853328,0.012642799873257385
1997-09-25,NIFTY 50,1100.85,1112.40,1098.35,1111.35,0.009492883871594176,0.01129449023834002
1997-09-26,NIFTY 50,1111.65,1122.25,1111.65,1116.1,0.004264973130893653,0.009617235084378152
1997-09-29,NIFTY 50,1124.90,1133.40,1122.60,1125.7,0.008564598699089212,0.009781496872321967
1997-09-30,NIFTY 50,1125.65,1125.65,1112.50,1123.8,-0.001689264682660588,0.009489890565766686
1997-10-01,NIFTY 50,1123.45,1123.45,1102.45,1114.7,-0.008130489282519995,0.008944820994620316
1997-10-09,NIFTY 50,1119.10,1135.95,1118.65,1134.55,0.017650786131700954,0.009847881686117709
1997-10-10,NIFTY 50,1135.30,1166.05,1133.60,1163.55,0.025239580077711425,0.011145584489376284
1997-10-13,NIFTY 50,1165.50,1177.50,1153.85,1156.95,-0.005688444556872295,0.011096105649366294
1997-10-14,NIFTY 50,1156.45,1158.80,1131.00,1137.9,-0.016602773685154892,0.011689047917379358
1997-10-15,NIFTY 50,1138.45,1152.65,1138.45,1150.45,0.010968711802578636,0.011953441115426398
1997-10-16,NIFTY 50,1150.45,1171.60,1150.45,1168.35,0.015439326868525352,0.012452965144968875
1997-10-17,NIFTY 50,1168.75,1181.15,1168.70,1177.8,0.008055794476403233,0.012298725978917294
1997-10-20,NIFTY 50,1177.50,1189.40,1172.05,1188.2,0.008791265411170724,0.012379512458659429
1997-10-21,NIFTY 50,1188.20,1192.00,1171.20,1174.95,-0.01121396344028388,0.01271953857785673
1997-10-22,NIFTY 50,1175.55,1184.90,1168.30,1169.85,-0.004350058036740599,0.012696459290123212
1997-10-23,NIFTY 50,1169.40,1171.05,1140.80,1151.65,-0.015679838795702145,0.012130346621727682
1997-10-24,NIFTY 50,1151.45,1151.45,1122.55,1136.65,-0.013110356903559104,0.01251348460895705
1997-10-27,NIFTY 50,1136.00,1136.00,1116.00,1120.8,-0.01404262372255819,0.01224846164598798
1997-10-28,NIFTY 50,1120.60,1120.60,1028.20,1032.6,-0.08196282257724856,0.022325448286989315
1997-10-29,NIFTY 50,1033.00,1108.50,1033.00,1107.0,0.06957376026308813,0.02745767180267713
1997-10-30,NIFTY 50,1106.90,1106.90,1080.15,1085.25,-0.019843278528933913,0.02772183703303418
1997-11-03,NIFTY 50,1085.75,1096.05,1071.20,1084.0,-0.0011524721801113816,0.02769219998437133
1997-11-04,NIFTY 50,1083.80,1097.05,1079.55,1090.2,0.005703262630588961,0.027645039756046517
1997-11-05,NIFTY 50,1091.20,1096.05,1081.90,1085.0,-0.0047811786556205904,0.027654196025861975
1997-11-06,NIFTY 50,1084.80,1085.20,1068.40,1080.95,-0.0037397028740864587,0.02761833921141135
1997-11-07,NIFTY 50,1081.15,1081.45,1072.15,1074.8,-0.00570568635913736,0.02725570860962884
1997-11-10,NIFTY 50,1074.50,1074.50,1064.40,1065.9,-0.008315085046244992,0.02646633619112192
1997-11-11,NIFTY 50,1065.90,1076.50,1064.30,1073.35,0.006965086005006266,0.02658445974718264
1997-11-12,NIFTY 50,1073.30,1073.30,1042.35,1045.0,-0.026767713301186002,0.026937929489557883
1997-11-13,NIFTY 50,1044.55,1044.55,1013.10,1022.4,-0.02186408077564103,0.026961557143930386
1997-11-17,NIFTY 50,1022.30,1028.50,1014.55,1024.95,0.0024910262716267965,0.02657486422388438
1997-11-18,NIFTY 50,1025.30,1025.40,1004.20,1009.8,-0.014891539470081743,0.02640602562917676
1997-11-19,NIFTY 50,1009.55,1009.55,971.20,987.85,-0.02197670606540116,0.02629101776318983
1997-11-20,NIFTY 50,987.70,1004.80,974.20,995.15,0.00736261520581528,0.02654428060853145
1997-11-21,NIFTY 50,994.85,1014.50,990.40,1005.75,0.010595331264668217,0.026869834101891237
1997-11-24,NIFTY 50,1005.70,1010.65,979.75,981.25,-0.024661541733279457,0.02708691779539414
1997-11-25,NIFTY 50,981.10,1015.20,974.70,1010.7,0.029571169983998703,0.02831704027176296
1997-11-26,NIFTY 50,1011.40,1028.90,1011.05,1016.85,0.006066453464467337,0.02836862039411898
1997-11-27,NIFTY 50,1016.95,1048.95,1011.90,1046.75,0.028980512354168327,0.02280025896696429
1997-11-28,NIFTY 50,1046.35,1046.35,1014.85,1023.95,-0.022022428616931218,0.01658603576677822
1997-12-01,NIFTY 50,1023.85,1033.90,1008.45,1032.65,0.008460616451337489,0.01635999051465078
1997-12-02,NIFTY 50,1033.15,1041.25,1024.85,1029.8,-0.0027637051216180784,0.016357054869452253
1997-12-03,NIFTY 50,1030.20,1037.40,1022.05,1030.7,0.0008735744307061731,0.016263954668022947
1997-12-04,NIFTY 50,1030.20,1036.60,1007.80,1011.75,-0.018556678286772182,0.01663936109450116
1997-12-05,NIFTY 50,1011.40,1024.35,1002.45,1006.3,-0.0054012668166875015,0.016644794667850075
1997-12-08,NIFTY 50,1006.65,1014.15,1003.20,1008.8,0.002481267711422165,0.01669032339263338
1997-12-09,NIFTY 50,1008.50,1011.50,979.70,984.05,-0.02484007588126349,0.017354329039510494
1997-12-10,NIFTY 50,983.20,983.20,965.85,971.9,-0.012423790260021363,0.01725110263856741
1997-12-11,NIFTY 50,971.70,978.80,943.00,973.65,0.0017989776381623745,0.016517874439589807
1997-12-12,NIFTY 50,973.70,979.10,963.85,965.15,-0.00876836647370309,0.016004683397904625
1997-12-15,NIFTY 50,965.00,980.65,957.20,979.85,0.015115969051178927,0.016469935036090604
1997-12-16,NIFTY 50,980.00,1007.75,979.80,1002.35,0.022703023325421984,0.01708506931319059
1997-12-17,NIFTY 50,1002.25,1017.60,1002.15,1013.15,0.010717046260853031,0.016461658092701576
1997-12-18,NIFTY 50,1013.50,1023.85,1008.15,1009.7,-0.003411032301062821,0.01642784250649743
1997-12-19,NIFTY 50,1009.30,1029.75,1006.80,1028.4,0.018350939381459007,0.016761229273943277
1997-12-22,NIFTY 50,1028.45,1053.40,1028.45,1051.4,0.022118412993613345,0.01623068829034316
1997-12-23,NIFTY 50,1051.45,1066.25,1049.55,1054.8,0.0032285660937838873,0.015023560132830346
1997-12-24,NIFTY 50,1054.80,1055.50,1032.95,1054.15,-0.0006164205131291004,0.015005834176092286
1997-12-26,NIFTY 50,1054.15,1066.00,1054.15,1061.45,0.006901142912008459,0.013652160263190176
1997-12-29,NIFTY 50,1061.65,1081.50,1060.20,1079.0,0.01639878838012384,0.01297323188727168
1997-12-30,NIFTY 50,1078.75,1080.20,1054.55,1058.5,-0.019181874683214757,0.01376628698380283
1997-12-31,NIFTY 50,1058.45,1083.35,1057.75,1079.4,0.019552519609622662,0.014318352240617189
1998-01-01,NIFTY 50,1078.95,1084.50,1074.15,1081.2,0.0016662042177501145,0.014315141248195827
1998-01-02,NIFTY 50,1081.00,1091.30,1081.00,1086.2,0.00461383119845234,0.01344149760512544
1998-01-05,NIFTY 50,1086.60,1102.15,1086.60,1091.65,0.005004946508380787,0.013277159867340828
1998-01-06,NIFTY 50,1091.25,1091.25,1074.10,1079.15,-0.011516618904146106,0.013726678190791167
1998-01-07,NIFTY 50,1079.95,1097.30,1071.75,1082.4,0.0030071036515988145,0.012020877210673412
1998-01-08,NIFTY 50,1082.05,1082.05,1054.00,1057.75,-0.023036787256401476,0.01301282413118868
1998-01-09,NIFTY 50,1057.65,1057.65,1028.70,1033.55,-0.02314453235493197,0.014381640578183303
1998-01-12,NIFTY 50,1033.20,1033.20,992.50,995.8,-0.03720832303716261,0.016806528027538334
1998-01-13,NIFTY 50,995.70,1016.80,995.70,999.1,0.00330843953089068,0.01651016343027066
1998-01-14,NIFTY 50,999.45,1019.85,990.75,997.55,-0.0015526009179027806,0.015700957389682146
1998-01-15,NIFTY 50,997.50,1001.30,975.65,989.65,-0.007950927554326059,0.015569635782351012
1998-01-16,NIFTY 50,990.05,999.80,987.10,997.8,0.008201510160192934,0.015697799466291146
1998-01-19,NIFTY 50,998.30,1019.75,992.05,1017.25,0.01930533145486229,0.01575974561232693
1998-01-20,NIFTY 50,1017.25,1029.65,1008.80,1011.45,-0.005717963033098599,0.014856160397383428
1998-01-21,NIFTY 50,1011.60,1017.75,1003.90,1012.4,0.0009388048222682319,0.01482304411175339
1998-01-22,NIFTY 50,1012.20,1012.20,990.85,992.35,-0.020003161032701385,0.015348830718126519
1998-01-23,NIFTY 50,992.20,992.45,984.55,986.8,-0.0056084829830659886,0.015177154564441056
1998-01-27,NIFTY 50,986.90,988.00,959.40,963.3,-0.02410249489162369,0.01506340280720634
1998-01-28,NIFTY 50,962.65,969.70,940.10,944.8,-0.019391624880425402,0.015073374023682744
1998-01-29,NIFTY 50,944.55,944.55,929.05,941.35,-0.003658249712431655,0.013874086199094608
1998-01-30,NIFTY 50,941.40,965.30,941.40,963.45,0.02320557720119027,0.015329018349920447
1998-02-02,NIFTY 50,963.45,978.05,962.25,976.6,0.013556559255648783,0.01577173809437337
1998-02-03,NIFTY 50,977.05,979.55,967.85,975.25,-0.0013833032407940577,0.015615583685645307
1998-02-04,NIFTY 50,975.90,988.40,965.45,967.95,-0.007513415336807367,0.015561824169884634
1998-02-05,NIFTY 50,968.15,980.45,968.15,976.1,0.00838460713096106,0.015760593281120647
1998-02-06,NIFTY 50,976.10,981.20,971.90,977.65,0.001586692591364294,0.015244625304849501
1998-02-09,NIFTY 50,977.55,980.75,973.10,976.1,-0.0015866925913644047,0.014561931853645557
1998-02-10,NIFTY 50,976.10,976.10,962.00,963.7,-0.012784997323677667,0.012392263178480573
1998-02-11,NIFTY 50,964.25,971.75,956.00,958.9,-0.004993248697606348,0.012356832266375538
1998-02-12,NIFTY 50,959.05,960.25,949.65,956.65,-0.002349195828623713,0.012356416893486677
1998-02-13,NIFTY 50,956.80,978.15,956.80,974.55,0.01853822766363791,0.013093189441492783
1998-02-17,NIFTY 50,974.65,1002.15,974.65,991.7,0.01744481619742981,0.013580554124432835
1998-02-18,NIFTY 50,992.15,997.80,984.00,988.85,-0.002877990424045406,0.012776574551280395
1998-02-19,NIFTY 50,988.95,1001.10,988.95,997.55,0.008759621053036244,0.01292921249642349
1998-02-20,NIFTY 50,997.10,1006.25,991.85,993.65,-0.003917240846776656,0.012942566998983837
1998-02-23,NIFTY 50,994.10,1011.70,994.10,1009.6,0.01592445981265536,0.012646564177725111
1998-02-24,NIFTY 50,1009.50,1017.55,1007.40,1014.1,0.004447306831002046,0.012575485478849216
1998-02-25,NIFTY 50,1014.10,1037.15,1014.10,1036.05,0.021413885585140867,0.011820008731678218
1998-02-26,NIFTY 50,1036.30,1048.55,1032.40,1045.8,0.009366737550938708,0.010551902961129784
1998-02-27,NIFTY 50,1045.85,1064.15,1045.75,1060.75,0.014194062328404049,0.010529028360286184
1998-03-02,NIFTY 50,1060.90,1100.80,1060.90,1098.2,0.03469627076233796,0.011760462554964853
1998-03-03,NIFTY 50,1099.25,1101.95,1046.75,1063.5,-0.032107120204480366,0.014452207387634272
1998-03-04,NIFTY 50,1062.70,1094.45,1062.70,1092.35,0.02676598313180984,0.015223580318648084
1998-03-05,NIFTY 50,1091.95,1098.90,1079.95,1083.35,-0.008273246619385624,0.015259117768542737
1998-03-06,NIFTY 50,1083.30,1086.00,1073.25,1081.45,-0.0017553589134052974,0.015331118930909358
1998-03-09,NIFTY 50,1081.95,1100.40,1081.95,1099.5,0.01655279775550527,0.015513503779687006
1998-03-10,NIFTY 50,1099.35,1102.85,1082.70,1086.05,-0.01230827004511335,0.015963560738036668
1998-03-11,NIFTY 50,1086.65,1102.60,1074.55,1083.0,-0.002812292948711808,0.015517229978057209
1998-03-12,NIFTY 50,1083.35,1083.95,1072.40,1077.5,-0.00509142502308771,0.015520851017473173
1998-03-16,NIFTY 50,1077.75,1102.60,1077.75,1090.45,0.011946912085332346,0.015453360644054273
1998-03-17,NIFTY 50,1090.25,1090.25,1072.70,1083.3,-0.006578517111713472,0.015448024624534
1998-03-18,NIFTY 50,1083.85,1108.20,1083.85,1103.35,0.01833906837756772,0.015486305062777204
1998-03-19,NIFTY 50,1103.80,1113.45,1099.80,1105.8,0.002218048574743028,0.015385670461712844
1998-03-20,NIFTY 50,1105.50,1112.40,1097.75,1109.6,0.0034305350967892222,0.01537401315107078
1998-03-23,NIFTY 50,1110.10,1124.80,1110.10,1124.1,0.012983125467129451,0.015303718488505253
1998-03-24,NIFTY 50,1124.25,1137.80,1117.35,1120.85,-0.0028953894478463684,0.015250722383839082
1998-03-25,NIFTY 50,1121.45,1149.35,1121.45,1146.95,0.023018919180231998,0.01575773519093014
1998-03-26,NIFTY 50,1147.65,1156.70,1127.30,1129.5,-0.015331188292078982,0.0160248954148798
1998-03-27,NIFTY 50,1129.50,1142.10,1121.20,1140.35,0.009560175904100895,0.016028161041819804
1998-03-30,NIFTY 50,1140.60,1146.65,1122.95,1124.85,-0.013685539396650848,0.016334339873140872
1998-03-31,NIFTY 50,1124.75,1127.50,1111.85,1116.9,-0.007092702868726971,0.014642677929020301
1998-04-01,NIFTY 50,1117.15,1151.00,1117.15,1150.1,0.029291904551754525,0.013781642138236856
1998-04-02,NIFTY 50,1150.40,1169.55,1150.40,1157.4,0.006327215041202865,0.012714413881070892
1998-04-03,NIFTY 50,1157.90,1174.55,1157.30,1173.45,0.01377201765946084,0.012650924526607389
1998-04-06,NIFTY 50,1173.55,1191.55,1173.55,1187.1,0.011565230260288863,0.012682883332832287
1998-04-07,NIFTY 50,1187.35,1199.55,1184.00,1187.8,0.000589498522271546,0.012394100934411446
1998-04-09,NIFTY 50,1189.40,1224.25,1189.40,1209.6,0.01818686984350874,0.012173883320356819
1998-04-10,NIFTY 50,1209.75,1209.90,1189.45,1192.4,-0.014321643621351972,0.012835901697453774
1998-04-13,NIFTY 50,1191.65,1191.65,1156.85,1159.45,-0.0280223280734718,0.01466136211824114
1998-04-15,NIFTY 50,1159.55,1210.60,1159.55,1206.3,0.03961206884089337,0.016653564136909358
1998-04-16,NIFTY 50,1206.35,1215.05,1194.50,1197.05,-0.007697626791350128,0.01669651094537175
1998-04-17,NIFTY 50,1197.05,1211.80,1189.75,1210.0,0.01076016281079878,0.016462010195685915
1998-04-20,NIFTY 50,1210.05,1222.55,1202.20,1207.15,-0.00235815015262346,0.016528724847486388
1998-04-21,NIFTY 50,1207.20,1218.95,1207.20,1212.75,0.004628298687162639,0.016527255695458286
1998-04-22,NIFTY 50,1212.95,1247.15,1208.00,1210.8,-0.0016092099777623413,0.01645239902893162
1998-04-23,NIFTY 50,1210.25,1211.30,1179.75,1182.1,-0.023988780391232308,0.017538678902067364
1998-04-24,NIFTY 50,1182.15,1183.75,1144.85,1173.8,-0.0070461686320971535,0.016981482403887267
1998-04-27,NIFTY 50,1173.85,1180.20,1161.20,1164.35,-0.008083357744989465,0.016685861298894673
1998-04-28,NIFTY 50,1164.10,1164.30,1144.55,1146.8,-0.015187536370029908,0.01697333264248478
1998-04-29,NIFTY 50,1151.30,1178.05,1147.00,1151.1,0.003742551911801638,0.01666304192234985
1998-04-30,NIFTY 50,1151.40,1161.00,1137.80,1159.35,0.0071414962999732795,0.01659614789363581
1998-05-04,NIFTY 50,1159.80,1185.75,1159.80,1185.15,0.022009845615862455,0.016033091594482057
1998-05-05,NIFTY 50,1185.20,1191.25,1177.30,1188.1,0.0024860436273896917,0.015995198126781757
1998-05-06,NIFTY 50,1188.00,1196.70,1169.15,1172.45,-0.013259815976326049,0.01602870212998342
1998-05-08,NIFTY 50,1172.10,1172.20,1157.30,1161.55,-0.00934025642094185,0.015913116268003808
1998-05-11,NIFTY 50,1162.20,1162.95,1156.45,1160.3,-0.0010767277134740782,0.015908233146483687
1998-05-12,NIFTY 50,1160.15,1160.15,1100.10,1132.25,-0.024471788917176416,0.01603541991525159
1998-05-13,NIFTY 50,1132.10,1132.10,1091.25,1094.1,-0.034274695953579154,0.017325737829004654
1998-05-14,NIFTY 50,1094.05,1121.75,1081.60,1118.65,0.022190493636341152,0.017345641509242515
1998-05-15,NIFTY 50,1119.15,1130.40,1104.20,1110.1,-0.007672499780483851,0.014373084870137436
1998-05-18,NIFTY 50,1110.65,1130.00,1110.65,1119.8,0.008699996576191414,0.014625851477528285
1998-05-19,NIFTY 50,1119.80,1125.15,1116.20,1121.75,0.0017398679412999186,0.014303842641456604
1998-05-20,NIFTY 50,1121.70,1142.95,1121.70,1141.3,0.017277997703461535,0.015060916848697271
1998-05-21,NIFTY 50,1141.65,1146.35,1120.35,1126.15,-0.013363227812167028,0.015130730243898868
1998-05-22,NIFTY 50,1126.10,1131.25,1118.50,1126.55,0.0003551294040073466,0.015151406996105198
1998-05-25,NIFTY 50,1125.90,1127.00,1111.20,1122.95,-0.0032007140016629505,0.01437256132036469
1998-05-26,NIFTY 50,1123.15,1123.15,1101.55,1104.45,-0.016611677666896228,0.014685225793295184
1998-05-27,NIFTY 50,1104.05,1107.20,1089.00,1090.95,-0.012298597214176175,0.01479120889296612
1998-05-28,NIFTY 50,1090.50,1097.00,1073.30,1075.55,-0.014216717636852564,0.014751530562855934
1998-05-29,NIFTY 50,1075.35,1077.15,1037.95,1063.15,-0.011595959179096386,0.014769911158639338
1998-06-01,NIFTY 50,1064.10,1100.00,1049.40,1053.75,-0.008880969136645354,0.014568423783573339
1998-06-02,NIFTY 50,1053.40,1053.65,1016.25,1019.6,-0.03294483681410483,0.014432470469165562
1998-06-03,NIFTY 50,1019.35,1037.30,1009.95,1033.9,0.01392766609068719,0.015063080105320151
1998-06-04,NIFTY 50,1034.10,1044.40,1023.35,1027.0,-0.006696128664089307,0.014989714391304839
1998-06-05,NIFTY 50,1026.60,1026.60,989.20,993.5,-0.03316314793668674,0.016120881870346174
1998-06-08,NIFTY 50,993.50,1003.15,936.55,968.6,-0.025382332022742725,0.016498005560928772
1998-06-09,NIFTY 50,968.90,1002.45,964.70,995.05,0.026941257183193214,0.01791019289121244
1998-06-10,NIFTY 50,994.55,998.65,959.60,962.9,-0.03284342290608379,0.017795691408499004
1998-06-11,NIFTY 50,962.15,964.65,929.95,961.35,-0.001611017627892661,0.016535229492448286
1998-06-12,NIFTY 50,961.60,987.30,961.60,971.15,0.010142389659796216,0.01700303443668804
1998-06-15,NIFTY 50,970.95,970.95,914.30,916.8,-0.05759159031766675,0.020036614472627
1998-06-16,NIFTY 50,916.25,916.25,862.15,910.1,-0.007334862377164995,0.01985870993592134
1998-06-17,NIFTY 50,910.90,980.30,910.90,976.5,0.07042026673342366,0.026281306463429188
1998-06-18,NIFTY 50,977.00,990.15,952.65,956.15,-0.02105994580775037,0.02642306473407018
1998-06-19,NIFTY 50,955.05,955.05,910.55,913.25,-0.04590513883359141,0.027633424221879428
1998-06-22,NIFTY 50,912.90,912.90,853.30,880.2,-0.03686051129840076,0.028185272927503353
1998-06-23,NIFTY 50,882.20,882.20,853.05,875.6,-0.00523978872828317,0.028205826082197998
1998-06-24,NIFTY 50,875.45,910.05,873.60,908.5,0.03688552218751806,0.030215157379927107
1998-06-25,NIFTY 50,908.65,939.15,908.65,932.15,0.025698858105244613,0.03116619676082807
1998-06-26,NIFTY 50,931.80,932.50,914.45,924.35,-0.008402958143015903,0.031150422903465258
1998-06-29,NIFTY 50,923.20,951.20,916.65,949.1,0.02642337933799189,0.032025928541099306
1998-06-30,NIFTY 50,949.45,952.75,933.00,941.65,-0.007880511495690419,0.03136796448504458
1998-07-01,NIFTY 50,941.60,945.55,916.50,942.25,0.0006369765064885379,0.031108405466596763
1998-07-02,NIFTY 50,941.65,941.65,918.10,919.9,-0.0240056636641333,0.03140793218865978
1998-07-03,NIFTY 50,920.05,920.05,898.65,900.55,-0.02125928070004508,0.03096592641249663
1998-07-06,NIFTY 50,901.00,919.50,900.90,917.35,0.018483391041662245,0.030993150450074475
1998-07-07,NIFTY 50,917.45,936.00,917.45,924.7,0.00798028175886437,0.030320856866494817
1998-07-08,NIFTY 50,925.15,948.30,924.95,944.15,0.020815691243993965,0.02997526918649564
1998-07-09,NIFTY 50,944.10,966.10,944.10,961.05,0.017741384925553345,0.03026489162495805
1998-07-10,NIFTY 50,961.65,982.20,961.65,980.15,0.019679184423293174,0.030507515897034345
1998-07-13,NIFTY 50,980.30,991.70,959.40,964.35,-0.016251321920627875,0.02763216108877467
1998-07-14,NIFTY 50,964.10,970.30,954.50,967.35,0.003106074868690596,0.027534468817650908
1998-07-15,NIFTY 50,968.05,988.55,968.05,971.4,0.0041779557871483115,0.022534124724853312
1998-07-16,NIFTY 50,972.00,1005.90,969.55,1004.05,0.0330587698968242,0.023146224859973995
1998-07-17,NIFTY 50,1005.10,1015.55,996.60,1000.95,-0.003092271790743425,0.02023618561081995
1998-07-20,NIFTY 50,1001.90,1002.40,973.75,977.3,-0.02391116067293524,0.01901036240984446
1998-07-21,NIFTY 50,977.65,983.40,960.85,965.5,-0.012147565476220869,0.019271593337520876
1998-07-22,NIFTY 50,965.55,976.50,959.50,965.7,0.0002071251043031212,0.017751516585723333
1998-07-23,NIFTY 50,965.35,965.35,931.75,934.4,-0.032948614898909656,0.0186357124921974
1998-07-24,NIFTY 50,933.50,934.75,915.50,920.1,-0.015422252285646965,0.018869316104937577
1998-07-27,NIFTY 50,919.40,929.45,895.85,899.35,-0.022810079614335725,0.01841508236590505
1998-07-28,NIFTY 50,899.10,920.00,897.65,917.25,0.019707783061411646,0.01902902083930978
1998-07-29,NIFTY 50,917.40,940.15,917.40,937.85,0.02220995827095882,0.019743370246601652
1998-07-30,NIFTY 50,938.15,949.85,926.80,932.6,-0.0056136371321297614,0.018991894390974828
1998-07-31,NIFTY 50,932.60,939.60,925.25,931.4,-0.0012875538259436727,0.018289373127486592
1998-08-03,NIFTY 50,930.80,930.80,903.50,906.0,-0.027649524505297427,0.018956127384198725
1998-08-04,NIFTY 50,905.65,913.45,903.15,906.2,0.0002207261900586499,0.01884989649603072
1998-08-05,NIFTY 50,905.65,911.80,890.95,907.45,0.0013784359693718422,0.018153568174746695
1998-08-06,NIFTY 50,907.90,919.00,900.20,902.75,-0.005192808044842571,0.017556633366329292
1998-08-07,NIFTY 50,902.75,903.55,892.90,895.55,-0.008007605486299642,0.016735920360457103
1998-08-10,NIFTY 50,895.15,895.15,877.55,878.75,-0.01893761154639281,0.016845502214774717
1998-08-11,NIFTY 50,878.70,878.70,863.65,866.5,-0.014038333969213869,0.01686637053125786
1998-08-12,NIFTY 50,866.35,871.40,853.10,860.1,-0.007413447598226881,0.01671460307326278
1998-08-13,NIFTY 50,859.80,878.40,854.50,872.25,0.014027418509449685,0.014801077244469272
1998-08-14,NIFTY 50,872.85,876.80,863.55,864.1,-0.009387577219529894,0.014779716901513057
1998-08-17,NIFTY 50,864.35,873.20,853.05,854.55,-0.011113488252839393,0.014294062577707024
1998-08-18,NIFTY 50,854.55,854.80,831.10,832.45,-0.026201854603652992,0.014907693500965817
1998-08-19,NIFTY 50,832.85,853.90,830.15,838.3,0.007002871652950485,0.015165747279173735
1998-08-20,NIFTY 50,839.30,871.15,839.30,868.7,0.03562180962206327,0.016683303969757368
1998-08-21,NIFTY 50,868.55,871.15,853.40,855.45,-0.015370194995217277,0.016681373825829193
1998-08-24,NIFTY 50,855.20,860.95,845.35,859.8,0.005072157791523608,0.016151890484071892
1998-08-25,NIFTY 50,859.85,874.15,859.85,871.9,0.013974934371588144,0.015788511008914274
1998-08-27,NIFTY 50,872.15,889.70,872.15,877.45,0.006345235225846513,0.014850513398910532
1998-08-28,NIFTY 50,877.15,877.15,847.15,849.8,-0.0320189459789046,0.016178730207905282
1998-08-31,NIFTY 50,850.30,858.60,841.10,852.8,0.0035240257308688724,0.01626687648635537
1998-09-01,NIFTY 50,852.75,852.75,832.05,834.55,-0.021632395987153604,0.015865084932822758
1998-09-02,NIFTY 50,834.55,847.95,834.55,842.5,0.009481004802090342,0.016130945510058125
1998-09-03,NIFTY 50,842.30,852.05,838.75,846.45,0.0046774708567421455,0.016201722767399833
1998-09-04,NIFTY 50,846.90,868.05,846.90,866.5,0.023410976072401928,0.01726978868777391
1998-09-07,NIFTY 50,866.90,889.45,866.90,887.1,0.023495606370880426,0.018113787899537787
1998-09-08,NIFTY 50,887.25,902.05,882.60,899.95,0.014381490698946914,0.017856667018478895
1998-09-09,NIFTY 50,900.20,916.80,900.20,903.6,0.0040475783683601016,0.017499156466832654
1998-09-10,NIFTY 50,903.15,913.20,897.35,907.4,0.004196582636015243,0.01735909718949232
1998-09-11,NIFTY 50,907.10,907.10,893.30,899.7,-0.008521992806790326,0.017315305904960738
1998-09-14,NIFTY 50,900.20,921.65,900.20,920.5,0.0228556262500595,0.017739254530629207
1998-09-15,NIFTY 50,920.10,923.20,915.60,920.8,0.00032585673454037906,0.017436601318941702
1998-09-16,NIFTY 50,921.40,926.55,912.60,914.5,-0.006865389576752507,0.01618021286344654
1998-09-17,NIFTY 50,914.45,919.95,908.55,910.1,-0.004822984247610343,0.016307219970167534
1998-09-18,NIFTY 50,910.00,910.00,899.95,901.65,-0.009328065430029269,0.01475956260080602
1998-09-21,NIFTY 50,902.10,908.05,895.85,897.7,-0.004390481390637944,0.014281343905269066
1998-09-22,NIFTY 50,897.85,900.80,891.40,897.25,-0.0005014067349261964,0.014281050171141651
1998-09-23,NIFTY 50,897.90,910.75,897.90,907.75,0.011634480266728572,0.01418818337445868
1998-09-24,NIFTY 50,908.20,936.50,908.20,934.8,0.029363592370257697,0.0154366309324618
1998-09-25,NIFTY 50,935.30,945.25,933.00,934.95,0.0001604492582665333,0.013072274544568194
1998-09-28,NIFTY 50,935.60,941.45,926.00,927.9,-0.007569083563835718,0.01336029592077966
1998-09-29,NIFTY 50,928.30,932.50,902.40,908.4,-0.021239158127730254,0.013320477508212438
1998-09-30,NIFTY 50,908.30,912.25,896.05,904.95,-0.003805116676522863,0.013376504526927267
1998-10-05,NIFTY 50,904.75,904.75,839.30,840.75,-0.07358534293450154,0.021819816530833966
1998-10-06,NIFTY 50,839.95,848.20,820.10,845.75,0.005929457040438982,0.021158519595478213
1998-10-07,NIFTY 50,846.15,875.75,846.05,874.25,0.03314256828266738,0.021850077435771165
1998-10-08,NIFTY 50,874.65,885.25,845.10,847.95,-0.030544704154075675,0.022514056412132204
1998-10-09,NIFTY 50,847.95,861.55,842.10,849.1,0.0013552932159081204,0.02247787178316001
1998-10-12,NIFTY 50,849.70,860.90,832.10,835.8,-0.015787614991502778,0.02257990189102588
1998-10-13,NIFTY 50,835.45,835.75,810.00,816.75,-0.023056299532635383,0.022960068764996
1998-10-14,NIFTY 50,816.55,846.75,816.55,843.55,0.03228612657080431,0.023645315154122888
1998-10-15,NIFTY 50,843.65,845.90,832.10,835.65,-0.009409311917049608,0.023643873174492635
1998-10-16,NIFTY 50,836.25,844.70,829.25,839.5,0.004596611382661354,0.023731244837326745
1998-10-19,NIFTY 50,839.70,840.00,830.10,831.25,-0.009875884547531567,0.023764219907865095
1998-10-20,NIFTY 50,831.15,831.45,803.30,808.7,-0.027502571868287366,0.02429877989040998
1998-10-22,NIFTY 50,809.30,825.20,805.70,811.6,0.00357958784988326,0.02438210892589573
1998-10-23,NIFTY 50,811.85,820.35,804.70,817.35,0.007059791745557283,0.024514470960642947
1998-10-26,NIFTY 50,817.60,854.10,817.60,845.25,0.033565041890778385,0.025741600497659063
1998-10-27,NIFTY 50,845.45,848.25,835.70,841.6,-0.004327599604549918,0.024547892250547942
1998-10-28,NIFTY 50,842.80,857.75,831.55,833.85,-0.009251311915857251,0.02452889124739843
1998-10-29,NIFTY 50,833.55,834.00,818.95,832.25,-0.0019206536124538227,0.0245390200757157
1998-10-30,NIFTY 50,832.65,839.20,826.85,828.85,-0.004093678584259296,0.024255864354684346
1998-10-31,NIFTY 50,828.25,828.25,819.85,824.0,-0.005868667961403386,0.02425677339226916
1998-11-02,NIFTY 50,824.20,829.10,812.30,823.2,-0.0009713453896317809,0.018038541975838172
1998-11-03,NIFTY 50,823.20,825.30,818.60,820.9,-0.002797885165619468,0.01796611113623095
1998-11-05,NIFTY 50,821.35,830.40,821.35,829.15,0.009999780305887322,0.016284656293237852
1998-11-06,NIFTY 50,829.20,842.15,829.20,840.8,0.013952739902633505,0.01528155318051995
1998-11-09,NIFTY 50,841.30,870.50,841.30,864.65,0.02797098120918986,0.016550796583774147
1998-11-10,NIFTY 50,864.80,871.60,859.70,868.7,0.004673040493943786,0.016090489870601438
1998-11-11,NIFTY 50,869.45,882.10,866.60,868.85,0.00017265690238853917,0.014992888781940904
1998-11-12,NIFTY 50,868.45,874.20,857.20,871.75,0.003332187387497042,0.013331372398676112
1998-11-13,NIFTY 50,871.70,877.25,865.00,867.25,-0.005175399705901498,0.013179359924806781
1998-11-16,NIFTY 50,866.50,866.50,854.30,855.35,-0.013816543951558216,0.013613800567499666
1998-11-17,NIFTY 50,855.45,861.65,854.55,860.0,0.0054216473492524455,0.01340251995667337
1998-11-18,NIFTY 50,862.90,876.15,862.90,875.05,0.017348638334612854,0.011930551994015577
1998-11-19,NIFTY 50,875.75,878.85,864.30,865.1,-0.011435920395837672,0.012417133106040642
1998-11-20,NIFTY 50,865.10,867.70,855.35,857.95,-0.008299284454698588,0.01263830768211948
1998-11-21,NIFTY 50,857.85,857.95,853.95,857.4,-0.0006412685677534,0.010300567188427843
1998-11-23,NIFTY 50,856.40,856.40,844.85,847.55,-0.011554719599381407,0.01060888032732761
1998-11-24,NIFTY 50,850.05,851.55,840.75,841.75,-0.00686677652331135,0.010508192638381444
1998-11-26,NIFTY 50,838.85,843.55,821.40,824.45,-0.020766560694206515,0.011529353067310392
1998-11-27,NIFTY 50,823.30,824.65,810.30,812.45,-0.014662123498192023,0.011939049314625284
1998-11-28,NIFTY 50,812.70,817.40,804.30,810.85,-0.001971293683401862,0.011887080923921519
1998-11-30,NIFTY 50,808.60,817.75,800.10,817.75,0.00847358625310994,0.01206635920909505
1998-12-01,NIFTY 50,816.55,820.85,812.25,816.65,-0.0013460599193450534,0.012055106300307093
1998-12-02,NIFTY 50,820.35,826.05,817.35,821.15,0.0054951902844217115,0.011894348325175153
1998-12-03,NIFTY 50,821.30,822.50,814.50,817.05,-0.005005504285776757,0.01142955480261923
1998-12-04,NIFTY 50,816.15,828.35,813.10,828.35,0.01373547788675336,0.009833950547365767
1998-12-07,NIFTY 50,829.75,846.00,828.20,845.15,0.020078356011640153,0.010937463079977111
1998-12-08,NIFTY 50,844.95,853.85,840.50,853.0,0.009245421095492323,0.011190224701731399
1998-12-09,NIFTY 50,855.95,864.70,855.10,856.55,0.004153145684788363,0.011208136984419742
1998-12-10,NIFTY 50,858.60,865.80,858.50,864.4,0.009122931456263488,0.011374477697032336
1998-12-11,NIFTY 50,867.15,874.20,865.70,870.0,0.006457587015898627,0.010990716646729813
1998-12-14,NIFTY 50,871.65,874.75,861.95,863.6,-0.00738351300797707,0.011082919334148098
1998-12-15,NIFTY 50,861.00,861.10,844.55,845.05,-0.021713901436415342,0.011342358226588247
1998-12-16,NIFTY 50,844.65,851.55,836.85,851.55,0.0076624210806078424,0.011287283963190158
1998-12-17,NIFTY 50,835.45,845.10,827.90,830.25,-0.025331358027988925,0.012464812497362369
1998-12-18,NIFTY 50,830.30,838.80,827.30,835.2,0.005944356871518377,0.012579072911259186
1998-12-21,NIFTY 50,845.60,859.55,845.25,859.3,0.028446887190802992,0.013968146869995784
1998-12-22,NIFTY 50,864.55,864.90,851.35,857.3,-0.002330188634467028,0.013875528332926705
1998-12-23,NIFTY 50,866.25,874.65,858.70,858.7,0.0016317019937289498,0.01290329220046487
1998-12-24,NIFTY 50,856.30,863.50,854.75,861.1,0.0027910240236803385,0.012290230647336664
1998-12-28,NIFTY 50,869.75,882.70,866.25,879.85,0.02154079669565095,0.01290794752965834
1998-12-29,NIFTY 50,876.90,881.25,867.80,872.65,-0.008216879326924975,0.013146506902807706
1998-12-30,NIFTY 50,887.40,903.85,887.00,899.95,0.03080464715464251,0.014455566625131052
1998-12-31,NIFTY 50,900.55,902.90,884.25,884.25,-0.01759937813989818,0.015299625162188796
1999-01-01,NIFTY 50,886.75,892.20,882.60,890.8,0.00738010729762246,0.015178823784704094
1999-01-04,NIFTY 50,896.40,905.45,895.75,897.8,0.007827390964619162,0.015042840640949604
1999-01-05,NIFTY 50,901.00,907.20,893.15,907.2,0.01041560662565608,0.014650177617373809
1999-01-06,NIFTY 50,923.30,930.55,915.65,928.25,0.022938160083701843,0.015238838504442478
1999-01-07,NIFTY 50,932.95,961.15,932.95,954.7,0.02809606194679811,0.016146176965778133
1999-01-08,NIFTY 50,969.95,990.05,966.40,990.05,0.03635829189981588,0.017561065649457485
1999-01-11,NIFTY 50,1005.15,1016.30,985.60,985.6,-0.004504854124548161,0.01774200500343758
1999-01-12,NIFTY 50,976.70,985.55,953.90,964.45,-0.0216926021090061,0.018588519034374307
1999-01-13,NIFTY 50,980.30,986.25,958.05,961.2,-0.0033754868079353645,0.017600341838121522
1999-01-14,NIFTY 50,948.00,968.40,944.50,954.75,-0.0067329777566883554,0.017840405266749865
1999-01-15,NIFTY 50,961.70,967.85,932.25,934.3,-0.02165194030671573,0.017519438399442207
1999-01-18,NIFTY 50,938.65,945.05,922.80,944.9,0.011281515989670346,0.017560692425654563
1999-01-19,NIFTY 50,944.15,948.00,923.20,924.1,-0.02225881089458539,0.017833446733702654
1999-01-21,NIFTY 50,935.15,967.20,932.80,967.2,0.045585008406588245,0.020068331393083713
1999-01-22,NIFTY 50,976.60,980.45,955.15,957.05,-0.010549662608464296,0.020391126363982607
1999-01-25,NIFTY 50,954.35,956.65,935.00,949.8,-0.00760420057709723,0.020593196816428808
1999-01-27,NIFTY 50,968.55,985.25,967.65,971.3,0.022383944293263357,0.02062988195006987
1999-01-28,NIFTY 50,971.20,976.75,954.25,955.1,-0.016819333367592882,0.021004994106833378
1999-01-29,NIFTY 50,956.80,966.35,952.70,966.2,0.011554805079614523,0.02016097797180952
1999-02-01,NIFTY 50,962.40,968.05,940.15,940.15,-0.027331415118822762,0.020805485609590335
1999-02-02,NIFTY 50,940.10,945.15,924.95,931.2,-0.009565360024310148,0.020964938318249363
1999-02-03,NIFTY 50,948.00,955.55,940.75,952.4,0.02251103763553426,0.021423811608451356
1999-02-04,NIFTY 50,957.15,958.80,937.50,939.7,-0.013424439223688384,0.02164871948145383
1999-02-05,NIFTY 50,939.65,943.70,930.10,936.3,-0.003624737444175955,0.021088622036172646
1999-02-08,NIFTY 50,937.75,940.90,916.50,916.5,-0.021373870665083686,0.020567828821826544
1999-02-09,NIFTY 50,914.70,924.75,907.45,924.75,0.008961363432803657,0.018703576253773918
1999-02-10,NIFTY 50,938.80,959.60,935.20,959.45,0.03683677290318812,0.020749041076611633
1999-02-11,NIFTY 50,966.85,973.70,958.15,960.05,0.0006251628231740918,0.020189708758783433
1999-02-12,NIFTY 50,965.70,972.75,962.35,970.25,0.01056840381009016,0.020315685042741484
1999-02-15,NIFTY 50,974.10,976.85,954.55,954.55,-0.01631374500834747,0.020605324095128982
1999-02-16,NIFTY 50,952.55,960.25,951.50,958.9,0.004546768918967345,0.019980391803449155
1999-02-17,NIFTY 50,970.10,978.75,953.10,969.05,0.010529415987121014,0.01996131447973518
1999-02-18,NIFTY 50,974.15,989.15,968.70,973.45,0.004530252278162719,0.019183607885225402
1999-02-19,NIFTY 50,979.40,985.40,975.85,976.3,0.002923453806706326,0.016309039038478645
1999-02-22,NIFTY 50,978.50,978.85,953.60,953.85,-0.023263489850099187,0.01699447101063516
1999-02-23,NIFTY 50,949.30,952.65,938.65,949.65,-0.004412930723281274,0.016935851971596333
1999-02-24,NIFTY 50,959.80,961.40,947.95,957.65,0.008388871090424849,0.016236665154742612
1999-02-25,NIFTY 50,954.70,962.60,951.90,954.3,-0.003504279325462124,0.015808603405848182
1999-02-26,NIFTY 50,955.40,955.75,938.20,941.2,-0.013822430570000653,0.01584720836005098
1999-02-27,NIFTY 50,947.35,981.55,932.20,981.3,0.04172256635924038,0.017332531441858867
1999-03-01,NIFTY 50,992.45,1018.40,984.45,1015.8,0.03455353515469675,0.018530264177591297
1999-03-03,NIFTY 50,1066.40,1073.05,1051.80,1051.85,0.034874039212893664,0.01935587348545014
1999-03-04,NIFTY 50,1056.85,1060.55,1030.45,1041.2,-0.010176624459627833,0.019206509468274176
1999-03-05,NIFTY 50,1043.45,1061.40,1033.80,1054.45,0.012645409837363106,0.019160762319299595
1999-03-08,NIFTY 50,1064.35,1080.30,1056.85,1072.1,0.0166000379044206,0.01816720973430004
1999-03-09,NIFTY 50,1074.25,1084.65,1071.75,1078.35,0.005812753235796257,0.018170628729223773
1999-03-10,NIFTY 50,1099.15,1099.80,1062.70,1078.85,0.00046356388740379845,0.01687306297629244
1999-03-11,NIFTY 50,1080.15,1085.40,1059.60,1059.6,-0.018004180587479476,0.017672781383957822
1999-03-12,NIFTY 50,1066.85,1074.15,1057.10,1072.65,0.012240743764600267,0.017704775016366022
1999-03-15,NIFTY 50,1073.15,1082.50,1063.45,1073.95,0.0012112178877575987,0.017013709911997896
1999-03-16,NIFTY 50,1068.85,1075.70,1052.90,1053.15,-0.019557766918904748,0.017942502894333696
1999-03-17,NIFTY 50,1078.20,1088.55,1057.75,1060.65,0.00709625458699203,0.017900045583665716
1999-03-18,NIFTY 50,1061.40,1074.60,1058.25,1074.6,0.013066571576361473,0.0180018840960439
1999-03-19,NIFTY 50,1080.70,1083.15,1056.40,1062.9,-0.010947477755184933,0.018347656734571092
1999-03-20,NIFTY 50,1063.15,1063.65,1053.60,1060.35,-0.002401979254463459,0.01726209510792753
1999-03-22,NIFTY 50,1052.60,1066.60,1044.10,1063.0,0.0024960570568752912,0.017126246522744533
1999-03-23,NIFTY 50,1063.95,1079.85,1063.90,1072.95,0.009316764880554562,0.01713534564699587
1999-03-24,NIFTY 50,1091.15,1091.90,1047.05,1062.8,-0.009504929336844204,0.01735581642532515
1999-03-25,NIFTY 50,1057.95,1068.15,1053.30,1054.9,-0.0074609591978952216,0.0170407296492833
1999-03-26,NIFTY 50,1054.95,1057.80,1033.00,1041.25,-0.013024061206710716,0.015253469018486196
1999-03-30,NIFTY 50,1036.00,1054.65,1028.45,1054.6,0.012739633615316803,0.013561965725960076
1999-03-31,NIFTY 50,1076.95,1090.40,1073.65,1078.05,0.021992305486192007,0.012144014285766603
1999-04-01,NIFTY 50,1082.55,1084.05,1062.45,1063.45,-0.013635513622007146,0.012338088114275265
1999-04-05,NIFTY 50,1030.65,1036.45,1008.35,1011.4,-0.050182830314671405,0.016521481169287894
1999-04-06,NIFTY 50,999.80,1025.95,993.00,1024.2,0.012576310382567365,0.0163050651521943
1999-04-07,NIFTY 50,1027.35,1043.40,1027.00,1031.05,0.006665880417825121,0.016328465209604008
1999-04-08,NIFTY 50,1033.00,1036.95,1015.30,1020.35,-0.010431994771180352,0.016414950407327676
1999-04-09,NIFTY 50,1021.55,1022.15,989.75,993.4,-0.026767582001844672,0.016950731215462016
1999-04-12,NIFTY 50,984.55,999.65,972.70,998.2,0.004820254362258709,0.01667331981686106
1999-04-13,NIFTY 50,991.05,1006.15,989.90,994.25,-0.0039649729477088825,0.016634890827864558
1999-04-15,NIFTY 50,968.40,980.65,964.35,968.6,-0.026136954118671275,0.017022291835431646
1999-04-16,NIFTY 50,970.95,1044.85,965.15,1044.45,0.07539398008753666,0.024578183263756933
1999-04-17,NIFTY 50,1065.50,1069.55,961.40,966.95,-0.07709892224835795,0.029652278046804148
1999-04-19,NIFTY 50,961.30,1000.60,955.75,993.9,0.027489810165652384,0.030499005899313546
1999-04-20,NIFTY 50,995.65,1003.70,983.70,995.4,0.0015080684504940422,0.030517969100565232
1999-04-21,NIFTY 50,997.35,1003.40,990.95,996.65,0.0012549887443208672,0.03050712190866939
1999-04-22,NIFTY 50,999.55,1012.00,971.90,981.65,-0.015164825824016617,0.030468639661466845
1999-04-23,NIFTY 50,987.05,994.30,968.15,982.0,0.00035647900970797795,0.030462265584851215
1999-04-26,NIFTY 50,945.90,955.50,931.30,931.35,-0.05295616187545436,0.03237649136940283
1999-04-28,NIFTY 50,928.85,944.45,916.00,943.5,0.012961218329593481,0.032609976243446644
1999-04-29,NIFTY 50,950.25,966.60,948.40,966.6,0.024188394602378774,0.03303418465316099
1999-04-30,NIFTY 50,970.90,980.75,969.60,978.2,0.011929388694273069,0.032686545745663764
1999-05-03,NIFTY 50,979.80,986.40,968.25,970.75,-0.007645179493480114,0.03262929387654004
1999-05-04,NIFTY 50,971.90,1008.35,971.80,1008.35,0.03800164197407419,0.032093623101278716
1999-05-05,NIFTY 50,1014.65,1034.55,1004.90,1019.55,0.011046021874906045,0.032063492918427076
1999-05-06,NIFTY 50,1024.95,1048.05,1023.95,1046.95,0.026519821777568585,0.032591148693523114
1999-05-07,NIFTY 50,1065.40,1080.70,1059.05,1062.9,0.01511984630121055,0.03262991177197132
1999-05-10,NIFTY 50,1070.75,1094.20,1070.35,1094.2,0.029022481090189536,0.032421365634999394
1999-05-11,NIFTY 50,1102.20,1121.95,1100.50,1116.0,0.019727361311530585,0.032591980433860135
1999-05-12,NIFTY 50,1135.45,1142.10,1086.70,1110.9,-0.004580366353579505,0.03260175266506674
1999-05-13,NIFTY 50,1131.95,1149.60,1130.85,1148.1,0.032937904512089396,0.03225435522705628
1999-05-14,NIFTY 50,1157.60,1173.55,1144.90,1165.35,0.014913068964773171,0.02823773448099073
1999-05-17,NIFTY 50,1164.45,1171.10,1120.70,1151.9,-0.011608718132078562,0.021037275801843072
1999-05-18,NIFTY 50,1155.75,1176.30,1153.45,1160.15,0.007136554152915247,0.020570195224291692
1999-05-19,NIFTY 50,1169.60,1189.20,1161.60,1180.25,0.017176973341020082,0.02061894416855608
1999-05-20,NIFTY 50,1181.00,1201.30,1166.90,1166.9,-0.01137562061433441,0.021042157336812705
1999-05-21,NIFTY 50,1176.95,1177.00,1139.10,1145.85,-0.0182039401565834,0.02122753146419878
1999-05-24,NIFTY 50,1147.40,1154.50,1132.50,1151.6,0.005005560082542307,0.021167869873912296
1999-05-25,NIFTY 50,1148.05,1164.20,1147.40,1160.2,0.00744012429394326,0.015593351146859363
1999-05-26,NIFTY 50,1165.15,1170.10,1122.60,1135.5,-0.02151932148635078,0.017188004877345106
1999-05-27,NIFTY 50,1132.85,1147.95,1091.45,1091.45,-0.03956599512524158,0.019962090965973196
1999-05-28,NIFTY 50,1088.00,1098.25,1049.95,1081.5,-0.009158121027258045,0.02019211567554334
1999-05-31,NIFTY 50,1098.00,1132.80,1097.85,1132.3,0.045901995926880344,0.021902088364079295
1999-06-01,NIFTY 50,1125.55,1139.80,1113.00,1123.8,-0.007535162641895991,0.020931320054276017
1999-06-02,NIFTY 50,1120.65,1127.65,1107.20,1125.15,0.0012005604056573502,0.020907803099763207
1999-06-03,NIFTY 50,1129.90,1141.05,1127.30,1136.65,0.010168979661600257,0.020330782743575592
1999-06-04,NIFTY 50,1150.05,1162.00,1149.10,1155.05,0.016058293316841745,0.020358593665904822
1999-06-07,NIFTY 50,1159.55,1164.15,1150.20,1156.65,0.0013842628848822923,0.019501935084529787
1999-06-08,NIFTY 50,1145.90,1178.95,1138.05,1178.95,0.01909631586997723,0.019473554446445378
1999-06-09,NIFTY 50,1180.00,1192.05,1159.25,1163.2,-0.013449384037801798,0.019748161278024152
1999-06-10,NIFTY 50,1163.70,1175.95,1159.60,1162.6,-0.0005159515120048239,0.018386368599757428
1999-06-11,NIFTY 50,1161.80,1162.95,1140.25,1141.9,-0.017965334559647647,0.018511277586526268
1999-06-14,NIFTY 50,1140.75,1140.75,1099.85,1126.9,-0.013223041749298668,0.018563341306222392
1999-06-15,NIFTY 50,1127.40,1143.30,1113.30,1120.5,-0.005695485717322082,0.018485376684360372
1999-06-16,NIFTY 50,1120.35,1152.35,1109.70,1148.15,0.02437693712389764,0.018937717743694897
1999-06-17,NIFTY 50,1148.95,1181.90,1148.95,1176.35,0.024264472861548547,0.019612335223855887
1999-06-18,NIFTY 50,1177.15,1189.20,1172.20,1175.15,-0.001020625221490462,0.01912461273322799
1999-06-21,NIFTY 50,1175.30,1203.35,1175.30,1202.3,0.022840589975925946,0.019715030503558648
1999-06-22,NIFTY 50,1202.95,1219.45,1201.20,1214.3,0.009931390078909941,0.019758008995388286
1999-06-23,NIFTY 50,1215.95,1228.55,1188.65,1193.15,-0.017570910420547738,0.019526069802275028
1999-06-24,NIFTY 50,1192.55,1193.10,1171.30,1181.3,-0.009981341684751323,0.017149440465471667
1999-06-25,NIFTY 50,1181.60,1197.00,1174.20,1177.0,-0.0036466986941975266,0.01697098343623748
1999-06-28,NIFTY 50,1177.05,1194.90,1177.05,1192.2,0.012831511525549422,0.014058308819252548
1999-06-29,NIFTY 50,1192.20,1198.70,1185.30,1191.3,-0.000755191980510775,0.013882263963679179
1999-06-30,NIFTY 50,1191.45,1193.90,1179.65,1187.7,-0.003026484025120757,0.013941812806010524
1999-07-01,NIFTY 50,1187.85,1197.00,1179.30,1183.2,-0.003796031383604546,0.013897961416471273
1999-07-02,NIFTY 50,1183.65,1204.15,1183.65,1197.85,0.012305650758408039,0.013722496954058416
1999-07-05,NIFTY 50,1197.95,1232.40,1197.95,1230.25,0.026689117591089526,0.014804225450306737
1999-07-06,NIFTY 50,1230.30,1246.40,1230.30,1241.25,0.008901535613294763,0.01439371062631603
1999-07-07,NIFTY 50,1241.65,1255.75,1238.15,1243.7,0.0019718713003129863,0.013894526499637759
1999-07-08,NIFTY 50,1243.90,1251.15,1238.40,1244.05,0.00028137875776038,0.013884002975725696
1999-07-09,NIFTY 50,1244.40,1260.70,1244.40,1254.0,0.007966255775410373,0.012965621483142863
1999-07-12,NIFTY 50,1254.10,1318.05,1254.10,1315.35,0.04776434770060825,0.015463938800717685
1999-07-13,NIFTY 50,1315.75,1338.15,1315.75,1321.45,0.0046268286424182405,0.015161516081270367
1999-07-14,NIFTY 50,1322.90,1341.10,1306.20,1335.15,0.01031402653715788,0.014692980457983514
1999-07-15,NIFTY 50,1335.55,1367.95,1310.45,1317.7,-0.013155852521843737,0.014833690711552263
1999-07-16,NIFTY 50,1318.30,1331.75,1312.30,1324.25,0.004958468873429524,0.014751700852837918
1999-07-19,NIFTY 50,1325.35,1357.85,1325.35,1349.6,0.018961990807122367,0.01454228552541572
1999-07-20,NIFTY 50,1349.60,1350.35,1310.85,1314.7,-0.026199749529199876,0.016154157057231996
1999-07-21,NIFTY 50,1314.80,1346.65,1302.80,1340.15,0.019173045276058197,0.015656922513868094
1999-07-22,NIFTY 50,1339.05,1358.25,1337.55,1349.2,0.006730276208878421,0.015209393496796723
1999-07-23,NIFTY 50,1350.00,1367.30,1339.60,1342.95,-0.004643137439220446,0.015246466944725524
1999-07-26,NIFTY 50,1342.60,1342.60,1314.80,1326.15,-0.01258867922835155,0.01575043882386019
1999-07-27,NIFTY 50,1325.40,1327.00,1304.40,1309.85,-0.012367380697582411,0.016194111963460003
1999-07-28,NIFTY 50,1309.75,1337.00,1309.75,1320.1,0.007794864464373056,0.016101359546466666
1999-07-29,NIFTY 50,1320.75,1329.75,1312.55,1325.7,0.0042331305180901444,0.015962536242547083
1999-07-30,NIFTY 50,1325.55,1325.55,1302.50,1310.15,-0.011798987347874433,0.016341901557232866
1999-08-02,NIFTY 50,1309.85,1310.80,1282.85,1289.6,-0.01580954170456572,0.01606281701906737
1999-08-03,NIFTY 50,1289.20,1290.80,1277.85,1285.05,-0.0035344646742012024,0.016036770170631043
1999-08-04,NIFTY 50,1285.90,1329.30,1285.90,1326.4,0.03167087730286796,0.017378820034572084
1999-08-05,NIFTY 50,1326.75,1345.85,1317.50,1323.3,-0.0023398886020268867,0.017411991932960818
1999-08-06,NIFTY 50,1323.15,1326.00,1315.15,1316.8,-0.004924065856198382,0.017460413869368384
1999-08-09,NIFTY 50,1316.90,1332.90,1312.80,1327.75,0.00828122937970324,0.013944615353429956
1999-08-10,NIFTY 50,1328.15,1328.40,1305.85,1309.75,-0.013649501014179385,0.014253240510031295
1999-08-11,NIFTY 50,1308.75,1328.20,1295.20,1315.3,0.004228497186403879,0.014075323179742446
1999-08-12,NIFTY 50,1315.90,1321.55,1308.05,1309.5,-0.004419391526966275,0.013802944457332154
1999-08-13,NIFTY 50,1309.70,1317.10,1290.30,1291.85,-0.013570085416445806,0.014050160886456574
1999-08-16,NIFTY 50,1292.35,1314.15,1292.35,1309.9,0.013875498872282415,0.01370710999053002
1999-08-17,NIFTY 50,1310.30,1327.90,1310.30,1322.7,0.009724303628398268,0.012608854080629549
1999-08-18,NIFTY 50,1326.00,1371.90,1326.00,1363.35,0.030269804200887415,0.013681426792612751
1999-08-19,NIFTY 50,1363.50,1375.45,1341.55,1345.0,-0.013550893196949498,0.013971814554850555
1999-08-20,NIFTY 50,1345.60,1350.30,1332.40,1347.3,0.0017085767258625646,0.013936593401583217
1999-08-23,NIFTY 50,1347.75,1375.95,1347.75,1369.7,0.016489147978973443,0.01405268609738281
1999-08-24,NIFTY 50,1370.05,1385.60,1369.90,1382.65,0.009410209865954164,0.013752705672989633
1999-08-25,NIFTY 50,1383.45,1414.00,1341.35,1371.65,-0.007987552905775734,0.013897281504935065
1999-08-26,NIFTY 50,1371.90,1408.15,1371.90,1402.5,0.022241963695897562,0.01461998923509465
1999-08-27,NIFTY 50,1402.60,1425.20,1402.60,1417.5,0.010638398205055797,0.014296792850517527
1999-08-30,NIFTY 50,1417.80,1435.50,1417.80,1422.6,0.003591426697507663,0.013523693837191809
1999-08-31,NIFTY 50,1422.65,1424.05,1409.55,1412.0,-0.007479044246227369,0.013681141349725123
1999-09-01,NIFTY 50,1412.05,1430.80,1397.70,1410.7,-0.0009211039727307206,0.01215695275829727
1999-09-02,NIFTY 50,1410.00,1410.00,1372.50,1375.85,-0.025014313157274076,0.013654162691747919
1999-09-03,NIFTY 50,1375.70,1384.25,1370.95,1374.95,-0.0006543551200475368,0.013574220288951782
1999-09-06,NIFTY 50,1375.45,1392.05,1372.50,1390.2,0.011030254863250651,0.013653147438658645
1999-09-07,NIFTY 50,1391.20,1403.75,1378.95,1383.25,-0.005011818888166391,0.013252882228915786
1999-09-08,NIFTY 50,1385.55,1413.45,1385.55,1399.5,0.011679227177289035,0.013401112914339685
1999-09-09,NIFTY 50,1400.15,1402.25,1388.65,1396.9,-0.0018595342220029338,0.013337564566278064
1999-09-10,NIFTY 50,1397.15,1398.60,1388.85,1391.1,-0.004160694667980515,0.012871562075411546
1999-09-14,NIFTY 50,1391.90,1397.45,1366.25,1370.55,-0.01488268195278549,0.013275114868899745
1999-09-15,NIFTY 50,1371.00,1392.35,1371.00,1374.7,0.003023406364635119,0.013160962552100525
1999-09-16,NIFTY 50,1374.45,1375.35,1347.30,1351.2,-0.017242438983784046,0.012013998382127737
1999-09-17,NIFTY 50,1350.35,1364.05,1329.70,1359.7,0.006271000668050087,0.01168936664033301
1999-09-20,NIFTY 50,1359.80,1379.05,1356.30,1357.85,-0.0013615206975289337,0.011693419212079566
1999-09-21,NIFTY 50,1358.45,1367.75,1348.60,1350.6,-0.005353628323369938,0.011116456057927902
1999-09-22,NIFTY 50,1350.70,1400.00,1350.70,1386.45,0.026197585238154773,0.012471401198615971
1999-09-23,NIFTY 50,1387.95,1403.55,1387.45,1398.0,0.0082961204148593,0.01244456897696596
1999-09-24,NIFTY 50,1397.45,1427.75,1396.75,1412.25,0.010141533411615875,0.011621958286434407
1999-09-27,NIFTY 50,1413.80,1427.15,1387.05,1389.5,-0.016240207022813053,0.011919456057286207
1999-09-28,NIFTY 50,1389.25,1389.45,1363.45,1379.15,-0.007476602830513987,0.011952074940515605
1999-09-29,NIFTY 50,1380.70,1429.05,1380.30,1415.3,0.0258741553877488,0.013328958395482749
1999-09-30,NIFTY 50,1415.55,1432.55,1409.55,1413.1,-0.001555650151092708,0.013332313567356011
1999-10-01,NIFTY 50,1414.65,1419.10,1389.05,1403.2,-0.007030529970781804,0.0120999039388155
1999-10-04,NIFTY 50,1403.45,1406.35,1367.85,1372.3,-0.022267178342331134,0.013171602302345356
1999-10-05,NIFTY 50,1372.40,1384.35,1358.95,1378.15,0.004253855784654064,0.012955706972226116
1999-10-06,NIFTY 50,1377.65,1419.75,1377.15,1392.7,0.010502288998804848,0.01313053462770463
1999-10-07,NIFTY 50,1394.35,1475.45,1394.35,1469.75,0.053848009223318005,0.017653672126917947
1999-10-08,NIFTY 50,1470.00,1502.65,1462.75,1479.25,0.006442884274439058,0.017644641410928995
1999-10-11,NIFTY 50,1480.80,1504.55,1479.10,1484.0,0.0032059421705223166,0.017567001778471918
1999-10-12,NIFTY 50,1484.40,1493.15,1472.35,1483.85,-0.00010108327585810041,0.017068630907644478
1999-10-13,NIFTY 50,1485.45,1510.50,1466.00,1496.3,0.008355332737906129,0.017094664900714044
1999-10-14,NIFTY 50,1497.30,1522.85,1496.65,1505.2,0.005930385529908497,0.016330356004702964
1999-10-15,NIFTY 50,1505.70,1512.00,1448.95,1454.55,-0.03422920530061736,0.018573267943845475
1999-10-18,NIFTY 50,1454.90,1461.45,1426.15,1444.05,-0.007244908526579719,0.018698348865997003
1999-10-20,NIFTY 50,1446.20,1498.70,1446.20,1477.65,0.02300132207771277,0.019096174748266706
1999-10-21,NIFTY 50,1478.00,1496.45,1448.35,1453.35,-0.016581751470675175,0.0189325046293758
1999-10-22,NIFTY 50,1452.60,1452.60,1421.40,1430.25,-0.01602198235048467,0.019308115364061157
1999-10-23,NIFTY 50,1430.75,1451.85,1429.10,1449.8,0.013576361718139219,0.019407413634365534
1999-10-25,NIFTY 50,1449.85,1457.20,1410.85,1426.2,-0.01641205127257408,0.01941562982140283
1999-10-26,NIFTY 50,1426.60,1431.50,1410.95,1414.35,-0.008343503014407313,0.019437218498705375
1999-10-27,NIFTY 50,1419.10,1440.70,1400.75,1411.4,-0.0020879420130659695,0.018559391799962414
1999-10-28,NIFTY 50,1411.20,1411.45,1361.05,1367.7,-0.031451622679224536,0.01983937607074656
1999-10-29,NIFTY 50,1367.90,1370.80,1296.70,1325.45,-0.03137847248438833,0.0209063651377323
1999-11-01,NIFTY 50,1325.90,1332.70,1260.80,1270.0,-0.04273512395048017,0.02235748859397408
1999-11-02,NIFTY 50,1269.30,1335.60,1239.80,1332.2,0.047814810526442084,0.02513965605825954
1999-11-03,NIFTY 50,1332.70,1353.55,1303.25,1326.4,-0.004363205598048441,0.024979280696922998
1999-11-04,NIFTY 50,1326.85,1339.75,1313.60,1336.8,0.007810192900153243,0.021381483207299032
1999-11-05,NIFTY 50,1336.75,1369.65,1336.55,1364.55,0.020546005654996573,0.021993525538744195
1999-11-07,NIFTY 50,1364.70,1382.25,1364.70,1369.6,0.003694022451297084,0.022002252627113604
1999-11-09,NIFTY 50,1370.50,1374.80,1345.25,1371.2,0.0011675424560378682,0.022015942766541414
1999-11-10,NIFTY 50,1371.60,1392.55,1371.60,1389.1,0.012969786559828075,0.02217526474551634
1999-11-11,NIFTY 50,1389.20,1402.70,1382.30,1389.6,0.00035988052355149055,0.022082504045427317
1999-11-12,NIFTY 50,1389.25,1389.40,1368.85,1373.55,-0.011617306705044307,0.02100570406684631
1999-11-15,NIFTY 50,1372.75,1381.10,1358.15,1362.7,-0.007930603466075664,0.02101378724768471
1999-11-16,NIFTY 50,1362.30,1362.30,1351.40,1357.75,-0.0036391078408204696,0.020110525639474314
1999-11-17,NIFTY 50,1367.65,1381.50,1352.25,1352.25,-0.00405904616341833,0.019899595716673255
1999-11-18,NIFTY 50,1353.40,1366.25,1342.25,1364.25,0.008834955314804976,0.01985946062027343
1999-11-19,NIFTY 50,1365.25,1381.05,1360.05,1361.85,-0.001760757580465521,0.019504557245256838
1999-11-22,NIFTY 50,1362.40,1378.10,1358.20,1375.25,0.009791463269691728,0.019445333734226165
1999-11-24,NIFTY 50,1376.50,1404.05,1376.50,1394.95,0.014223039563641422,0.01969986653280143
1999-11-25,NIFTY 50,1395.85,1417.65,1395.85,1408.65,0.009773226599523475,0.019833669163634455
1999-11-26,NIFTY 50,1409.35,1418.15,1395.50,1399.6,-0.006445317425199498,0.018496177458765396
1999-11-29,NIFTY 50,1399.80,1401.25,1382.20,1384.65,-0.010739081389262587,0.017109395684662788
1999-11-30,NIFTY 50,1384.90,1386.75,1370.55,1376.15,-0.006157654924409984,0.013662859185149394
1999-12-01,NIFTY 50,1375.05,1401.10,1374.70,1388.75,0.009114316773979463,0.00911733117540925
1999-12-02,NIFTY 50,1388.20,1420.70,1387.20,1408.85,0.014369706796541665,0.009379194546788202
1999-12-03,NIFTY 50,1409.05,1436.65,1409.05,1418.0,0.006473659341691399,0.009347941944747576
1999-12-06,NIFTY 50,1418.30,1445.60,1418.30,1442.85,0.017372896174661447,0.009055918445494148
1999-12-07,NIFTY 50,1443.20,1455.40,1439.65,1445.15,0.0015927981206783094,0.009057064347306049
1999-12-08,NIFTY 50,1451.10,1486.15,1420.95,1438.65,-0.004507948545342761,0.009194964205766723
1999-12-09,NIFTY 50,1437.10,1451.50,1428.05,1447.55,0.006167298322843332,0.00890467436292985
1999-12-10,NIFTY 50,1448.05,1462.60,1437.00,1439.7,-0.00543771363260379,0.009056040441376352
1999-12-13,NIFTY 50,1440.20,1444.95,1421.85,1427.65,-0.008405022713428753,0.008831804437037283
1999-12-14,NIFTY 50,1427.90,1431.25,1391.10,1398.25,-0.020808281117183514,0.009983040563889193
1999-12-15,NIFTY 50,1396.60,1410.80,1376.75,1401.4,0.002250282234736159,0.009916705996783149
1999-12-16,NIFTY 50,1404.05,1428.50,1402.75,1419.7,0.012973844733094663,0.010135716039639824
1999-12-17,NIFTY 50,1420.10,1439.25,1414.15,1419.3,-0.0002817893643163063,0.010037208862348624
1999-12-20,NIFTY 50,1419.45,1435.55,1418.75,1422.45,0.002216944692634039,0.009998562437015194
1999-12-21,NIFTY 50,1422.60,1437.60,1413.85,1421.7,-0.0005273983561937953,0.009850087097940967
1999-12-22,NIFTY 50,1429.15,1486.90,1429.15,1481.7,0.04133673857303651,0.01302440585487332
1999-12-23,NIFTY 50,1481.60,1510.85,1481.60,1488.35,0.00447804657338796,0.01293332990035308
1999-12-24,NIFTY 50,1488.05,1489.90,1453.35,1459.0,-0.01991685426529121,0.013761801946711253
1999-12-27,NIFTY 50,1459.65,1460.50,1427.70,1432.1,-0.018609371038128805,0.014251413787816372
1999-12-28,NIFTY 50,1427.45,1451.35,1418.85,1442.2,0.007027826998002388,0.014174302313882172
1999-12-29,NIFTY 50,1443.90,1483.40,1443.90,1476.35,0.023403099938780998,0.014876237035800436
1999-12-30,NIFTY 50,1489.20,1504.95,1476.75,1480.45,0.0027732701757085206,0.01463621822446239
2000-01-03,NIFTY 50,1482.15,1592.90,1482.15,1592.2,0.07277061205732921,0.021491000307874597
2000-01-04,NIFTY 50,1594.40,1641.95,1594.40,1638.7,0.02878653689770066,0.021961070081050443
2000-01-05,NIFTY 50,1634.55,1635.50,1555.05,1595.8,-0.026528066677997886,0.023150623643085424
2000-01-06,NIFTY 50,1595.80,1639.00,1595.80,1617.6,0.013568391392026348,0.02311443996774631
2000-01-07,NIFTY 50,1616.60,1628.25,1597.20,1613.3,-0.002661798594108659,0.023192480900999592
2000-01-10,NIFTY 50,1615.65,1662.10,1614.95,1632.95,0.012106424336041106,0.023091744263301822
2000-01-11,NIFTY 50,1633.25,1639.90,1548.25,1572.5,-0.03772148543354377,0.024931367516890644
2000-01-12,NIFTY 50,1572.30,1631.55,1571.70,1624.8,0.03271802169157938,0.024907045898855503
2000-01-13,NIFTY 50,1627.85,1671.15,1613.65,1621.4,-0.0020947577125680615,0.02497418097008703
2000-01-14,NIFTY 50,1622.15,1627.40,1591.40,1622.75,0.0008322673599710256,0.024976338333438205
2000-01-17,NIFTY 50,1623.50,1668.45,1604.65,1611.6,-0.006894766596385817,0.025116784022017002
2000-01-18,NIFTY 50,1611.65,1615.15,1587.85,1606.7,-0.0030450882679027413,0.025189846064272315
2000-01-19,NIFTY 50,1610.05,1644.45,1608.85,1634.85,0.017368670954140766,0.025260162719387018
2000-01-20,NIFTY 50,1634.65,1644.40,1596.65,1601.1,-0.02086016399542152,0.024629159954253018
2000-01-21,NIFTY 50,1601.25,1626.50,1593.20,1620.6,0.012105558018616056,0.02469794763722379
2000-01-24,NIFTY 50,1623.05,1645.00,1608.30,1613.6,-0.0043287433866228565,0.024134483112870298
2000-01-25,NIFTY 50,1612.95,1613.65,1579.55,1586.4,-0.017000409434415695,0.024054065343933888
2000-01-27,NIFTY 50,1600.50,1633.55,1600.05,1603.9,0.010970865137746056,0.024086694283387815
2000-01-28,NIFTY 50,1603.65,1610.90,1592.70,1599.1,-0.002997192377936054,0.023764401810235324
2000-01-31,NIFTY 50,1598.35,1598.35,1538.70,1546.2,-0.03364066307902197,0.025213535279837374
2000-02-01,NIFTY 50,1546.20,1554.15,1521.40,1549.5,0.002131990341428593,0.018980838108820935
2000-02-02,NIFTY 50,1554.20,1605.90,1554.20,1588.0,0.02454306457927811,0.01864690382310822
2000-02-03,NIFTY 50,1591.25,1616.70,1591.25,1597.9,0.0062149043382618875,0.017756569207505606
2000-02-04,NIFTY 50,1598.50,1621.35,1596.45,1599.75,0.0011570998742267918,0.017474473221973867
2000-02-07,NIFTY 50,1599.80,1645.90,1599.80,1636.6,0.02277355207371157,0.018222617961385076
2000-02-08,NIFTY 50,1636.60,1676.10,1636.60,1662.75,0.015851939071249287,0.01836452325155019
2000-02-09,NIFTY 50,1666.95,1731.65,1666.70,1689.65,0.016048548712583835,0.016223280703971336
2000-02-10,NIFTY 50,1692.10,1713.70,1692.10,1711.2,0.012673471891081636,0.014893994113794702
2000-02-11,NIFTY 50,1712.85,1771.65,1712.85,1756.0,0.025843616426866167,0.015718775040540183
2000-02-14,NIFTY 50,1777.75,1795.45,1738.75,1744.5,-0.00657051356823317,0.015883279675166142
2000-02-15,NIFTY 50,1744.50,1744.50,1694.45,1702.55,-0.024340854458785546,0.016935215562357442
2000-02-16,NIFTY 50,1704.85,1742.80,1704.15,1711.1,0.0050093113698813025,0.016885976106767245
2000-02-17,NIFTY 50,1710.05,1753.10,1710.05,1742.1,0.017954843508189048,0.0169124462009362
2000-02-18,NIFTY 50,1742.30,1764.15,1713.45,1717.8,-0.014046879713989434,0.016465500579741513
2000-02-21,NIFTY 50,1719.55,1767.80,1719.55,1753.5,0.020569388248108438,0.016803146382124108
2000-02-22,NIFTY 50,1754.20,1781.05,1733.55,1739.05,-0.008274803482873419,0.016928062061733338
2000-02-23,NIFTY 50,1745.20,1818.15,1689.20,1696.4,-0.024830628496923746,0.017513502827070437
2000-02-24,NIFTY 50,1696.40,1751.60,1693.10,1732.0,0.02076845152194483,0.017871202722098634
2000-02-25,NIFTY 50,1734.05,1757.05,1699.25,1710.45,-0.012520316350903359,0.01818708753735647
2000-02-28,NIFTY 50,1711.15,1726.65,1670.75,1722.55,0.007049257271241883,0.01597026994034233
2000-02-29,NIFTY 50,1722.85,1783.30,1626.35,1654.8,-0.040125595455462605,0.018943932087002232
2000-03-01,NIFTY 50,1661.50,1727.90,1630.00,1712.7,0.03439091705106689,0.019640660459224475
2000-03-02,NIFTY 50,1713.65,1773.85,1690.05,1696.55,-0.009474295405076771,0.01985047875520242
2000-03-03,NIFTY 50,1696.45,1719.15,1644.40,1656.0,-0.024191721288041416,0.02076233549954163
2000-03-06,NIFTY 50,1656.00,1721.00,1656.00,1688.5,0.019435504880417308,0.02059700987511606
2000-03-07,NIFTY 50,1711.85,1730.85,1684.90,1702.75,0.008404030295805264,0.020391331736945736
2000-03-08,NIFTY 50,1717.75,1765.25,1654.45,1666.35,-0.021608985425586726,0.020683489622257564
2000-03-09,NIFTY 50,1667.45,1692.25,1595.45,1646.25,-0.012135631638350255,0.020583284957010173
2000-03-10,NIFTY 50,1647.85,1680.45,1588.20,1602.75,-0.026779070190124054,0.020205401207637887
2000-03-13,NIFTY 50,1601.40,1645.00,1553.45,1560.7,-0.026586465318858717,0.020796966181136283
2000-03-14,NIFTY 50,1561.55,1571.30,1503.20,1567.05,0.00406043240311859,0.0204136720111857
2000-03-15,NIFTY 50,1546.80,1630.95,1538.70,1620.1,0.03329300476474587,0.021999447057195066
2000-03-16,NIFTY 50,1620.40,1621.20,1554.30,1562.2,-0.03639279154017546,0.022656370464333688
2000-03-21,NIFTY 50,1563.30,1585.25,1542.65,1556.6,-0.0035911286509092027,0.022568014486825737
2000-03-22,NIFTY 50,1551.05,1604.00,1551.05,1589.6,0.02097845671231931,0.022592510175855507
2000-03-23,NIFTY 50,1590.30,1629.20,1544.50,1553.4,-0.02303633525205998,0.02294668544707971
2000-03-24,NIFTY 50,1554.20,1579.40,1540.45,1569.55,0.010342877068417177,0.0227458466389848
2000-03-27,NIFTY 50,1570.45,1593.30,1555.75,1562.95,-0.004213892907446755,0.021994207840383806
2000-03-28,NIFTY 50,1563.30,1575.85,1527.55,1568.6,0.003608440632048537,0.02200485500169542
2000-03-29,NIFTY 50,1569.30,1609.40,1553.40,1558.25,-0.006620105089606128,0.021844559312271295
2000-03-30,NIFTY 50,1556.95,1557.85,1489.10,1549.5,-0.005631098461157045,0.02022822931290578
2000-03-31,NIFTY 50,1545.55,1545.55,1493.90,1528.45,-0.013678148240919681,0.01827743067360094
2000-04-03,NIFTY 50,1528.70,1555.50,1510.75,1534.75,0.004113351320722526,0.018381629216873592
2000-04-04,NIFTY 50,1534.05,1534.05,1420.85,1428.1,-0.07202261184871839,0.02342740583829318
2000-04-05,NIFTY 50,1428.50,1467.40,1391.65,1434.65,0.004576027546772453,0.022757502924667217
2000-04-06,NIFTY 50,1436.15,1475.25,1381.05,1452.95,0.012675055410246688,0.02294028341340689
2000-04-07,NIFTY 50,1453.30,1558.05,1453.30,1557.15,0.06926125489145751,0.028430730611238384
2000-04-10,NIFTY 50,1557.55,1636.95,1557.55,1613.0,0.0352385718178446,0.029612572648421
2000-04-11,NIFTY 50,1613.00,1631.60,1550.85,1624.65,0.007196608824647024,0.029025818387492196
2000-04-12,NIFTY 50,1624.40,1628.55,1586.00,1592.7,-0.01986171869212038,0.02873080563471388
2000-04-13,NIFTY 50,1587.95,1587.95,1502.70,1518.65,-0.04760890695806245,0.0306982160646442
2000-04-17,NIFTY 50,1518.55,1518.55,1412.45,1443.55,-0.05071642476400635,0.031416152194582166
2000-04-18,NIFTY 50,1443.55,1478.85,1410.00,1414.8,-0.020117179204341182,0.03078561755309364
2000-04-19,NIFTY 50,1417.75,1469.05,1375.05,1404.95,-0.006986463385330449,0.03078706038269567
2000-04-20,NIFTY 50,1405.70,1425.55,1339.75,1415.65,0.007587074613617221,0.03033172352298954
2000-04-24,NIFTY 50,1416.05,1431.80,1371.85,1388.0,-0.019724927492862414,0.030241557709679987
2000-04-25,NIFTY 50,1383.80,1383.80,1311.30,1359.45,-0.02078365589784942,0.030177193578093207
2000-04-26,NIFTY 50,1362.50,1439.05,1362.50,1436.1,0.054850899897672625,0.03322003343992853
2000-04-27,NIFTY 50,1436.15,1455.85,1400.65,1416.9,-0.013459719496391825,0.03322724568146048
2000-04-28,NIFTY 50,1419.90,1438.00,1396.55,1406.55,-0.007331489036437401,0.03322935548742912
2000-05-02,NIFTY 50,1410.00,1421.50,1319.65,1333.45,-0.05337032892772756,0.034938577974444184
2000-05-03,NIFTY 50,1330.15,1342.15,1258.10,1316.05,-0.013134742521531956,0.03493373823365956
2000-05-04,NIFTY 50,1317.95,1385.15,1317.95,1380.55,0.04784714439115953,0.03700504564611648
2000-05-05,NIFTY 50,1381.90,1428.60,1381.90,1422.4,0.029863615283996253,0.03424559988865714
2000-05-08,NIFTY 50,1423.25,1436.60,1358.80,1365.05,-0.041154527774813446,0.03541659069211052
2000-05-09,NIFTY 50,1362.45,1385.70,1328.05,1378.55,0.009841164130630905,0.035358360927583266
2000-05-10,NIFTY 50,1380.40,1391.35,1359.65,1363.15,-0.011234024116831302,0.031065342051867496
2000-05-11,NIFTY 50,1359.10,1359.10,1295.95,1304.55,-0.04394004429474251,0.030485560831821704
2000-05-12,NIFTY 50,1305.30,1326.30,1276.40,1282.8,-0.016812964884884027,0.03021894408825709
2000-05-15,NIFTY 50,1281.30,1311.70,1220.70,1299.25,0.012741986069551382,0.030638366706234432
2000-05-16,NIFTY 50,1300.20,1310.45,1287.80,1306.85,0.005832486508312758,0.029512165950103843
2000-05-17,NIFTY 50,1310.80,1347.70,1303.75,1311.65,0.0036662252254970177,0.027776022994760362
2000-05-18,NIFTY 50,1311.30,1316.20,1289.55,1293.4,-0.01401147660986849,0.027631887311354054
2000-05-19,NIFTY 50,1293.45,1293.45,1252.70,1268.0,-0.019833554015321286,0.027841613541685135
2000-05-22,NIFTY 50,1267.85,1267.85,1228.40,1233.0,-0.027990631832826986,0.02812162358085015
2000-05-23,NIFTY 50,1229.25,1230.90,1203.20,1224.4,-0.0069992960930867895,0.027959838572159165
2000-05-24,NIFTY 50,1224.50,1246.25,1201.50,1235.9,0.009348521524432302,0.027948479349336103
2000-05-25,NIFTY 50,1237.00,1269.80,1235.70,1247.65,0.009462332282638635,0.0244805778696274
2000-05-26,NIFTY 50,1247.10,1278.75,1232.85,1275.35,0.02195886884719707,0.02525992259906108
2000-05-29,NIFTY 50,1273.70,1317.75,1267.40,1311.05,0.027607692136231862,0.026296231641045196
2000-05-30,NIFTY 50,1310.80,1347.30,1304.95,1344.85,0.02545413979133125,0.024258940452059025
2000-05-31,NIFTY 50,1355.35,1410.75,1355.35,1380.45,0.026127050299886902,0.024688620110232738
2000-06-01,NIFTY 50,1380.40,1380.40,1345.10,1349.0,-0.023045955745219768,0.022838329129680462
2000-06-02,NIFTY 50,1350.15,1395.35,1350.15,1389.25,0.02940045595227472,0.022805431125826784
2000-06-05,NIFTY 50,1390.95,1461.05,1390.95,1404.6,0.010988531564889313,0.02089539769930919
2000-06-06,NIFTY 50,1405.45,1426.15,1392.70,1421.75,0.012135942461989027,0.020950254753093724
2000-06-07,NIFTY 50,1423.40,1442.70,1413.80,1430.35,0.00603066236412054,0.02075082753216901
2000-06-08,NIFTY 50,1430.50,1468.70,1430.50,1463.65,0.02301414634993962,0.018113574742575096
2000-06-09,NIFTY 50,1464.30,1485.50,1458.90,1467.2,0.0024225066012311205,0.01734672772246599
2000-06-12,NIFTY 50,1464.40,1477.55,1437.15,1440.4,-0.018434969727480217,0.018158512185501675
2000-06-13,NIFTY 50,1438.80,1438.80,1411.90,1432.9,-0.005220490052163017,0.018304472197898512
2000-06-14,NIFTY 50,1434.95,1459.15,1423.95,1435.5,0.0018128578385614232,0.018314158717282803
2000-06-15,NIFTY 50,1437.00,1452.80,1422.40,1445.25,0.006769096401466835,0.017789958417499592
2000-06-16,NIFTY 50,1443.15,1480.85,1441.60,1477.3,0.02193378036497688,0.017091109873950273
2000-06-19,NIFTY 50,1477.55,1510.45,1477.55,1498.75,0.014415330014161565,0.014932426004559367
2000-06-20,NIFTY 50,1498.00,1518.05,1497.05,1507.1,0.00555584708390666,0.014446839931511348
2000-06-21,NIFTY 50,1524.05,1539.10,1470.40,1475.15,-0.02142759490703341,0.016106933446663085
2000-06-22,NIFTY 50,1475.65,1491.40,1461.30,1488.25,0.008841253514902322,0.016106285410473913
2000-06-23,NIFTY 50,1487.85,1499.85,1462.75,1472.2,-0.010843052408893918,0.016365631546490338
2000-06-26,NIFTY 50,1472.15,1472.15,1431.25,1451.65,-0.014057040128277035,0.016279638984929234
2000-06-27,NIFTY 50,1452.80,1467.15,1448.95,1454.3,0.0018238446873358404,0.015566035253774603
2000-06-28,NIFTY 50,1453.70,1474.70,1445.60,1470.0,0.010737715589117494,0.014770118053186693
2000-06-29,NIFTY 50,1471.35,1505.75,1471.35,1492.35,0.015089657930696443,0.013628807606971941
2000-06-30,NIFTY 50,1490.20,1490.65,1462.45,1471.45,-0.014103749540309348,0.012994703476140906
2000-07-03,NIFTY 50,1473.45,1498.70,1473.45,1495.25,0.016045107761497406,0.013208322529924998
2000-07-04,NIFTY 50,1496.15,1516.80,1494.80,1511.3,0.01067679065140859,0.013159882937771608
2000-07-05,NIFTY 50,1511.50,1530.90,1511.50,1526.05,0.009712490131291272,0.01322928253801186
2000-07-06,NIFTY 50,1525.15,1525.15,1504.05,1516.8,-0.00607984520660884,0.012520883471773528
2000-07-07,NIFTY 50,1517.00,1528.15,1513.40,1517.6,0.0005272871200471682,0.012522964160746821
2000-07-10,NIFTY 50,1518.15,1523.20,1502.70,1509.65,-0.005252303758313149,0.011729840250579661
2000-07-11,NIFTY 50,1510.55,1523.10,1506.15,1518.55,0.005878096312042754,0.011614912939979516
2000-07-12,NIFTY 50,1518.70,1537.10,1507.95,1533.35,0.009698952140686662,0.011709439230660243
2000-07-13,NIFTY 50,1535.55,1564.75,1513.65,1522.6,-0.007035484443108506,0.011899330211818554
2000-07-14,NIFTY 50,1522.20,1534.35,1505.90,1509.75,-0.00847532568410156,0.011223415552115609
2000-07-17,NIFTY 50,1509.25,1512.25,1475.15,1479.65,-0.020138500883674734,0.011712507208808681
2000-07-18,NIFTY 50,1479.30,1482.90,1458.60,1463.1,-0.01124810092021929,0.011846507108674536
2000-07-19,NIFTY 50,1464.55,1468.55,1432.85,1435.8,-0.01883528724173398,0.011628970308229824
2000-07-20,NIFTY 50,1434.95,1443.25,1416.00,1424.2,-0.008111932594358152,0.011463567120718618
2000-07-21,NIFTY 50,1424.90,1435.20,1394.30,1397.25,-0.01910423339821692,0.011930721394310282
2000-07-24,NIFTY 50,1397.05,1397.05,1310.85,1317.75,-0.0585802824144913,0.01717830803714124
2000-07-25,NIFTY 50,1317.35,1363.45,1269.25,1348.9,0.0233637087403179,0.01825921760115421
2000-07-26,NIFTY 50,1350.80,1371.80,1315.15,1318.25,-0.022984346065054905,0.018406228261357436
2000-07-27,NIFTY 50,1317.00,1342.75,1291.30,1338.05,0.014908230787155969,0.018395615437447277
2000-07-28,NIFTY 50,1337.70,1359.40,1327.95,1333.8,-0.0031813189995292157,0.018287212619324016
2000-07-31,NIFTY 50,1333.30,1343.65,1317.30,1332.85,-0.0007125044832955611,0.017649295497665845
2000-08-01,NIFTY 50,1332.85,1344.50,1322.60,1326.85,-0.004511794697253204,0.017227049830574867
2000-08-02,NIFTY 50,1323.70,1333.85,1312.25,1331.9,0.0037987821893279276,0.01698300862558083
2000-08-03,NIFTY 50,1330.70,1339.40,1319.00,1321.25,-0.00802823602253759,0.01698422540507346
2000-08-04,NIFTY 50,1320.25,1333.15,1302.65,1318.55,-0.002045610229197154,0.016934669402668967
2000-08-07,NIFTY 50,1319.70,1321.70,1299.90,1310.8,-0.005895010130590846,0.0169317282879002
2000-08-08,NIFTY 50,1312.10,1348.25,1311.15,1345.6,0.026202372394024117,0.018303586079866277
2000-08-09,NIFTY 50,1345.95,1363.95,1341.05,1344.95,-0.00048317259493068276,0.017981373263248848
2000-08-10,NIFTY 50,1345.25,1360.40,1325.15,1328.0,-0.012682786587373637,0.0180335816995763
2000-08-11,NIFTY 50,1328.15,1328.15,1306.60,1310.75,-0.013074558583737019,0.018084820951650024
2000-08-14,NIFTY 50,1312.25,1321.55,1295.45,1317.9,0.0054400681972014715,0.018016097198954428
2000-08-16,NIFTY 50,1319.35,1354.95,1319.35,1351.45,0.02513852945184469,0.019231929951830422
2000-08-17,NIFTY 50,1351.50,1363.05,1334.95,1341.4,-0.007464245436051437,0.018935096870039844
2000-08-18,NIFTY 50,1342.00,1360.65,1339.05,1358.05,0.012336002626459001,0.019217249101807218
2000-08-21,NIFTY 50,1358.75,1374.50,1358.75,1370.25,0.00894335763412973,0.01895399502573326
2000-08-22,NIFTY 50,1370.75,1394.90,1370.75,1381.2,0.007959481589611569,0.013310046218338683
2000-08-23,NIFTY 50,1381.60,1398.90,1376.90,1386.05,0.003505288619397737,0.012367367265774688
2000-08-24,NIFTY 50,1386.30,1390.45,1374.90,1386.95,0.0006491165031383924,0.010969069447454653
2000-08-25,NIFTY 50,1387.35,1396.10,1377.75,1381.25,-0.004118205372310563,0.01066067860767605
2000-08-28,NIFTY 50,1379.60,1383.45,1368.25,1369.85,-0.008287641489350997,0.010840560791513864
2000-08-29,NIFTY 50,1368.65,1373.55,1360.65,1367.7,-0.0015707478892065295,0.010850779825982754
2000-08-30,NIFTY 50,1369.90,1384.85,1369.80,1375.95,0.006013904736268744,0.01080972369942868
2000-08-31,NIFTY 50,1376.50,1397.30,1375.90,1394.1,0.013104644135267893,0.011096013934503742
2000-09-04,NIFTY 50,1395.95,1433.15,1395.95,1427.75,0.023850732785930036,0.011804095364054884
2000-09-05,NIFTY 50,1428.05,1434.65,1420.90,1428.25,0.00035014005959951996,0.011752884428290686
2000-09-06,NIFTY 50,1430.90,1444.45,1421.00,1435.35,0.004958803288809538,0.011520423884697428
2000-09-07,NIFTY 50,1434.70,1450.20,1424.35,1439.75,0.0030607654934002365,0.01033076474867929
2000-09-08,NIFTY 50,1440.60,1453.15,1440.60,1450.05,0.007128551191942267,0.01032110123903653
2000-09-11,NIFTY 50,1449.35,1469.00,1448.95,1456.35,0.0043352669055394125,0.009568017896692505
2000-09-12,NIFTY 50,1457.10,1470.55,1447.80,1467.65,0.007729176645193172,0.008628639498301
2000-09-13,NIFTY 50,1467.65,1482.00,1452.60,1456.15,-0.007866515701202956,0.00914358462636326
2000-09-14,NIFTY 50,1456.75,1466.65,1437.85,1445.3,-0.007479053973457535,0.008222799476070762
2000-09-15,NIFTY 50,1443.25,1451.05,1411.55,1417.2,-0.0196338184634793,0.009427692176030194
2000-09-18,NIFTY 50,1416.05,1416.05,1352.10,1354.35,-0.045361459569719195,0.014039305782707652
2000-09-19,NIFTY 50,1351.80,1361.70,1295.30,1317.0,-0.02796521167831673,0.015163716876965402
2000-09-20,NIFTY 50,1317.80,1351.10,1311.10,1342.9,0.019475031843848672,0.015767663345136393
2000-09-21,NIFTY 50,1341.65,1347.40,1325.75,1329.85,-0.00976530068658037,0.015829211886726598
2000-09-22,NIFTY 50,1329.10,1329.10,1261.20,1266.45,-0.048848443116930616,0.018944634344520848
2000-09-25,NIFTY 50,1268.40,1305.10,1268.40,1292.55,0.020399300570266746,0.01974980183166681
2000-09-26,NIFTY 50,1292.90,1298.25,1261.00,1267.9,-0.019255022819983078,0.02004508463034015
2000-09-27,NIFTY 50,1267.45,1299.00,1249.35,1292.55,0.019255022819983134,0.020700840205717965
2000-09-28,NIFTY 50,1292.40,1302.75,1260.80,1266.4,-0.020438781787083013,0.020949898991167604
2000-09-29,NIFTY 50,1267.30,1284.15,1264.40,1271.65,0.004137040237863575,0.02065509854008009
2000-10-03,NIFTY 50,1270.75,1288.15,1254.35,1282.0,0.008106088675949138,0.019795984292658067
2000-10-04,NIFTY 50,1281.45,1300.05,1275.80,1297.8,0.012249164706452596,0.020152975233113553
2000-10-05,NIFTY 50,1296.10,1306.45,1282.50,1284.75,-0.010106376314729099,0.020050742938182507
2000-10-06,NIFTY 50,1284.35,1287.85,1262.65,1285.0,0.00019457145698122697,0.019996186700064023
2000-10-09,NIFTY 50,1285.05,1286.35,1264.20,1267.3,-0.013870065241301719,0.019838612880006115
2000-10-10,NIFTY 50,1268.70,1272.75,1230.05,1238.95,-0.02262440639826683,0.019962328446578973
2000-10-11,NIFTY 50,1232.85,1234.10,1193.80,1201.9,-0.030360608731008442,0.020190001970010866
2000-10-12,NIFTY 50,1201.30,1214.35,1185.10,1206.25,0.0036127356944524757,0.020415392464093556
2000-10-13,NIFTY 50,1205.70,1205.70,1167.50,1176.75,-0.024759972371943998,0.020692994986097626
2000-10-16,NIFTY 50,1177.85,1228.80,1173.35,1175.45,-0.0011053482972205703,0.020666834256247338
2000-10-17,NIFTY 50,1174.30,1174.30,1140.60,1158.05,-0.014913496890310152,0.01892243675112864
2000-10-18,NIFTY 50,1157.05,1157.05,1122.80,1136.0,-0.01922423581262431,0.018529750402759105
2000-10-19,NIFTY 50,1135.65,1171.50,1108.20,1166.15,0.026194404295256185,0.019094825820957437
2000-10-20,NIFTY 50,1166.20,1202.70,1166.20,1172.0,0.005003966560605199,0.0192693327649971
2000-10-23,NIFTY 50,1171.75,1172.15,1141.45,1143.95,-0.02422450544606883,0.01706999570552455
2000-10-24,NIFTY 50,1143.00,1155.35,1132.90,1152.45,0.007402925290864655,0.01627772785253748
2000-10-25,NIFTY 50,1158.20,1190.40,1157.25,1183.9,0.026923962435837057,0.017489305237837434
2000-10-26,NIFTY 50,1182.80,1188.20,1176.60,1186.3,0.002025146249467032,0.01672066925423769
2000-10-27,NIFTY 50,1186.95,1192.90,1171.85,1178.7,-0.006427083434533758,0.016296546770352215
2000-10-30,NIFTY 50,1178.75,1185.80,1164.25,1167.15,-0.009847256501474937,0.01624756952275397
2000-10-31,NIFTY 50,1167.20,1175.60,1155.15,1172.75,0.004786538477518576,0.016130834850320106
2000-11-01,NIFTY 50,1178.25,1203.85,1177.10,1200.8,0.023636583110684777,0.016932470914840334
2000-11-02,NIFTY 50,1201.25,1226.35,1199.75,1224.85,0.019830386182494903,0.01766100977857839
2000-11-03,NIFTY 50,1225.00,1249.20,1225.00,1242.05,0.013944852830312856,0.018030578375680537
2000-11-06,NIFTY 50,1242.15,1261.40,1236.65,1240.25,-0.0014502681509016122,0.017801784458845313
2000-11-07,NIFTY 50,1239.00,1249.10,1232.35,1246.75,0.005227193245073631,0.01710329761269867
2000-11-08,NIFTY 50,1246.65,1277.25,1246.65,1266.8,0.01595387023825284,0.015818666970354826
2000-11-09,NIFTY 50,1266.75,1275.55,1255.95,1269.95,0.002483493934390144,0.015816988070067022
2000-11-10,NIFTY 50,1271.35,1271.40,1237.50,1239.55,-0.024229119090910148,0.015769078967226752
2000-11-13,NIFTY 50,1239.35,1239.35,1199.95,1208.05,-0.025740921141300274,0.016988736400079255
2000-11-14,NIFTY 50,1207.20,1246.90,1207.05,1242.85,0.028399640077745578,0.0175552700030261
2000-11-15,NIFTY 50,1245.00,1270.10,1243.20,1247.05,0.003373632662748114,0.01672083697242065
2000-11-16,NIFTY 50,1246.60,1254.55,1228.60,1233.25,-0.011127800993310644,0.01626793721169212
2000-11-17,NIFTY 50,1232.35,1238.00,1216.90,1236.0,0.0022273979037884975,0.01625995982027348
2000-11-20,NIFTY 50,1236.00,1241.75,1231.05,1237.6,0.0012936612412202692,0.014991139373460135
2000-11-21,NIFTY 50,1236.95,1237.85,1224.30,1235.0,-0.0021030501967786762,0.015026033172999288
2000-11-22,NIFTY 50,1235.85,1247.50,1220.05,1222.35,-0.010295734627739151,0.014251828973975367
2000-11-23,NIFTY 50,1221.20,1223.05,1209.85,1216.0,-0.005208451908226092,0.014331980948154235
2000-11-24,NIFTY 50,1216.05,1230.00,1216.05,1225.2,0.007537312432507903,0.014279043884115689
2000-11-27,NIFTY 50,1225.40,1254.45,1225.35,1252.9,0.022356768292886752,0.0146903634272295
2000-11-28,NIFTY 50,1252.90,1275.45,1248.90,1272.75,0.015719049530938344,0.014940272735971283
2000-11-29,NIFTY 50,1272.25,1281.00,1253.45,1264.75,-0.006305439610399942,0.01436787091459356
2000-11-30,NIFTY 50,1264.75,1272.10,1258.40,1268.15,0.0026846713586115927,0.013785014960457935
2000-12-01,NIFTY 50,1268.10,1280.50,1255.20,1276.2,0.00632776690358946,0.013532901737449534
2000-12-04,NIFTY 50,1276.25,1290.00,1273.65,1275.6,-0.00047025629834406306,0.01352397646555024
2000-12-05,NIFTY 50,1275.70,1288.20,1275.50,1284.65,0.007069651552151891,0.013557614978102704
2000-12-06,NIFTY 50,1284.85,1319.85,1284.85,1298.55,0.01076194964183803,0.013313750580379844
2000-12-07,NIFTY 50,1298.90,1308.45,1295.10,1302.5,0.0030372372976295863,0.013317053024546608
2000-12-08,NIFTY 50,1303.30,1317.20,1303.30,1313.7,0.008562088847940512,0.011962754121264652
2000-12-11,NIFTY 50,1313.70,1333.50,1313.70,1332.15,0.013946594897160514,0.010108929332686332
2000-12-12,NIFTY 50,1332.20,1341.75,1327.60,1333.35,0.0009003939831707744,0.008482133983532883
2000-12-13,NIFTY 50,1333.80,1360.80,1333.80,1354.3,0.01559014330553199,0.008900998247591663
2000-12-14,NIFTY 50,1354.45,1369.50,1346.15,1349.35,-0.0036617206597604262,0.008368243974844536
2000-12-15,NIFTY 50,1349.25,1349.25,1308.15,1312.6,-0.027613091961942976,0.011031048120688806
2000-12-18,NIFTY 50,1310.15,1321.65,1297.20,1317.6,0.003801996823808239,0.011024806850596052
2000-12-19,NIFTY 50,1317.75,1325.60,1307.00,1310.5,-0.005403156099969451,0.01113146053724482
2000-12-20,NIFTY 50,1312.80,1313.40,1285.45,1295.25,-0.0117050170685634,0.01122391056161768
2000-12-21,NIFTY 50,1294.25,1294.25,1257.10,1277.4,-0.0138769645674088,0.01171020158559309
2000-12-22,NIFTY 50,1278.95,1292.80,1237.30,1242.0,-0.02810377863406474,0.013476124046160715
2000-12-26,NIFTY 50,1242.05,1248.50,1207.95,1212.0,-0.02445109586416431,0.013577732861917154
2000-12-27,NIFTY 50,1212.15,1239.00,1208.75,1228.3,0.013359211915788972,0.013428193606921412
2000-12-28,NIFTY 50,1229.35,1253.60,1229.35,1248.95,0.016672098753605646,0.013991530626839404
2000-12-29,NIFTY 50,1249.00,1265.90,1242.25,1263.55,0.011622021362369235,0.014243375476987409
2001-01-01,NIFTY 50,1263.50,1276.15,1250.65,1254.3,-0.007347571630394522,0.014242684306096973
2001-01-02,NIFTY 50,1254.25,1279.60,1248.55,1271.8,0.01385557180267835,0.014618874398159057
2001-01-03,NIFTY 50,1271.80,1293.55,1263.95,1291.25,0.015177521600540984,0.014938518786447287
2001-01-04,NIFTY 50,1291.30,1331.35,1291.30,1307.65,0.012620891678423937,0.015012923359187014
2001-01-05,NIFTY 50,1307.55,1330.30,1306.25,1327.25,0.01487749935150851,0.015354078104488668
2001-01-08,NIFTY 50,1327.35,1334.20,1303.35,1309.25,-0.013654678304183761,0.015575771078705562
2001-01-09,NIFTY 50,1309.20,1323.40,1304.90,1311.65,0.0018314324627639233,0.015229620024195025
2001-01-10,NIFTY 50,1311.65,1324.35,1285.30,1287.3,-0.018738884956772308,0.015740457535354243
2001-01-11,NIFTY 50,1287.50,1296.75,1275.95,1280.4,-0.005374472569880601,0.015213652394362424
2001-01-12,NIFTY 50,1280.45,1298.85,1279.40,1286.75,0.004947130437155756,0.015309638511582983
2001-01-15,NIFTY 50,1286.85,1295.20,1277.85,1286.75,0.0,0.014112107535445404
2001-01-16,NIFTY 50,1287.00,1302.60,1279.85,1293.05,0.004884109251585105,0.014133523316986824
2001-01-17,NIFTY 50,1299.40,1312.35,1295.30,1297.9,0.003743804909264277,0.014129505344678684
2001-01-18,NIFTY 50,1297.95,1309.95,1297.95,1305.95,0.006183171570576117,0.01394674534593977
2001-01-19,NIFTY 50,1306.00,1333.50,1306.00,1329.1,0.017571276162997494,0.014023626476017478
2001-01-22,NIFTY 50,1329.30,1351.85,1329.30,1348.0,0.014119991044965427,0.01233195555303218
2001-01-23,NIFTY 50,1347.95,1362.05,1346.50,1355.2,0.005327032425537544,0.010340950245418468
2001-01-24,NIFTY 50,1355.35,1371.10,1355.35,1365.95,0.007901112341947701,0.010195958391020292
2001-01-25,NIFTY 50,1366.05,1374.20,1353.50,1370.1,0.003033572619325224,0.00984619653625505
2001-01-29,NIFTY 50,1368.55,1368.55,1312.10,1342.05,-0.02068543419734826,0.011196182390809665
2001-01-30,NIFTY 50,1342.10,1382.55,1342.05,1379.7,0.02766778855227318,0.012184768528917192
2001-01-31,NIFTY 50,1385.85,1396.05,1369.00,1371.7,-0.005815237729626514,0.01220620258275106
2001-02-01,NIFTY 50,1371.50,1373.50,1340.95,1359.15,-0.009191342148181904,0.01222495150124491
2001-02-02,NIFTY 50,1359.10,1384.90,1355.30,1378.85,0.014390314066493392,0.012307697556062062
2001-02-05,NIFTY 50,1378.80,1392.15,1373.45,1382.6,0.0027159661084917314,0.011967562619969816
2001-02-06,NIFTY 50,1382.70,1395.40,1382.70,1387.1,0.00324945225807973,0.01138324055938557
2001-02-07,NIFTY 50,1387.30,1391.85,1368.05,1370.8,-0.01182072576879062,0.011849711129094692
2001-02-08,NIFTY 50,1370.65,1396.80,1365.05,1395.5,0.017858262975923085,0.011256054798998872
2001-02-09,NIFTY 50,1395.55,1416.30,1395.55,1405.7,0.007282625361343394,0.011053144603984466
2001-02-12,NIFTY 50,1405.70,1416.45,1397.60,1402.2,-0.0024929675648528954,0.01116786751621145
2001-02-13,NIFTY 50,1402.20,1412.70,1386.65,1391.2,-0.007875747732793986,0.01146229671215683
2001-02-14,NIFTY 50,1393.15,1396.35,1380.65,1393.35,0.0015442354615660472,0.011471566211885163
2001-02-15,NIFTY 50,1393.35,1421.00,1393.35,1416.7,0.016619303883665892,0.01182781484059077
2001-02-16,NIFTY 50,1415.85,1422.95,1376.15,1381.35,-0.025268941549819672,0.013542018119252687
2001-02-19,NIFTY 50,1381.40,1392.05,1369.45,1384.8,0.0024944430265137502,0.01308891227964511
2001-02-20,NIFTY 50,1384.85,1392.80,1380.40,1383.85,-0.0006862550609743243,0.012785669496484674
2001-02-21,NIFTY 50,1383.90,1389.55,1364.25,1370.1,-0.009985739941962292,0.012989468115950057
2001-02-22,NIFTY 50,1370.05,1370.05,1335.65,1355.1,-0.011008477530394764,0.013113586304228611
2001-02-23,NIFTY 50,1355.10,1362.80,1314.10,1320.45,-0.02590266475364321,0.0142610263565368
2001-02-26,NIFTY 50,1320.90,1325.20,1299.05,1312.4,-0.006115065488078235,0.013605017520879337
2001-02-27,NIFTY 50,1312.45,1324.00,1281.90,1295.55,-0.012922206692542378,0.012020272044695968
2001-02-28,NIFTY 50,1295.30,1362.25,1294.60,1351.4,0.04220577672367008,0.01569388332739819
2001-03-01,NIFTY 50,1351.75,1399.55,1345.05,1358.05,0.004908755174021612,0.015610992875123518
2001-03-02,NIFTY 50,1360.25,1386.75,1301.80,1306.35,-0.03881285848523774,0.017447483918195148
2001-03-05,NIFTY 50,1304.85,1316.45,1259.10,1271.45,-0.02707900735138196,0.01821574979179438
2001-03-07,NIFTY 50,1272.80,1311.10,1249.45,1290.5,0.01487175870319232,0.018645893625282413
2001-03-08,NIFTY 50,1290.85,1307.95,1279.30,1292.85,0.0018193436028492212,0.01857907287582934
2001-03-09,NIFTY 50,1292.70,1292.70,1219.35,1254.75,-0.029912734226474877,0.018835199954506585
2001-03-12,NIFTY 50,1253.25,1253.25,1193.95,1197.95,-0.046324586957674,0.02067268950930026
2001-03-13,NIFTY 50,1197.85,1201.15,1098.75,1124.7,-0.06309542916739294,0.023997642988123995
2001-03-14,NIFTY 50,1125.15,1200.25,1114.60,1194.2,0.05996017170291596,0.028783144523847795
2001-03-15,NIFTY 50,1191.60,1219.70,1170.70,1217.15,0.019035555182537175,0.02933711895533302
2001-03-16,NIFTY 50,1216.90,1233.40,1179.60,1193.55,-0.019580000803775824,0.02893268925273693
2001-03-19,NIFTY 50,1192.85,1201.70,1173.15,1186.7,-0.005755713820560107,0.028667727419587865
2001-03-20,NIFTY 50,1186.80,1193.35,1162.35,1170.95,-0.013360960533234366,0.02859318739819229
2001-03-21,NIFTY 50,1168.80,1212.20,1156.15,1207.1,0.03040540356922227,0.02985143260484993
2001-03-22,NIFTY 50,1206.45,1218.35,1184.95,1187.55,-0.016328427421528922,0.029920307846060125
2001-03-23,NIFTY 50,1187.60,1196.55,1139.65,1161.3,-0.0223522940338403,0.030104265468171347
2001-03-26,NIFTY 50,1159.85,1165.65,1147.50,1161.5,0.00017220595875165045,0.029838674001624533
2001-03-27,NIFTY 50,1161.60,1182.70,1157.25,1177.75,0.013893565369686662,0.03018263185921538
2001-03-28,NIFTY 50,1177.55,1209.60,1177.55,1206.2,0.023869083436736046,0.030815388952304096
2001-03-29,NIFTY 50,1204.90,1210.10,1185.00,1195.1,-0.009245058144051162,0.028879322533822426
2001-03-30,NIFTY 50,1195.05,1195.25,1144.65,1148.2,-0.04003436513929879,0.029710488162230993
2001-04-02,NIFTY 50,1148.10,1148.10,1094.35,1138.1,-0.008835293445692475,0.028838412980298895
2001-04-03,NIFTY 50,1136.65,1153.10,1128.10,1149.25,0.009749350398493338,0.028656923063092418
2001-04-04,NIFTY 50,1146.10,1146.15,1120.35,1136.65,-0.011024215940982032,0.028292015664949925
2001-04-06,NIFTY 50,1137.55,1171.85,1133.05,1139.6,0.0025919838783978466,0.028304278655180492
2001-04-09,NIFTY 50,1137.60,1138.55,1116.10,1128.35,-0.009920935005833924,0.02777486685163335
2001-04-10,NIFTY 50,1129.10,1129.75,1093.05,1103.05,-0.022677318476147124,0.026406579821332227
2001-04-11,NIFTY 50,1104.90,1116.85,1056.10,1066.8,-0.03341555683391281,0.023603433283324295
2001-04-12,NIFTY 50,1066.75,1066.75,1001.80,1024.9,-0.040068466470341776,0.019956021413552696
2001-04-16,NIFTY 50,1024.00,1049.40,1000.10,1044.6,0.019038990164681007,0.0199562631268939
2001-04-17,NIFTY 50,1044.85,1072.90,1037.70,1067.0,0.02121693529955517,0.020741585775105494
2001-04-18,NIFTY 50,1066.50,1106.30,1063.05,1103.4,0.03354534953657704,0.02251254430970323
2001-04-19,NIFTY 50,1103.60,1159.30,1103.60,1144.45,0.036527850400327,0.024087442868786203
2001-04-20,NIFTY 50,1145.75,1156.45,1120.60,1144.0,-0.0003932792989141615,0.022920491192504527
2001-04-23,NIFTY 50,1144.05,1162.05,1137.30,1149.75,0.005013634480289962,0.022748001103434758
2001-04-24,NIFTY 50,1149.60,1149.60,1128.40,1146.3,-0.0030051632990693183,0.02222520344043908
2001-04-25,NIFTY 50,1146.50,1162.85,1142.30,1155.35,0.00786396423355128,0.022306581090865796
2001-04-26,NIFTY 50,1155.40,1170.20,1138.85,1143.75,-0.010090990764784187,0.02214947826402007
2001-04-27,NIFTY 50,1143.65,1143.65,1078.10,1101.3,-0.03782103741883285,0.02272384624496066
2001-04-30,NIFTY 50,1101.45,1127.90,1101.45,1125.25,0.021513933002143753,0.02341953688845664
2001-05-02,NIFTY 50,1125.45,1150.65,1125.25,1137.2,0.010563867603802785,0.021892778538085047
2001-05-03,NIFTY 50,1137.15,1139.85,1117.70,1122.05,-0.013411731407259235,0.022008300789019365
2001-05-04,NIFTY 50,1121.45,1131.95,1113.65,1130.05,0.007104510145506757,0.02195001356885033
2001-05-07,NIFTY 50,1130.05,1145.40,1130.05,1139.2,0.008064382142619016,0.021898931556582773
2001-05-08,NIFTY 50,1139.25,1151.95,1138.20,1148.95,0.008522220143233974,0.0219742952872752
2001-05-09,NIFTY 50,1149.90,1164.30,1145.25,1149.25,0.0002610738853919225,0.021839923699120092
2001-05-10,NIFTY 50,1149.10,1151.60,1139.25,1144.95,-0.003748587773748254,0.021163273992456134
2001-05-11,NIFTY 50,1144.10,1146.85,1136.90,1140.5,-0.003894205188146377,0.019540414044368244
2001-05-14,NIFTY 50,1140.45,1146.25,1134.05,1140.8,0.0002630079355886729,0.016699442571180893
2001-05-15,NIFTY 50,1140.75,1147.75,1096.25,1145.3,0.003936840743638968,0.01638671564826273
2001-05-16,NIFTY 50,1147.10,1163.15,1146.05,1151.15,0.005094831286708846,0.015916134265440203
2001-05-17,NIFTY 50,1151.20,1179.00,1150.60,1174.95,0.02046415079097792,0.014863197871165738
2001-05-18,NIFTY 50,1175.00,1187.65,1169.20,1172.8,-0.0018315413489702565,0.01263638475675529
2001-05-21,NIFTY 50,1172.95,1182.65,1166.70,1169.45,-0.002860499335483986,0.012665009530191366
2001-05-22,NIFTY 50,1169.50,1176.20,1165.65,1168.1,-0.0011550556352526917,0.01263977557796705
2001-05-23,NIFTY 50,1168.25,1181.80,1167.00,1179.1,0.009372938420977108,0.012746671920310168
2001-05-24,NIFTY 50,1179.10,1190.15,1177.55,1181.85,0.002329571777179117,0.01265897314283524
2001-05-25,NIFTY 50,1181.95,1188.50,1171.35,1174.9,-0.005897969786279723,0.012496973323983515
2001-05-28,NIFTY 50,1174.95,1194.50,1174.45,1193.2,0.015455736067066494,0.008857593410791393
2001-05-29,NIFTY 50,1193.25,1202.05,1193.25,1198.45,0.004390281548405934,0.007846180051277955
2001-05-30,NIFTY 50,1199.50,1207.00,1173.75,1177.55,-0.017593046354937206,0.008901281135000785
2001-05-31,NIFTY 50,1177.50,1177.50,1154.90,1167.9,-0.008228744549542482,0.008503393651645074
2001-06-01,NIFTY 50,1168.10,1175.80,1146.90,1148.05,-0.01714241334648775,0.009417083155742743
2001-06-04,NIFTY 50,1148.00,1154.45,1125.35,1127.2,-0.01832816935356155,0.010163699377208948
2001-06-05,NIFTY 50,1127.15,1130.65,1106.80,1115.6,-0.010344304831136696,0.010154892976508758
2001-06-06,NIFTY 50,1117.50,1132.95,1114.00,1115.7,8.963384580032702e-05,0.010153424585380964
2001-06-07,NIFTY 50,1115.05,1116.10,1095.45,1112.35,-0.003007116109991604,0.010146061543160233
2001-06-08,NIFTY 50,1112.45,1128.90,1112.45,1126.6,0.012729352971470986,0.010605316747051854
2001-06-11,NIFTY 50,1126.55,1134.80,1122.35,1131.1,0.003986363076721684,0.01065407419341162
2001-06-12,NIFTY 50,1131.05,1133.30,1121.80,1127.15,-0.0034982876371934908,0.01062346685143639
2001-06-13,NIFTY 50,1127.10,1132.95,1126.90,1129.0,0.0016399622495202027,0.01055042869617955
2001-06-14,NIFTY 50,1128.95,1128.95,1110.15,1112.75,-0.014497856253698259,0.009671663453061861
2001-06-15,NIFTY 50,1112.70,1112.70,1084.20,1087.75,-0.022723086295174222,0.01064946288150951
2001-06-18,NIFTY 50,1087.75,1087.75,1064.40,1078.3,-0.008725615712762853,0.01070388488742317
2001-06-19,NIFTY 50,1078.25,1099.70,1075.45,1096.65,0.01687435151940801,0.011676226884360453
2001-06-20,NIFTY 50,1096.35,1100.55,1084.70,1097.6,0.0008658995641860765,0.011346076179293563
2001-06-21,NIFTY 50,1097.90,1102.45,1090.25,1095.2,-0.0021889829973814967,0.011266893674433384
2001-06-22,NIFTY 50,1095.85,1097.80,1081.30,1087.65,-0.006917589488527644,0.011279152147914214
2001-06-25,NIFTY 50,1087.10,1087.10,1064.40,1067.0,-0.019168433183958073,0.010805946031635576
2001-06-26,NIFTY 50,1066.40,1099.80,1060.05,1096.6,0.027363511668194725,0.012934068324924214
2001-06-27,NIFTY 50,1096.60,1102.80,1086.75,1096.1,-0.0004560587482703316,0.012579688428475596
2001-06-28,NIFTY 50,1095.85,1101.00,1090.20,1094.0,-0.0019177212397510559,0.01253612152608905
2001-06-29,NIFTY 50,1094.05,1114.35,1091.05,1107.9,0.012625627544700774,0.012569288557624297
2001-07-02,NIFTY 50,1108.35,1119.55,1097.95,1100.75,-0.006474565890764107,0.012015172800773669
2001-07-03,NIFTY 50,1097.40,1097.40,1066.05,1069.8,-0.028520050538713544,0.013356716759927393
2001-07-04,NIFTY 50,1068.05,1074.60,1062.20,1067.95,-0.001730792152335861,0.013347237705484277
2001-07-05,NIFTY 50,1068.35,1079.35,1066.95,1069.75,0.0016840533521122482,0.013373262707198779
2001-07-06,NIFTY 50,1069.15,1069.15,1059.60,1065.1,-0.00435628484780625,0.01292420111953827
2001-07-09,NIFTY 50,1064.80,1064.80,1052.10,1059.5,-0.0052715927407661935,0.01283356532363039
2001-07-10,NIFTY 50,1059.95,1078.10,1059.25,1072.05,0.011775604625743646,0.013266402327338191
2001-07-11,NIFTY 50,1072.15,1088.50,1068.35,1083.65,0.010762269300313652,0.013569796142083722
2001-07-12,NIFTY 50,1083.80,1109.00,1083.80,1105.5,0.01996274866308976,0.014084097101287782
2001-07-13,NIFTY 50,1105.70,1127.15,1103.30,1110.45,0.004467617259716052,0.013085351462560433
2001-07-16,NIFTY 50,1110.35,1116.70,1102.45,1105.55,-0.004422389879052157,0.01295114185013845
2001-07-17,NIFTY 50,1103.55,1106.05,1092.50,1103.1,-0.002218550702828999,0.01243194376769738
2001-07-18,NIFTY 50,1103.10,1108.45,1088.10,1091.95,-0.010159309264554781,0.012647780847579978
2001-07-19,NIFTY 50,1091.35,1091.35,1079.55,1085.9,-0.005555952487926356,0.012697147065879823
2001-07-20,NIFTY 50,1085.95,1089.95,1072.75,1077.7,-0.007579995620068835,0.012715820623022426
2001-07-23,NIFTY 50,1076.15,1076.15,1063.40,1070.65,-0.006563199950560198,0.012033804357709895
2001-07-24,NIFTY 50,1065.95,1074.75,1064.50,1072.55,0.001773050109885593,0.01021303066118823
2001-07-25,NIFTY 50,1072.45,1073.95,1062.15,1064.2,-0.007815647599842521,0.01032029640435685
2001-07-26,NIFTY 50,1063.90,1066.55,1050.15,1053.4,-0.010200315112979925,0.010503477710333628
2001-07-27,NIFTY 50,1053.20,1061.20,1046.90,1051.7,-0.0016151255233062245,0.009934906099530032
2001-07-30,NIFTY 50,1051.45,1062.80,1050.90,1061.45,0.00922799535202814,0.010228950826339463
2001-07-31,NIFTY 50,1061.45,1076.35,1053.60,1072.85,0.010682761013079004,0.008443021306476046
2001-08-01,NIFTY 50,1073.00,1077.70,1059.75,1063.15,-0.009082459438379422,0.008685419186887323
2001-08-02,NIFTY 50,1064.25,1070.05,1059.55,1066.0,0.0026771262730792473,0.008699735731547847
2001-08-03,NIFTY 50,1066.40,1077.55,1066.20,1074.6,0.008035173568931185,0.008826644668282296
2001-08-06,NIFTY 50,1074.20,1082.40,1072.55,1075.25,0.0006046933691247467,0.008723576233934134
2001-08-07,NIFTY 50,1074.35,1079.30,1070.20,1072.1,-0.0029338508016516786,0.008356354300719824
2001-08-08,NIFTY 50,1071.75,1072.10,1059.55,1068.0,-0.003831601342053832,0.007996769827427565
2001-08-09,NIFTY 50,1068.10,1072.60,1061.40,1070.65,0.0024782001320857,0.00641514538965249
2001-08-10,NIFTY 50,1070.65,1076.70,1069.05,1071.15,0.00046689701100287073,0.006276819503070386
2001-08-13,NIFTY 50,1070.95,1081.40,1061.05,1063.0,-0.007637738321280801,0.006387675983725606
2001-08-14,NIFTY 50,1063.05,1076.60,1062.20,1075.5,0.011690570365836714,0.007078173566122195
2001-08-16,NIFTY 50,1075.20,1083.70,1072.95,1078.95,0.0032026762736902443,0.0068205814283052195
2001-08-17,NIFTY 50,1079.00,1084.00,1067.60,1069.2,-0.009077640716711003,0.006998433255222793
2001-08-20,NIFTY 50,1062.50,1067.95,1061.00,1063.75,-0.005110304377180091,0.006893035520059863
2001-08-21,NIFTY 50,1063.65,1071.20,1062.30,1068.7,0.004642555643267137,0.006842451867484942
2001-08-23,NIFTY 50,1068.70,1079.00,1065.70,1071.5,0.002616579382780696,0.006857131445504752
2001-08-24,NIFTY 50,1071.50,1076.70,1064.90,1069.15,-0.0021955956779873913,0.006633615684979378
2001-08-27,NIFTY 50,1064.05,1078.35,1064.05,1072.55,0.0031750505264671824,0.006185614945994062
2001-08-28,NIFTY 50,1072.35,1076.85,1069.60,1070.65,-0.001773050109885581,0.0061890954977099595
2001-08-29,NIFTY 50,1070.55,1074.50,1066.45,1067.45,-0.002993314053892775,0.005920321959934948
2001-08-30,NIFTY 50,1068.30,1070.25,1061.90,1064.15,-0.0030962681895201805,0.005427480304172784
2001-08-31,NIFTY 50,1064.10,1064.10,1051.75,1053.75,-0.009821128092747673,0.005491754902975333
2001-09-03,NIFTY 50,1054.65,1059.90,1046.35,1048.05,-0.005423935649495926,0.005547897899280915
2001-09-04,NIFTY 50,1048.20,1053.25,1043.30,1048.2,0.0001431127014966728,0.005149063094974698
2001-09-05,NIFTY 50,1047.25,1051.55,1043.30,1045.0,-0.0030575219691545224,0.0051449869915882
2001-09-06,NIFTY 50,1047.70,1048.20,1033.40,1036.1,-0.008553221141205401,0.005379701464410779
2001-09-07,NIFTY 50,1036.35,1037.35,1026.45,1035.2,-0.0008690195110698732,0.00535889152706442
2001-09-10,NIFTY 50,1035.00,1045.30,1031.45,1033.4,-0.0017403078935518592,0.005273944006364458
2001-09-11,NIFTY 50,1033.35,1037.45,1020.70,1023.4,-0.00972391948209289,0.005532354057314988
2001-09-12,NIFTY 50,1023.25,1023.25,957.95,982.2,-0.041090742765847135,0.010267826626713356
2001-09-13,NIFTY 50,982.20,993.05,969.00,971.7,-0.010747838759750878,0.009677487997863754
2001-09-14,NIFTY 50,972.05,974.50,902.70,919.7,-0.05499958493674143,0.014571108200198324
2001-09-17,NIFTY 50,916.15,916.15,861.05,872.25,-0.05297144984176849,0.017711574139265773
2001-09-18,NIFTY 50,872.15,910.35,868.50,900.2,0.03154088079194893,0.020010556320214493
2001-09-19,NIFTY 50,899.70,915.00,899.70,912.2,0.013242303418767747,0.020393104487662975
2001-09-20,NIFTY 50,910.20,910.35,873.70,898.8,-0.014798723966426083,0.020291214697944142
2001-09-21,NIFTY 50,903.75,903.75,849.95,854.2,-0.05089518190380783,0.02228279352124641
2001-09-24,NIFTY 50,853.00,878.60,853.00,869.05,0.017235302602122648,0.022972080098377378
2001-09-25,NIFTY 50,869.15,893.35,858.85,861.4,-0.00884168838947864,0.022884638205051662
2001-09-26,NIFTY 50,861.35,877.00,859.20,873.7,0.014178094684038701,0.02350941081284381
2001-09-27,NIFTY 50,873.15,893.05,868.30,890.0,0.018484395422136535,0.02432477208685477
2001-09-28,NIFTY 50,891.75,922.55,891.00,913.85,0.02644498147426575,0.025574894592624218
2001-10-01,NIFTY 50,914.65,919.20,905.50,910.1,-0.004111960617141173,0.025581161673767918
2001-10-03,NIFTY 50,910.05,915.05,896.25,899.65,-0.01154868478478232,0.025541533533888897
2001-10-04,NIFTY 50,899.65,914.25,899.65,911.65,0.013250345686685865,0.02595256587675307
2001-10-05,NIFTY 50,911.60,919.75,903.05,914.6,0.003230666738741242,0.026044883726703907
2001-10-08,NIFTY 50,911.20,913.05,884.65,901.95,-0.013927725070267368,0.026066917146564457
2001-10-09,NIFTY 50,903.00,914.30,902.55,912.7,0.011848153369144325,0.02638336150284863
2001-10-10,NIFTY 50,915.50,942.80,912.90,940.35,0.02984490686525549,0.027563216335582296
2001-10-11,NIFTY 50,940.45,959.75,940.45,954.9,0.015354476568069637,0.026458120432912055
2001-10-12,NIFTY 50,958.40,969.90,956.85,960.4,0.005743241390941305,0.02640869792865695
2001-10-15,NIFTY 50,963.65,966.15,954.35,963.4,0.003118829849022366,0.023095721880718
2001-10-16,NIFTY 50,963.40,973.25,962.50,971.25,0.00811520748573673,0.019090596676878947
2001-10-17,NIFTY 50,971.95,989.05,971.95,986.25,0.015325970478226772,0.018246559532661803
2001-10-18,NIFTY 50,984.20,984.50,969.35,972.05,-0.014502628693435205,0.018603298943053535
2001-10-19,NIFTY 50,972.20,981.00,970.85,976.65,0.004721104884331917,0.018116236896258485
2001-10-22,NIFTY 50,980.05,994.15,973.20,976.4,-0.00025600983217575465,0.012766411432594155
2001-10-23,NIFTY 50,976.75,994.15,976.55,993.2,0.017059715115206705,0.012758832577758646
2001-10-24,NIFTY 50,992.95,1000.95,987.40,991.2,-0.002015723319078867,0.012408355209246519
2001-10-25,NIFTY 50,991.25,998.00,979.95,983.2,-0.0081037720631076,0.012727817377254744
2001-10-29,NIFTY 50,983.15,996.60,974.05,977.45,-0.005865418595696599,0.01262525785478452
2001-10-30,NIFTY 50,977.35,977.35,960.50,963.1,-0.01478989108930989,0.01224618160468364
2001-10-31,NIFTY 50,962.85,976.40,959.35,971.9,0.009095669942606157,0.012219878789895933
2001-11-01,NIFTY 50,973.55,997.30,973.55,994.0,0.022484288147149197,0.012413598104923488
2001-11-02,NIFTY 50,994.25,1009.55,991.95,997.6,0.003615187709252749,0.012262050646731163
2001-11-05,NIFTY 50,997.25,1001.30,987.85,991.05,-0.0065874072218223825,0.012509773015739765
2001-11-06,NIFTY 50,991.20,1007.40,991.15,1001.9,0.010888489121212895,0.01184984877033836
2001-11-07,NIFTY 50,1001.95,1014.10,984.45,987.5,-0.014476979489940341,0.012521928861531627
2001-11-08,NIFTY 50,987.50,1001.15,985.75,997.7,0.010276133144184565,0.011071658280066697
2001-11-09,NIFTY 50,999.10,1008.95,999.10,1004.05,0.006344469889007159,0.010718463499514927
2001-11-12,NIFTY 50,1004.55,1014.25,1003.60,1010.9,0.00679920235154325,0.01073781413575979
2001-11-13,NIFTY 50,1010.95,1013.25,999.85,1005.4,-0.0054555509015370264,0.010884593115740882
2001-11-14,NIFTY 50,1005.45,1017.20,1004.70,1015.8,0.010291007108669849,0.01095814987173573
2001-11-15,NIFTY 50,1016.05,1038.35,1015.15,1035.7,0.019401047227688668,0.011248272446817172
2001-11-19,NIFTY 50,1034.20,1072.00,1032.85,1068.15,0.030850653501410353,0.012184239257258546
2001-11-20,NIFTY 50,1067.30,1082.40,1046.15,1050.2,-0.01694755789248455,0.01311165879662464
2001-11-21,NIFTY 50,1050.40,1064.85,1046.30,1056.35,0.005838947542484718,0.01308738379973779
2001-11-22,NIFTY 50,1056.45,1075.90,1056.45,1062.45,0.005757992121497817,0.012729977514738155
2001-11-23,NIFTY 50,1063.05,1075.05,1057.30,1059.0,-0.0032524952663348368,0.012760484374555821
2001-11-26,NIFTY 50,1059.25,1084.65,1059.25,1080.6,0.02019137580855881,0.012995033411792898
2001-11-27,NIFTY 50,1087.60,1097.60,1071.05,1076.05,-0.0042195133663714005,0.012929496262796577
2001-11-28,NIFTY 50,1076.15,1082.30,1067.65,1070.8,-0.004890896397396512,0.012314757357571324
2001-11-29,NIFTY 50,1070.30,1071.00,1063.00,1067.15,-0.003414489156620273,0.01242901278340633
2001-12-03,NIFTY 50,1067.20,1074.50,1063.25,1065.4,-0.0016412280066783528,0.0117624157810256
2001-12-04,NIFTY 50,1066.05,1082.60,1065.65,1077.7,0.011478825119887296,0.011898224755774458
2001-12-05,NIFTY 50,1077.95,1107.15,1077.95,1104.55,0.024608871585407886,0.012486612518288474
2001-12-06,NIFTY 50,1105.10,1132.65,1105.10,1110.45,0.005327326369023187,0.012420204211327682
2001-12-07,NIFTY 50,1110.90,1122.65,1109.65,1112.3,0.0016646050407664883,0.011573755592861017
2001-12-10,NIFTY 50,1112.15,1123.55,1112.15,1115.25,0.00264865141039064,0.011549358055062305
2001-12-11,NIFTY 50,1112.15,1122.85,1107.70,1110.2,-0.004538415752313173,0.011765256057274841
2001-12-12,NIFTY 50,1110.65,1121.55,1104.75,1107.65,-0.002299525327376404,0.01186849831583408
2001-12-13,NIFTY 50,1107.75,1114.15,1069.95,1098.75,-0.008067483929297722,0.011998282588117823
2001-12-14,NIFTY 50,1098.65,1102.90,1082.75,1087.85,-0.009969898735175325,0.012328993796871527
2001-12-18,NIFTY 50,1089.90,1098.00,1071.35,1082.3,-0.005114864963110686,0.011867219482435652
2001-12-19,NIFTY 50,1082.50,1086.35,1057.10,1060.75,-0.02011220121866648,0.010816547415477292
2001-12-20,NIFTY 50,1060.45,1064.80,1047.50,1062.0,0.0011777177194499272,0.010087245536759252
2001-12-21,NIFTY 50,1061.80,1061.80,1043.65,1050.85,-0.010554562328463028,0.010299420035971988
2001-12-24,NIFTY 50,1051.00,1055.00,1032.60,1048.5,-0.0022387891314465088,0.010208275279061303
2001-12-26,NIFTY 50,1048.90,1058.30,1030.50,1034.25,-0.01368404500045377,0.01060639065179807
2001-12-27,NIFTY 50,1033.85,1037.70,1017.35,1020.0,-0.013873899063204145,0.009688916072813986
2001-12-28,NIFTY 50,1019.90,1036.35,1010.45,1033.8,0.013438706483622082,0.01034342665592299
2001-12-31,NIFTY 50,1033.90,1062.30,1033.90,1059.05,0.024130946078068358,0.011843852650246489
2002-01-01,NIFTY 50,1058.85,1071.15,1052.05,1055.3,-0.003547193162962818,0.011845577915099251
2002-01-02,NIFTY 50,1054.95,1065.25,1054.10,1060.75,0.005151118405389664,0.011910090467562697
2002-01-03,NIFTY 50,1063.45,1074.85,1062.90,1072.25,0.010783039314555699,0.01187508848588467
2002-01-04,NIFTY 50,1072.40,1099.25,1072.40,1096.2,0.022090409215026294,0.011607920290785332
2002-01-07,NIFTY 50,1093.05,1111.55,1093.05,1100.15,0.0035968805141340337,0.011569530656792951
2002-01-08,NIFTY 50,1100.55,1114.55,1097.90,1109.9,0.008823387031783807,0.011748273607721934
2002-01-09,NIFTY 50,1110.00,1119.40,1098.70,1102.8,-0.006417521008292296,0.01181105159623792
2002-01-10,NIFTY 50,1098.80,1105.35,1093.60,1098.2,-0.004179924304869296,0.011804968690083115
2002-01-11,NIFTY 50,1098.15,1105.90,1073.45,1088.55,-0.008825940452516659,0.011945436077898348
2002-01-14,NIFTY 50,1089.45,1118.50,1089.45,1109.8,0.019333283499545287,0.012628264225301222
2002-01-15,NIFTY 50,1109.45,1112.60,1090.20,1094.15,-0.014202012791431786,0.012846514506910291
2002-01-16,NIFTY 50,1094.15,1104.80,1085.30,1090.3,-0.0035249183880330984,0.012816199563763843
2002-01-17,NIFTY 50,1090.25,1116.05,1078.95,1109.2,0.017186147029286922,0.01238564709956196
2002-01-18,NIFTY 50,1109.55,1121.75,1089.05,1093.15,-0.014575598018726245,0.012944603191455338
2002-01-21,NIFTY 50,1093.25,1099.80,1082.65,1091.35,-0.0016479747378102864,0.01266012064832335
2002-01-22,NIFTY 50,1091.35,1099.00,1090.00,1092.85,0.001373500811109887,0.012623820560286257
2002-01-23,NIFTY 50,1092.85,1096.95,1087.50,1089.4,-0.003161876846622111,0.012142732267733547
2002-01-24,NIFTY 50,1089.60,1098.60,1081.70,1085.3,-0.0037706394976050033,0.0116203425238807
2002-01-25,NIFTY 50,1085.85,1089.70,1077.00,1080.1,-0.0048028170275408975,0.011481429004362081
2002-01-28,NIFTY 50,1083.25,1088.75,1068.70,1071.35,-0.00813409397769369,0.010457459842608844
2002-01-29,NIFTY 50,1071.35,1076.45,1068.85,1071.65,0.0002799813364068832,0.010412934698317616
2002-01-30,NIFTY 50,1072.85,1072.85,1058.80,1067.45,-0.003926890184808556,0.010409706568879743
2002-01-31,NIFTY 50,1067.65,1082.00,1067.65,1075.4,0.007420058777244832,0.010257765104770883
2002-02-01,NIFTY 50,1076.95,1088.05,1076.95,1081.65,0.0057949676553005645,0.0089921361129698
2002-02-04,NIFTY 50,1083.05,1086.95,1074.15,1076.9,-0.0044011096960430195,0.008970297875061274
2002-02-05,NIFTY 50,1076.25,1081.20,1069.40,1074.25,-0.002463799679730847,0.008665106480086879
2002-02-06,NIFTY 50,1074.40,1117.10,1074.00,1113.1,0.03552617184407564,0.011913045251186218
2002-02-07,NIFTY 50,1114.85,1130.95,1104.30,1110.45,-0.0023835769419629548,0.011882917078393567
2002-02-08,NIFTY 50,1112.80,1131.85,1104.45,1123.75,0.01190596822861302,0.01192572910400944
2002-02-11,NIFTY 50,1124.85,1144.15,1124.85,1131.55,0.006917067440925324,0.011258011071405347
2002-02-12,NIFTY 50,1131.95,1143.30,1125.55,1129.5,-0.0018133173186974266,0.01070657876415309
2002-02-13,NIFTY 50,1129.80,1142.30,1129.60,1135.1,0.004945695853235682,0.01066104274505025
2002-02-14,NIFTY 50,1135.50,1151.65,1133.85,1150.0,0.013041189596002234,0.010387339503453542
2002-02-15,NIFTY 50,1150.65,1164.10,1150.30,1159.95,0.008614958365858544,0.009736388445920232
2002-02-18,NIFTY 50,1159.85,1177.05,1156.70,1172.85,0.011059783515478361,0.009833622392856999
2002-02-19,NIFTY 50,1172.85,1178.10,1155.10,1158.9,-0.011965404898287239,0.010427087641123808
2002-02-20,NIFTY 50,1158.45,1158.45,1134.65,1145.95,-0.011237292034929383,0.010824353717015634
2002-02-21,NIFTY 50,1146.05,1158.05,1146.05,1149.85,0.00339751176191499,0.010722937751401969
2002-02-22,NIFTY 50,1149.85,1165.70,1145.50,1163.5,0.011801204675015409,0.010738845785244063
2002-02-25,NIFTY 50,1163.65,1167.60,1155.45,1165.45,0.0016745747703321684,0.010387258423821995
2002-02-26,NIFTY 50,1165.75,1192.65,1165.75,1189.4,0.02034169975981468,0.010941700210319342
2002-02-27,NIFTY 50,1190.15,1205.95,1180.00,1189.2,-0.00016816614855072912,0.010807921519110497
2002-02-28,NIFTY 50,1189.60,1197.00,1135.20,1142.05,-0.04045591902929976,0.014874086584458789
2002-03-01,NIFTY 50,1142.05,1181.25,1135.45,1178.0,0.030993192116889178,0.016136354635675705
2002-03-04,NIFTY 50,1178.45,1201.10,1172.30,1177.35,-0.000551934970599659,0.016050259485856637
2002-03-05,NIFTY 50,1176.40,1193.10,1175.15,1178.5,0.0009762931352535846,0.015990487759096565
2002-03-06,NIFTY 50,1176.55,1182.65,1162.75,1172.6,-0.005018937846071157,0.014353857762007888
2002-03-07,NIFTY 50,1173.60,1195.20,1173.60,1193.05,0.0172895478379192,0.014664816224563771
2002-03-08,NIFTY 50,1193.60,1199.60,1182.55,1187.65,-0.004536488646931484,0.014634783123115157
2002-03-11,NIFTY 50,1187.50,1192.75,1164.55,1167.85,-0.01681211323761684,0.015230238514049765
2002-03-12,NIFTY 50,1167.85,1171.20,1144.30,1150.45,-0.015011281317943855,0.01566467407931335
2002-03-13,NIFTY 50,1150.20,1165.40,1143.55,1157.05,0.005720492306138995,0.01567611063099641
2002-03-14,NIFTY 50,1156.85,1163.65,1153.15,1159.45,0.0020720922587638977,0.015420905742240499
2002-03-15,NIFTY 50,1159.60,1173.75,1159.60,1169.75,0.008844296015880996,0.015427412535489909
2002-03-18,NIFTY 50,1169.95,1184.70,1163.75,1169.3,-0.0003847716000529045,0.015222913675845289
2002-03-19,NIFTY 50,1169.40,1170.80,1150.30,1152.15,-0.014775517033471998,0.015350129793304667
2002-03-20,NIFTY 50,1152.05,1158.95,1148.50,1155.6,0.0029899274792794892,0.01514449058906226
2002-03-21,NIFTY 50,1155.55,1155.55,1141.05,1144.2,-0.00991398675765167,0.015298440207412752
2002-03-22,NIFTY 50,1144.50,1148.65,1135.90,1138.45,-0.00503801473025467,0.015062053612684824
2002-03-26,NIFTY 50,1138.10,1140.20,1117.85,1123.05,-0.013619489759369925,0.015300751695298886
2002-03-27,NIFTY 50,1130.00,1134.10,1121.35,1123.35,0.0002670940186818072,0.014400090468184395
2002-03-28,NIFTY 50,1123.60,1138.45,1123.60,1129.55,0.005504030939745663,0.0145112556001656
2002-04-01,NIFTY 50,1129.85,1143.30,1129.85,1138.95,0.008287462024121268,0.011618949407076548
2002-04-02,NIFTY 50,1138.80,1147.30,1132.30,1136.95,-0.0017575469175521924,0.009017463132437077
2002-04-03,NIFTY 50,1136.60,1136.90,1121.45,1123.5,-0.011900425784416472,0.009289503093596479
2002-04-04,NIFTY 50,1124.05,1149.65,1123.90,1145.9,0.019741541807018752,0.010509707246636506
2002-04-05,NIFTY 50,1146.05,1153.30,1139.90,1141.95,-0.003453027012071237,0.010487156915900768
2002-04-08,NIFTY 50,1141.90,1147.90,1134.00,1135.25,-0.005884436442270769,0.009561700372655706
2002-04-09,NIFTY 50,1135.15,1137.45,1122.10,1126.7,-0.007559884807940288,0.009619599003373043
2002-04-10,NIFTY 50,1126.70,1140.25,1125.75,1138.5,0.010418600333674094,0.009432537743387953
2002-04-11,NIFTY 50,1138.55,1150.20,1138.55,1143.6,0.004469574944362257,0.008931700681225651
2002-04-12,NIFTY 50,1143.25,1151.55,1138.65,1146.5,0.002532641849802413,0.008846672304537395
2002-04-15,NIFTY 50,1146.55,1152.55,1130.45,1134.15,-0.010830351625570509,0.009118718378368496
2002-04-16,NIFTY 50,1130.80,1133.50,1116.65,1118.75,-0.013671481083323583,0.00921536000304449
2002-04-17,NIFTY 50,1119.00,1136.60,1118.95,1125.1,0.005659929987961054,0.009376735724936911
2002-04-18,NIFTY 50,1125.25,1135.00,1123.80,1129.0,0.0034603645726359353,0.008937914837476994
2002-04-19,NIFTY 50,1125.55,1127.05,1097.60,1100.3,-0.0257494152737951,0.010443587118086734
2002-04-22,NIFTY 50,1100.50,1107.20,1088.05,1104.15,0.003492938296957774,0.010369416633842317
2002-04-23,NIFTY 50,1104.00,1108.80,1095.00,1106.0,0.0016740949094553668,0.010367090597535664
2002-04-24,NIFTY 50,1106.25,1116.85,1105.70,1110.6,0.004150506725226609,0.010024678079956148
2002-04-25,NIFTY 50,1110.65,1113.85,1089.00,1094.3,-0.014785520383109449,0.010512699385600073
2002-04-26,NIFTY 50,1094.25,1103.35,1094.10,1097.4,0.0028288562004778446,0.01043819226202462
2002-04-29,NIFTY 50,1097.55,1098.65,1073.30,1074.2,-0.021367547153516124,0.01107022989887481
2002-04-30,NIFTY 50,1074.25,1085.75,1073.40,1084.5,0.009542852795570107,0.011416017900954216
2002-05-02,NIFTY 50,1084.80,1101.10,1084.80,1093.3,0.00808159417351001,0.011411645156198393
2002-05-03,NIFTY 50,1093.40,1098.60,1091.50,1096.95,0.0033329559446309146,0.010355509357658407
2002-05-06,NIFTY 50,1096.95,1102.05,1096.25,1100.95,0.0036398420457246015,0.010430899656809068
2002-05-07,NIFTY 50,1100.90,1111.85,1096.65,1110.7,0.008817003742279833,0.010645805218537906
2002-05-08,NIFTY 50,1110.70,1122.70,1110.70,1117.6,0.006193081769677626,0.010650284777951307
2002-05-09,NIFTY 50,1117.70,1136.55,1117.70,1127.6,0.008907951297205428,0.010574567190736876
2002-05-10,NIFTY 50,1127.05,1127.30,1111.15,1116.4,-0.009982257577790202,0.010711358216004403
2002-05-13,NIFTY 50,1116.80,1121.95,1114.20,1119.65,0.0029069137886732718,0.010718553802512278
2002-05-14,NIFTY 50,1119.95,1125.95,1111.45,1115.1,-0.0040720494795242835,0.01050282535359067
2002-05-15,NIFTY 50,1115.15,1121.50,1102.65,1107.8,-0.006568020372312577,0.010160855828069809
2002-05-16,NIFTY 50,1108.25,1111.25,1089.85,1092.8,-0.013632856782477956,0.010457558306917454
2002-05-17,NIFTY 50,1092.80,1099.75,1079.95,1090.65,-0.001969361052349977,0.010393479895299505
2002-05-20,NIFTY 50,1091.70,1097.95,1071.35,1074.35,-0.015058021240438469,0.009311589184902913
2002-05-21,NIFTY 50,1074.75,1074.85,1028.25,1049.2,-0.02368785853101853,0.01049939819063036
2002-05-22,NIFTY 50,1049.50,1050.90,1035.50,1045.3,-0.00372404345405724,0.010454317833794385
2002-05-23,NIFTY 50,1045.20,1045.35,1024.30,1026.75,-0.017905451701993487,0.010836392587966955
2002-05-24,NIFTY 50,1026.90,1069.20,1026.90,1067.0,0.038452498465085375,0.014081189635444975
2002-05-27,NIFTY 50,1067.00,1071.50,1054.10,1062.7,-0.004038132923103873,0.01405986399976969
2002-05-28,NIFTY 50,1061.90,1062.30,1034.10,1038.2,-0.02332439498552079,0.014210618854142543
2002-05-29,NIFTY 50,1038.20,1047.95,1026.50,1041.65,0.0033175499812621665,0.014018172032721661
2002-05-30,NIFTY 50,1041.40,1049.95,1030.10,1032.15,-0.009161989057792292,0.013894191253966523
2002-05-31,NIFTY 50,1032.50,1037.70,1020.10,1028.8,-0.003250930833243766,0.013817076389178838
2002-06-03,NIFTY 50,1029.25,1047.25,1029.25,1039.75,0.010587225139666097,0.014083041050954391
2002-06-04,NIFTY 50,1040.15,1047.40,1036.55,1045.4,0.005419287655800398,0.013954678809998086
2002-06-05,NIFTY 50,1045.55,1067.50,1045.00,1064.2,0.017823755883447482,0.014587247117104641
2002-06-06,NIFTY 50,1064.15,1072.00,1055.50,1064.35,0.0001409410164178299,0.014357960546494119
2002-06-07,NIFTY 50,1063.75,1063.75,1044.35,1048.8,-0.014717630729196865,0.014519271419652095
2002-06-10,NIFTY 50,1049.95,1072.50,1049.95,1069.9,0.019918532695070837,0.015364796723933326
2002-06-11,NIFTY 50,1070.95,1099.50,1070.55,1097.05,0.025059572943397924,0.016522451422532232
2002-06-12,NIFTY 50,1097.15,1100.45,1088.50,1092.8,-0.0038815492714332875,0.01648410308568437
2002-06-13,NIFTY 50,1093.00,1102.05,1080.80,1082.85,-0.009146755563245942,0.016328382412338943
2002-06-14,NIFTY 50,1081.75,1087.60,1079.45,1085.7,0.0026284859845267954,0.016338337955657
2002-06-17,NIFTY 50,1085.80,1097.55,1085.70,1088.9,0.0029430721142089354,0.01597001909880919
2002-06-18,NIFTY 50,1088.90,1097.40,1073.75,1074.95,-0.012893863499858452,0.015270508154129898
2002-06-19,NIFTY 50,1074.70,1079.20,1056.45,1062.9,-0.011273127312620887,0.015490657757306753
2002-06-20,NIFTY 50,1063.10,1074.00,1056.25,1070.05,0.006704354796613912,0.01488945032909763
2002-06-21,NIFTY 50,1069.50,1069.80,1058.95,1062.55,-0.007033696821280483,0.012285071876087534
2002-06-24,NIFTY 50,1065.60,1065.60,1054.45,1061.85,-0.0006590096265617114,0.012252831930543127
2002-06-25,NIFTY 50,1061.90,1063.30,1048.55,1055.4,-0.006092827916740335,0.011078983277664585
2002-06-26,NIFTY 50,1055.35,1061.05,1042.20,1044.2,-0.010668799995115538,0.011351214455676634
2002-06-27,NIFTY 50,1044.50,1053.70,1044.00,1048.55,0.004157215400676153,0.011167068714673179
2002-06-28,NIFTY 50,1049.40,1068.90,1049.40,1057.8,0.008783022254751176,0.01126178108333145
2002-07-01,NIFTY 50,1058.00,1070.15,1058.00,1068.95,0.010485578614537451,0.011257434071075082
2002-07-02,NIFTY 50,1067.90,1071.70,1064.95,1068.05,-0.0008423023427333312,0.011226354059578367
2002-07-03,NIFTY 50,1067.80,1074.00,1065.55,1069.9,0.0017306302408773347,0.01051676461370681
2002-07-04,NIFTY 50,1069.95,1078.55,1068.40,1070.55,0.0006073489406250264,0.010516987272779965
2002-07-05,NIFTY 50,1071.00,1076.20,1067.45,1073.8,0.0030312239032830794,0.009915572538482475
2002-07-08,NIFTY 50,1074.00,1085.30,1072.90,1082.05,0.007653631071162488,0.00903576020745774
2002-07-09,NIFTY 50,1081.90,1083.65,1077.55,1080.3,-0.0016186097366923703,0.00696015451173088
2002-07-10,NIFTY 50,1081.55,1087.40,1069.45,1071.7,-0.007992607603987735,0.0071158692616522445
2002-07-11,NIFTY 50,1070.95,1070.95,1055.30,1056.6,-0.014189966988736058,0.00749969778456996
2002-07-12,NIFTY 50,1057.10,1064.90,1054.90,1058.25,0.0015603946708177042,0.007474558954475101
2002-07-15,NIFTY 50,1057.95,1058.45,1043.30,1048.0,-0.0097330145200456,0.007633327155660529
2002-07-16,NIFTY 50,1047.90,1051.85,1033.95,1035.95,-0.011564705774495846,0.007537893607238103
2002-07-17,NIFTY 50,1035.95,1037.50,1025.00,1032.55,-0.0032874092936908913,0.007217024726087613
2002-07-18,NIFTY 50,1032.55,1044.00,1032.55,1041.3,0.008438461723049434,0.007329665780311111
2002-07-19,NIFTY 50,1041.35,1041.50,1032.25,1035.9,-0.005199318471793771,0.007266157291153191
2002-07-22,NIFTY 50,1035.20,1035.20,1009.00,1012.0,-0.0233420432166456,0.008778613842529407
2002-07-23,NIFTY 50,1012.05,1023.65,1005.75,1021.9,0.009735068770752413,0.00913480063560445
2002-07-24,NIFTY 50,1021.80,1022.20,1001.90,1004.05,-0.017621818809694663,0.009617164626201253
2002-07-25,NIFTY 50,1004.20,1021.30,997.85,1001.55,-0.002493020836481228,0.009508870169369238
2002-07-26,NIFTY 50,1001.05,1001.05,972.55,973.5,-0.02840625415973309,0.010780165274933919
2002-07-29,NIFTY 50,973.00,977.95,953.15,971.65,-0.001902167501542014,0.010237050126074426
2002-07-30,NIFTY 50,973.00,987.50,956.80,960.65,-0.011385518633002068,0.010295345285014511
2002-07-31,NIFTY 50,960.30,964.10,943.60,958.9,-0.001823344518074857,0.010197836734101679
2002-08-01,NIFTY 50,959.20,972.05,954.15,957.7,-0.0012522176320618407,0.010147800821148157
2002-08-02,NIFTY 50,957.55,957.55,935.55,954.75,-0.0030850504219480986,0.00996548513592754
2002-08-05,NIFTY 50,954.90,966.50,953.90,963.25,0.00886345740064137,0.010055198238171493
2002-08-06,NIFTY 50,963.30,969.55,955.40,966.65,0.0035235022722439726,0.010232324751360355
2002-08-07,NIFTY 50,967.70,978.60,966.55,969.1,0.002531319961993444,0.010370196424155733
2002-08-08,NIFTY 50,969.15,971.75,951.20,953.55,-0.01617594368997696,0.010471519474408606
2002-08-09,NIFTY 50,953.80,963.85,948.00,961.95,0.008770612212454341,0.010831926755549585
2002-08-12,NIFTY 50,961.15,971.55,961.15,969.85,0.008178946101319067,0.011136239394791664
2002-08-13,NIFTY 50,970.40,977.20,969.90,976.05,0.006372394244802077,0.011206404845263784
2002-08-14,NIFTY 50,976.05,976.25,967.25,969.65,-0.006578632966852979,0.011235315056995184
2002-08-16,NIFTY 50,970.75,981.20,968.35,979.25,0.00985179090369086,0.011316143690585067
2002-08-19,NIFTY 50,979.40,983.55,978.20,979.85,0.0006125261791225269,0.01133324731973092
2002-08-20,NIFTY 50,979.75,990.85,979.05,988.55,0.008839724295826365,0.010515475829507475
2002-08-21,NIFTY 50,988.60,994.25,984.35,988.45,-0.00010116337894307011,0.010203894571754463
2002-08-22,NIFTY 50,988.55,995.30,983.45,985.7,-0.0027860109705530787,0.00949757023304751
2002-08-23,NIFTY 50,985.75,996.40,984.70,995.2,0.009591673313521806,0.00977280409817885
2002-08-26,NIFTY 50,992.40,1001.45,986.15,998.85,0.0036608952398260964,0.007218812869670498
2002-08-27,NIFTY 50,998.85,1003.30,985.70,987.7,-0.011225609310659437,0.007719187436266297
2002-08-28,NIFTY 50,987.35,988.10,981.10,985.7,-0.0020269592426883252,0.007207080511262597
2002-08-29,NIFTY 50,985.85,989.40,981.45,987.25,0.0015712514953655084,0.007169848871055289
2002-08-30,NIFTY 50,987.65,1012.75,986.70,1010.6,0.023376192691049437,0.008643585231068026
2002-09-02,NIFTY 50,1010.90,1024.65,1010.85,1013.5,0.0028654730342465404,0.008536145348635395
2002-09-03,NIFTY 50,1013.65,1014.80,999.40,1001.1,-0.01231029146661668,0.009065422335348643
2002-09-04,NIFTY 50,1000.70,1008.80,990.85,1006.95,0.005826564627432172,0.009101324226336055
2002-09-05,NIFTY 50,1006.90,1013.45,1004.20,1008.6,0.0016372705897547465,0.009100991216714132
2002-09-06,NIFTY 50,1008.45,1008.45,992.70,995.2,-0.013374787657709896,0.008823931075135932
2002-09-09,NIFTY 50,992.05,1005.85,985.25,998.55,0.003360504729907226,0.008691824769948954
2002-09-11,NIFTY 50,998.60,1002.35,993.35,998.85,0.0003003905099188808,0.008568362673768964
2002-09-12,NIFTY 50,998.95,1005.15,998.80,1001.65,0.0027993020029203454,0.008497794590584981
2002-09-13,NIFTY 50,1001.40,1001.40,989.85,992.0,-0.00968081194278873,0.008675518644996992
2002-09-16,NIFTY 50,991.75,997.00,983.55,985.75,-0.006320334527136278,0.00857380568049706
2002-09-17,NIFTY 50,985.75,996.80,985.75,994.9,0.009239456837577436,0.00880268053022807
2002-09-18,NIFTY 50,994.15,994.15,981.60,983.6,-0.011422919253276455,0.008988167457164247
2002-09-19,NIFTY 50,983.45,985.25,970.80,976.05,-0.007705495732934762,0.00914103460404968
2002-09-20,NIFTY 50,975.60,975.60,960.70,969.6,-0.006630199294052701,0.0092287239177156
2002-09-23,NIFTY 50,969.85,974.75,967.35,970.3,0.0007216867162035982,0.008909477157484821
2002-09-24,NIFTY 50,969.95,969.95,960.20,966.2,-0.004234449910947342,0.008854386104319743
2002-09-25,NIFTY 50,964.65,971.85,960.50,970.05,0.003976764440405112,0.00864008670420026
2002-09-26,NIFTY 50,970.10,976.25,968.25,969.9,-0.000154643161214348,0.008637394178273038
2002-09-27,NIFTY 50,969.95,978.00,969.25,976.45,0.0067305723292942895,0.008787924771621715
2002-09-30,NIFTY 50,976.15,976.15,961.55,963.15,-0.01371438282062431,0.007252507601240753
2002-10-01,NIFTY 50,961.15,964.20,950.30,955.2,-0.008288420269829379,0.007254782563250484
2002-10-03,NIFTY 50,955.35,957.90,945.80,948.2,-0.007355292170319739,0.006998836313914511
2002-10-04,NIFTY 50,948.10,951.80,944.50,948.2,0.0,0.006741123676083318
2002-10-07,NIFTY 50,947.80,956.35,946.25,954.75,0.006884075637607677,0.0070273420761478265
2002-10-08,NIFTY 50,954.80,963.15,952.50,960.8,0.006316744660148164,0.00683628526654821
2002-10-09,NIFTY 50,960.85,968.75,952.95,954.75,-0.006316744660148164,0.006797231809251701
2002-10-10,NIFTY 50,954.80,960.45,945.00,958.45,0.0038678701785438683,0.0069132995704017895
2002-10-11,NIFTY 50,958.45,973.50,958.45,971.05,0.013060563987290904,0.0076362155555545945
2002-10-14,NIFTY 50,971.50,976.50,969.00,972.45,0.0014407000176541102,0.007414788298867619
2002-10-16,NIFTY 50,972.90,983.60,971.70,973.6,0.0011818813842031147,0.007320380431628627
2002-10-17,NIFTY 50,973.70,976.05,966.55,973.3,-0.0003081822408695549,0.006945273910088709
2002-10-18,NIFTY 50,973.80,982.50,968.80,971.65,-0.0016967021217354718,0.006511182418274407
2002-10-21,NIFTY 50,971.75,976.20,965.65,967.35,-0.00443528318621636,0.006363027190420033
2002-10-22,NIFTY 50,967.50,976.35,961.65,962.5,-0.005026307962556763,0.006290702520127132
2002-10-23,NIFTY 50,962.90,963.75,955.45,957.35,-0.005365015342725144,0.006381810232195394
2002-10-24,NIFTY 50,957.70,959.80,945.00,946.9,-0.010975559829759746,0.00674741755553091
2002-10-25,NIFTY 50,946.80,946.80,929.25,932.2,-0.01564610705081383,0.007381215879756415
2002-10-28,NIFTY 50,932.35,934.90,920.10,922.7,-0.010243229354130377,0.00759093176515874
2002-10-29,NIFTY 50,922.55,939.70,921.65,936.9,0.01527239837263234,0.008340561087871899
2002-10-30,NIFTY 50,936.15,944.35,935.90,937.75,0.0009068360048541527,0.007894827161372145
2002-10-31,NIFTY 50,937.35,953.30,937.05,951.4,0.014451195036184375,0.00845824302481946
2002-11-01,NIFTY 50,951.45,956.95,946.40,951.45,5.255274983483045e-05,0.008288886476345967
2002-11-04,NIFTY 50,951.60,965.50,951.60,962.1,0.011131258619203164,0.008642940673943502
2002-11-05,NIFTY 50,962.85,963.70,957.20,962.3,0.00020785699513612937,0.008520711679427594
2002-11-07,NIFTY 50,962.35,970.20,957.95,960.7,-0.0016640669466622608,0.008414953725345366
2002-11-08,NIFTY 50,960.50,960.95,954.35,956.95,-0.0039110419316106225,0.008336817937835956
2002-11-11,NIFTY 50,957.55,958.55,952.10,954.05,-0.00303506250773158,0.008316140251441789
2002-11-12,NIFTY 50,953.90,960.85,948.05,959.85,0.006060941277228387,0.007862274277354349
2002-11-13,NIFTY 50,960.35,965.75,956.90,962.65,0.0029128759217655373,0.007889034715404237
2002-11-14,NIFTY 50,964.15,974.10,963.50,971.9,0.009563020334080408,0.008199909826659644
2002-11-15,NIFTY 50,972.30,992.05,972.30,990.35,0.01880549749384824,0.009222847417189086
2002-11-18,NIFTY 50,990.35,1000.30,989.05,996.85,0.00654189128556275,0.00928602234728837
2002-11-20,NIFTY 50,996.85,1007.20,992.30,1001.6,0.004753693056998296,0.009215404592124
2002-11-21,NIFTY 50,1001.80,1012.75,1001.80,1008.75,0.007113219238324478,0.009145829786261519
2002-11-22,NIFTY 50,1009.50,1026.00,1009.50,1020.15,0.011237734705598718,0.00916249975029399
2002-11-25,NIFTY 50,1020.90,1030.35,1017.50,1026.2,0.005912984218107115,0.008547123443944208
2002-11-26,NIFTY 50,1026.40,1040.45,1026.00,1036.15,0.00964926147563233,0.007257994713773621
2002-11-27,NIFTY 50,1036.35,1042.20,1027.70,1031.1,-0.004885727459598859,0.0067346835601191
2002-11-28,NIFTY 50,1031.25,1051.75,1031.25,1049.7,0.017878215517854207,0.00695422437459269
2002-11-29,NIFTY 50,1049.55,1057.45,1040.95,1050.15,0.00042860204956420993,0.0069723141318734465
2002-12-02,NIFTY 50,1050.15,1070.15,1050.15,1067.9,0.01676109208618317,0.007142649312143852
2002-12-03,NIFTY 50,1067.70,1075.75,1051.80,1055.0,-0.012153336267332747,0.008112949556666275
2002-12-04,NIFTY 50,1055.75,1055.75,1034.10,1036.4,-0.0177875972222119,0.009459095567435991
2002-12-05,NIFTY 50,1036.75,1052.45,1036.75,1045.95,0.009172393647174435,0.009496258290807259
2002-12-06,NIFTY 50,1047.55,1072.25,1047.55,1069.8,0.022546151762020197,0.010228570228851522
2002-12-09,NIFTY 50,1070.50,1085.75,1054.95,1058.65,-0.010477203595204274,0.01063954377769165
2002-12-10,NIFTY 50,1058.35,1066.10,1045.65,1063.7,0.004758884755673828,0.010469198507231086
2002-12-11,NIFTY 50,1064.10,1076.95,1062.30,1069.75,0.00567158003930704,0.010468344319595552
2002-12-12,NIFTY 50,1069.95,1078.85,1066.80,1077.0,0.006754421859462283,0.010455153143648912
2002-12-13,NIFTY 50,1074.45,1087.35,1074.45,1086.2,0.008505968444356327,0.010436785769551427
2002-12-16,NIFTY 50,1089.00,1100.00,1075.55,1078.45,-0.007160541532361856,0.010316641622027379
2002-12-17,NIFTY 50,1078.70,1084.95,1069.00,1073.25,-0.0048333969637130965,0.01049628115836035
2002-12-18,NIFTY 50,1073.20,1083.65,1072.85,1077.95,0.004369661099346132,0.01049458845289249
2002-12-19,NIFTY 50,1077.85,1079.90,1070.50,1076.0,-0.0018106274822864276,0.010530274080749906
2002-12-20,NIFTY 50,1075.45,1084.95,1075.40,1079.3,0.0030622211095708636,0.010360245103491235
2002-12-23,NIFTY 50,1079.30,1082.60,1073.35,1076.0,-0.0030622211095708437,0.01041338195296288
2002-12-24,NIFTY 50,1075.95,1087.00,1072.65,1085.0,0.0083295252528302,0.01036890987749627
2002-12-26,NIFTY 50,1085.05,1100.40,1085.05,1094.8,0.008991711191964086,0.01032674668574729
2002-12-27,NIFTY 50,1095.65,1103.95,1095.60,1098.4,0.0032828772872373867,0.00971753768617822
2002-12-30,NIFTY 50,1095.80,1095.80,1084.35,1091.95,-0.00588948674298018,0.009881773000028316
2002-12-31,NIFTY 50,1091.85,1100.10,1091.70,1093.5,0.0014184724060414473,0.009246714364386613
2003-01-01,NIFTY 50,1093.60,1102.10,1093.60,1100.15,0.006062973009327544,0.008747461941838746
2003-01-02,NIFTY 50,1100.55,1105.60,1091.20,1093.05,-0.0064745803417492805,0.007696745761339853
2003-01-03,NIFTY 50,1094.45,1099.85,1087.30,1089.6,-0.003161297389153001,0.007641477586007948
2003-01-06,NIFTY 50,1089.75,1093.05,1081.25,1084.35,-0.004829927280832101,0.006065022763243817
2003-01-07,NIFTY 50,1084.40,1089.85,1078.95,1081.8,-0.0023544086770891657,0.005526990622072794
2003-01-08,NIFTY 50,1082.40,1091.45,1082.30,1089.35,0.00695486763501619,0.0056248352296264705
2003-01-09,NIFTY 50,1089.75,1099.15,1087.75,1097.35,0.007316994276524658,0.0057052709366864395
2003-01-10,NIFTY 50,1097.60,1103.25,1077.40,1080.25,-0.015705686536824984,0.006694415823538897
2003-01-13,NIFTY 50,1080.25,1080.40,1070.75,1073.75,-0.006035301513577463,0.006526751534933943
2003-01-14,NIFTY 50,1072.70,1080.80,1070.30,1078.95,0.004831151683009884,0.006440301125575811
2003-01-15,NIFTY 50,1077.90,1087.50,1077.80,1085.0,0.005591640993084945,0.006448416871520016
2003-01-16,NIFTY 50,1085.05,1091.35,1083.95,1088.35,0.0030828008862861566,0.0064145707936526415
2003-01-17,NIFTY 50,1089.30,1090.25,1083.20,1086.5,-0.00170126716436166,0.006412561629899973
2003-01-20,NIFTY 50,1086.25,1087.00,1074.20,1076.35,-0.009385833056028638,0.006744804342316911
2003-01-21,NIFTY 50,1076.30,1080.50,1074.10,1077.9,0.0014390161471270614,0.006717094553939791
2003-01-22,NIFTY 50,1078.45,1086.20,1073.60,1082.9,0.004627923846751051,0.006526353351569327
2003-01-23,NIFTY 50,1081.40,1083.15,1069.05,1070.9,-0.011143211227504439,0.00660311388496703
2003-01-24,NIFTY 50,1070.60,1075.20,1053.40,1056.05,-0.013963883776678376,0.007107052976113117
2003-01-27,NIFTY 50,1057.80,1059.35,1030.35,1037.65,-0.017576991662481712,0.00788460986153014
2003-01-28,NIFTY 50,1036.35,1047.95,1026.75,1046.2,0.008206010968841243,0.008204037163255153
2003-01-29,NIFTY 50,1059.80,1059.80,1033.30,1037.2,-0.008639777272001358,0.008081433402966172
2003-01-30,NIFTY 50,1037.15,1050.55,1031.35,1034.6,-0.002509896095094707,0.00803883933748774
2003-01-31,NIFTY 50,1034.75,1044.25,1026.20,1041.85,0.006983100446794506,0.008326277091131156
2003-02-03,NIFTY 50,1040.25,1056.60,1036.50,1055.3,0.012827107660835377,0.00895002135856529
2003-02-04,NIFTY 50,1056.55,1063.70,1050.45,1054.8,-0.0004739111979128469,0.00894887794741802
2003-02-05,NIFTY 50,1054.30,1054.65,1041.75,1047.4,-0.007040272633744148,0.008818625777049885
2003-02-06,NIFTY 50,1047.25,1065.95,1043.70,1063.6,0.015348477523477278,0.009425461139064673
2003-02-07,NIFTY 50,1063.75,1065.80,1055.50,1057.5,-0.005751748448431631,0.008886719608288516
2003-02-10,NIFTY 50,1058.20,1058.75,1047.15,1048.6,-0.008451690782000683,0.008973859513291738
2003-02-11,NIFTY 50,1048.60,1055.80,1044.55,1048.0,-0.0005723552574448322,0.008863864007484972
2003-02-12,NIFTY 50,1048.15,1051.00,1040.40,1044.45,-0.0033931548243220024,0.00871433878251079
2003-02-14,NIFTY 50,1044.45,1047.05,1034.10,1036.0,-0.008123287237237079,0.008737023850661246
2003-02-17,NIFTY 50,1036.20,1060.50,1036.20,1058.2,0.021202207650603124,0.010217866512085649
2003-02-18,NIFTY 50,1058.95,1065.15,1057.60,1059.3,0.0010389611324190385,0.010049237152875503
2003-02-19,NIFTY 50,1059.30,1068.80,1059.30,1064.3,0.004708993444548293,0.01011394735095558
2003-02-20,NIFTY 50,1064.15,1071.70,1058.35,1065.6,0.0012207147391259444,0.010049122590831077
2003-02-21,NIFTY 50,1065.60,1069.20,1061.10,1066.15,0.0005160079861184993,0.009751618986696027
2003-02-24,NIFTY 50,1066.20,1075.50,1066.20,1070.15,0.0037447967743292707,0.009228141067683618
2003-02-25,NIFTY 50,1070.10,1073.25,1054.90,1055.55,-0.013736867465904794,0.00886130992666396
2003-02-26,NIFTY 50,1055.60,1059.60,1048.20,1049.65,-0.00560518283033614,0.008796223245718588
2003-02-27,NIFTY 50,1049.60,1057.45,1044.90,1052.95,0.00313897337545584,0.008567041959664028
2003-02-28,NIFTY 50,1053.65,1068.65,1053.65,1063.4,0.009875573444450678,0.0087641050871819
2003-03-03,NIFTY 50,1063.55,1070.85,1057.55,1058.85,-0.004287908560647408,0.008746722964021125
2003-03-04,NIFTY 50,1058.70,1058.70,1045.20,1046.6,-0.011636598571483386,0.008688000649069282
2003-03-05,NIFTY 50,1046.55,1046.55,1029.90,1040.7,-0.0056532512942936075,0.008766717959938157
2003-03-06,NIFTY 50,1040.30,1040.75,1029.55,1031.25,-0.00912190499492297,0.008858172569879313
2003-03-07,NIFTY 50,1031.05,1031.05,1014.30,1017.1,-0.013816218017340228,0.008455271219153671
2003-03-10,NIFTY 50,1017.10,1021.50,1004.35,1006.7,-0.010277785896172896,0.008613433412356451
2003-03-11,NIFTY 50,1006.65,1016.70,998.95,1014.55,0.007767509678255682,0.008781651208608474
2003-03-12,NIFTY 50,1014.25,1017.75,1000.05,1001.7,-0.012746607795914685,0.009118460760942722
2003-03-13,NIFTY 50,1001.50,1006.40,994.20,999.65,-0.002048617899876914,0.009114616506113069
2003-03-17,NIFTY 50,999.70,1000.85,982.70,993.0,-0.006674553672669072,0.00907064872058901
2003-03-19,NIFTY 50,993.35,1011.45,992.90,1003.9,0.010917029652308344,0.007894084062118235
2003-03-20,NIFTY 50,1003.45,1028.90,1001.75,1025.25,0.021044070574687802,0.009490046683002403
2003-03-21,NIFTY 50,1025.55,1033.70,1022.05,1030.55,0.005156155017137775,0.009506288807833664
2003-03-22,NIFTY 50,1030.60,1039.80,1030.60,1037.15,0.006383926502848171,0.009656169894852167
2003-03-24,NIFTY 50,1037.15,1038.55,1011.95,1013.9,-0.02267228583362047,0.010750082646567757
2003-03-25,NIFTY 50,1013.50,1013.50,998.40,1011.3,-0.00256764905040938,0.010648890108524418
2003-03-26,NIFTY 50,1011.55,1019.90,1004.85,1013.85,0.0025183333063481536,0.01038964623518877
2003-03-27,NIFTY 50,1013.90,1013.90,999.60,1002.7,-0.01105860368459309,0.010558999106147627
2003-03-28,NIFTY 50,1002.80,1006.30,996.75,1000.6,-0.002096541475775067,0.010481991196196465
2003-03-31,NIFTY 50,1000.60,1000.60,974.10,978.2,-0.022640950948847854,0.010963981952523736
2003-04-01,NIFTY 50,977.40,992.05,973.50,984.3,0.006216580529908748,0.011207227858248603
2003-04-02,NIFTY 50,984.45,1002.10,984.45,999.4,0.015224370274938927,0.011793930363517955
2003-04-03,NIFTY 50,999.55,1010.75,999.55,1009.15,0.00970857243602333,0.01206174274401706
2003-04-04,NIFTY 50,1009.15,1018.25,1002.75,1016.95,0.0076995592853764255,0.012091620125208863
2003-04-07,NIFTY 50,1017.05,1033.45,1017.05,1031.5,0.014206101879802103,0.01211508573288872
2003-04-08,NIFTY 50,1032.00,1032.00,1016.60,1018.1,-0.013075908398156413,0.012263809700704507
2003-04-09,NIFTY 50,1018.00,1018.00,1002.30,1004.85,-0.013099868490763836,0.012503930338994284
2003-04-10,NIFTY 50,1003.80,1003.80,958.20,962.2,-0.043371226357032916,0.015581518031948497
2003-04-11,NIFTY 50,958.90,965.15,935.70,949.8,-0.012970893150331998,0.015773113115598744
2003-04-15,NIFTY 50,951.80,964.20,938.80,951.2,0.001472909261550809,0.015766401553699735
2003-04-16,NIFTY 50,950.65,961.75,949.00,958.65,0.0078016993878282336,0.01564543108901665
2003-04-17,NIFTY 50,958.65,958.65,936.70,940.7,-0.018901765786494634,0.015045919769559964
2003-04-21,NIFTY 50,941.50,949.70,941.50,947.2,0.006885985151835498,0.015108003781252466
2003-04-22,NIFTY 50,947.10,951.40,937.85,943.5,-0.003913899321136329,0.014901776948044182
2003-04-23,NIFTY 50,943.75,951.20,931.50,934.2,-0.00990581674059719,0.014356285595709048
2003-04-24,NIFTY 50,934.20,943.15,927.80,929.7,-0.004828594606195445,0.014352539769068659
2003-04-25,NIFTY 50,929.45,931.35,921.10,924.3,-0.005825259191080406,0.0142677937210619
2003-04-28,NIFTY 50,922.85,931.05,920.00,929.5,0.005610112890766783,0.0143586737049192
2003-04-29,NIFTY 50,929.75,936.90,929.75,932.3,0.0030078441411492125,0.014435521454180129
2003-04-30,NIFTY 50,935.25,935.55,929.85,934.05,0.001875318683922764,0.013752481544326603
2003-05-02,NIFTY 50,930.90,940.20,930.80,938.3,0.004539757309433244,0.013702790514542169
2003-05-05,NIFTY 50,937.45,948.95,936.65,945.4,0.0075383910631320284,0.013284080697187204
2003-05-06,NIFTY 50,945.85,955.00,943.20,951.85,0.006799340992661727,0.013155468694740024
2003-05-07,NIFTY 50,950.40,956.65,948.90,950.15,-0.0017875924844310807,0.012921248209921896
2003-05-08,NIFTY 50,950.15,951.30,938.70,941.55,-0.00909241343571625,0.012285280262194031
2003-05-09,NIFTY 50,941.60,941.65,935.80,937.85,-0.003937431925300135,0.012120803538458909
2003-05-12,NIFTY 50,938.50,944.45,934.00,936.0,-0.0019745450287582704,0.011940223954441621
2003-05-13,NIFTY 50,936.90,945.80,936.70,944.2,0.00872253163459429,0.0077388044862414865
2003-05-14,NIFTY 50,944.20,953.45,943.15,952.15,0.00838457729263926,0.00746033518450549
2003-05-15,NIFTY 50,952.15,961.60,951.15,959.85,0.00805443684875326,0.0076653275842543545
2003-05-16,NIFTY 50,959.85,974.40,959.85,973.1,0.013709829574364393,0.008066783310710224
2003-05-19,NIFTY 50,973.70,979.85,964.60,966.55,-0.0067538214602426185,0.006879302628481376
2003-05-20,NIFTY 50,964.65,974.05,959.80,971.55,0.005159703929334961,0.006816804978038064
2003-05-21,NIFTY 50,972.05,980.75,965.55,968.0,-0.003660647020458666,0.006806898501724567
2003-05-22,NIFTY 50,967.95,972.40,960.05,963.25,-0.004919103770310067,0.006457915132699492
2003-05-23,NIFTY 50,963.50,972.90,962.40,967.9,0.004815792648775981,0.006316565728492576
2003-05-26,NIFTY 50,967.85,983.90,967.10,982.45,0.014920675708161888,0.006655891689356084
2003-05-27,NIFTY 50,982.35,990.00,974.25,976.85,-0.005716342825560362,0.006903895154666998
2003-05-28,NIFTY 50,977.65,992.25,977.55,990.8,0.014179588577560012,0.007383753657202554
2003-05-29,NIFTY 50,990.80,1004.85,989.50,1002.6,0.011839207214198698,0.007632769787443853
2003-05-30,NIFTY 50,1000.05,1013.85,994.65,1006.8,0.004180358431757811,0.007630717673827768
2003-06-02,NIFTY 50,1006.85,1020.50,1004.70,1015.15,0.008259400547089594,0.007652358223755814
2003-06-03,NIFTY 50,1015.90,1016.90,1007.65,1010.65,-0.004442696615243428,0.007813029925138236
2003-06-04,NIFTY 50,1010.70,1022.75,1010.10,1021.05,0.010237821369063113,0.007887799113717089
2003-06-05,NIFTY 50,1021.10,1038.30,1021.10,1035.05,0.013618225149292576,0.007593917463214775
2003-06-06,NIFTY 50,1036.20,1048.85,1035.95,1046.4,0.010905966991571665,0.007425315191034908
2003-06-09,NIFTY 50,1046.00,1057.05,1039.85,1052.1,0.005432465111307638,0.0072159114450030945
2003-06-10,NIFTY 50,1052.00,1056.55,1033.95,1037.8,-0.013685078880602863,0.008389904950797932
2003-06-11,NIFTY 50,1038.00,1048.25,1035.00,1044.1,0.006052182362425254,0.008352501197476405
2003-06-12,NIFTY 50,1044.20,1052.60,1043.10,1051.3,0.006872223285720604,0.008330993033126125
2003-06-13,NIFTY 50,1050.95,1059.45,1050.95,1056.2,0.0046500676910476236,0.008048250004437466
2003-06-16,NIFTY 50,1056.50,1059.80,1045.55,1051.8,-0.00417457911758905,0.007884217279720189
2003-06-17,NIFTY 50,1052.30,1083.20,1052.30,1081.95,0.02826198646254761,0.00954550250982838
2003-06-18,NIFTY 50,1082.80,1093.20,1080.90,1086.75,0.004426622251110052,0.00931071518747794
2003-06-19,NIFTY 50,1085.95,1097.00,1078.90,1092.55,0.005322822643974195,0.008966236980065274
2003-06-20,NIFTY 50,1092.65,1101.60,1081.35,1100.25,0.007023013178325004,0.008960617186271995
2003-06-23,NIFTY 50,1100.60,1106.15,1087.65,1089.2,-0.010093944891596244,0.009442714684683518
2003-06-24,NIFTY 50,1089.20,1092.65,1079.10,1085.35,-0.0035409661978334384,0.009322634440376579
2003-06-25,NIFTY 50,1085.65,1109.75,1084.35,1106.65,0.019434918286283003,0.009655218230264391
2003-06-26,NIFTY 50,1106.80,1118.90,1106.80,1116.35,0.008727000956391739,0.009572894163926968
2003-06-27,NIFTY 50,1117.45,1126.80,1109.35,1125.55,0.00820737021572643,0.009588817570251517
2003-06-30,NIFTY 50,1125.60,1141.30,1125.50,1134.15,0.00761166661221619,0.009580362911132
2003-07-01,NIFTY 50,1133.95,1139.00,1125.75,1130.7,-0.003046561731189172,0.009508595816778584
2003-07-02,NIFTY 50,1131.55,1145.40,1130.20,1133.8,0.002737912949003771,0.009464355934198372
2003-07-03,NIFTY 50,1133.80,1150.75,1126.35,1144.65,0.009524090513548706,0.009316663343887251
2003-07-04,NIFTY 50,1145.60,1148.85,1134.00,1138.45,-0.005431225299578155,0.009489189138624869
2003-07-07,NIFTY 50,1138.90,1145.75,1134.60,1140.55,0.0018429140801737136,0.009498903340377193
2003-07-08,NIFTY 50,1141.45,1153.15,1141.30,1145.9,0.004679752248055115,0.008534339567935622
2003-07-09,NIFTY 50,1146.35,1155.30,1137.15,1141.05,-0.00424146332098281,0.008771737358206586
2003-07-10,NIFTY 50,1146.00,1163.60,1146.00,1162.35,0.01849492676664897,0.009309877205863636
2003-07-11,NIFTY 50,1162.30,1170.75,1157.45,1161.65,-0.0006024096567718003,0.009394584797966432
2003-07-14,NIFTY 50,1161.20,1173.95,1161.20,1171.5,0.00844357072655337,0.00918446333840103
2003-07-15,NIFTY 50,1171.50,1175.55,1148.80,1159.85,-0.009994292553571094,0.008088444142643586
2003-07-16,NIFTY 50,1158.70,1170.45,1148.60,1168.75,0.007644115208617476,0.008140172290028166
2003-07-17,NIFTY 50,1168.85,1175.95,1145.65,1152.0,-0.014435239347060161,0.009070591066019353
2003-07-18,NIFTY 50,1151.85,1162.60,1130.45,1140.0,-0.010471299867295366,0.009461705528633353
2003-07-21,NIFTY 50,1140.00,1146.40,1112.55,1115.8,-0.021456625977113175,0.010496425988788484
2003-07-22,NIFTY 50,1115.35,1118.25,1089.30,1109.2,-0.005932601669804894,0.010566745533475563
2003-07-23,NIFTY 50,1109.60,1124.70,1109.60,1119.05,0.008841076324515236,0.009839048265050318
2003-07-24,NIFTY 50,1119.95,1144.35,1118.55,1139.45,0.018065578762641882,0.010449802333215493
2003-07-25,NIFTY 50,1135.50,1164.70,1135.05,1162.75,0.020242199275426212,0.011204472831299037
2003-07-28,NIFTY 50,1163.25,1180.60,1163.25,1169.2,0.005531865132884442,0.011155537925202411
2003-07-29,NIFTY 50,1169.25,1177.25,1154.80,1174.75,0.00473560474583425,0.011123481062478287
2003-07-30,NIFTY 50,1175.30,1187.70,1168.45,1183.0,0.006998225995461613,0.011180796550798736
2003-07-31,NIFTY 50,1183.30,1198.50,1181.90,1185.85,0.00240623203251662,0.011045309214923625
2003-08-01,NIFTY 50,1185.80,1198.80,1180.30,1195.75,0.008313786549502836,0.011001313855756058
2003-08-04,NIFTY 50,1196.05,1206.10,1185.95,1203.6,0.006543462195483839,0.011037692741923072
2003-08-05,NIFTY 50,1203.90,1218.50,1181.00,1184.45,-0.016038533951754266,0.01178788953136571
2003-08-06,NIFTY 50,1184.10,1191.05,1164.75,1171.05,-0.01137774956972621,0.012080131508704468
2003-08-07,NIFTY 50,1170.75,1199.70,1170.75,1196.95,0.021875872356724457,0.012354005765251539
2003-08-08,NIFTY 50,1199.70,1224.50,1199.70,1222.65,0.021243979617442257,0.013104452015592065
2003-08-11,NIFTY 50,1222.60,1240.35,1215.75,1232.85,0.008307928054042358,0.013101280894869631
2003-08-12,NIFTY 50,1233.95,1249.35,1229.80,1234.75,0.0015399581581156498,0.012769590424190716
2003-08-13,NIFTY 50,1235.35,1249.35,1229.30,1246.9,0.009791950581806425,0.012818499795042383
2003-08-14,NIFTY 50,1247.00,1260.35,1243.40,1247.75,0.0006814583471779652,0.01214990467406929
2003-08-18,NIFTY 50,1247.90,1285.70,1247.90,1281.4,0.026611300855202653,0.01264591565996574
2003-08-19,NIFTY 50,1286.05,1307.60,1268.10,1277.7,-0.0028916436076437853,0.011126391938958622
2003-08-20,NIFTY 50,1280.80,1292.95,1280.80,1287.4,0.007563094021238071,0.010716883332311434
2003-08-21,NIFTY 50,1288.20,1304.15,1287.00,1300.95,0.01047008618005889,0.010734194404231352
2003-08-22,NIFTY 50,1301.50,1319.45,1298.80,1311.15,0.007809847896032232,0.010445526832533124
2003-08-25,NIFTY 50,1311.95,1332.55,1245.85,1271.1,-0.031021947393983566,0.013005714509934188
2003-08-26,NIFTY 50,1270.20,1322.95,1269.50,1318.2,0.03638450231799639,0.014840518712920253
2003-08-27,NIFTY 50,1318.75,1346.30,1318.75,1340.3,0.016626299865831428,0.015024351402809178
2003-08-28,NIFTY 50,1340.20,1349.00,1328.35,1341.05,0.0005594197098920612,0.015084053001158435
2003-08-29,NIFTY 50,1341.20,1365.80,1340.80,1356.55,0.01149182279040349,0.01509837287927537
2003-09-01,NIFTY 50,1356.70,1379.40,1356.65,1375.95,0.01419968963902783,0.015188083709976955
2003-09-02,NIFTY 50,1375.95,1388.95,1366.90,1385.45,0.0068805949732155414,0.015187715769996748
2003-09-03,NIFTY 50,1387.20,1394.95,1353.60,1359.35,-0.019018352293651546,0.015438528512488272
2003-09-04,NIFTY 50,1358.90,1382.60,1355.80,1372.7,0.009772958954275776,0.014834171595520121
2003-09-05,NIFTY 50,1373.00,1400.90,1372.75,1398.4,0.01854912264365705,0.014687657000469883
2003-09-08,NIFTY 50,1398.40,1420.25,1398.35,1417.35,0.01346020499547337,0.014412599409027735
2003-09-09,NIFTY 50,1417.80,1430.70,1397.65,1407.05,-0.007293616811064883,0.014777799051539095
2003-09-10,NIFTY 50,1407.00,1414.10,1389.65,1409.55,0.001775190411503998,0.014773645856937613
2003-09-11,NIFTY 50,1409.65,1422.40,1399.60,1403.15,-0.004550795353354335,0.014958528903558846
2003-09-12,NIFTY 50,1405.55,1415.65,1367.15,1372.1,-0.022377296216699878,0.016217790335944556
2003-09-15,NIFTY 50,1371.75,1371.85,1322.65,1329.25,-0.03172753954268162,0.017289857030282754
2003-09-16,NIFTY 50,1330.15,1362.10,1299.50,1357.95,0.021361336205111235,0.017784474730647083
2003-09-17,NIFTY 50,1357.95,1377.45,1332.20,1341.6,-0.012113278080560017,0.018063476234813285
2003-09-18,NIFTY 50,1341.45,1342.60,1299.25,1302.35,-0.029692606661054242,0.019271596649920467
2003-09-19,NIFTY 50,1303.20,1331.05,1285.25,1322.15,0.015088874574889739,0.019493241217408915
2003-09-22,NIFTY 50,1319.25,1333.55,1300.25,1302.9,-0.014666650213948508,0.018418316197581802
2003-09-23,NIFTY 50,1302.85,1333.70,1290.55,1328.2,0.019232092897727312,0.017043547307292118
2003-09-24,NIFTY 50,1324.85,1373.90,1322.65,1372.05,0.032481329663869844,0.018170564726852943
2003-09-25,NIFTY 50,1371.45,1377.25,1352.80,1357.2,-0.010882217860407998,0.01836984216987239
2003-09-26,NIFTY 50,1357.55,1389.30,1357.35,1386.95,0.021683337728298425,0.018823672939978605
2003-09-29,NIFTY 50,1386.90,1422.35,1386.10,1399.95,0.009329430041491943,0.018676325230119285
2003-09-30,NIFTY 50,1400.70,1418.10,1399.80,1417.1,0.012176008150959164,0.018803206589850897
2003-10-01,NIFTY 50,1416.60,1430.90,1407.95,1420.85,0.002642754229318126,0.018195647449416773
2003-10-03,NIFTY 50,1420.85,1451.20,1420.85,1449.3,0.019825397168327902,0.01855085830714321
2003-10-06,NIFTY 50,1449.45,1481.05,1423.75,1478.9,0.020217886944252764,0.018629411844246987
2003-10-07,NIFTY 50,1478.95,1498.45,1467.75,1477.85,-0.0007102393128526897,0.01847137718577007
2003-10-08,NIFTY 50,1477.85,1493.05,1460.60,1478.6,0.000507365263128833,0.01834473092209313
2003-10-09,NIFTY 50,1487.85,1505.05,1478.40,1502.1,0.015768434881009086,0.018581751897708818
2003-10-10,NIFTY 50,1507.10,1527.25,1505.10,1523.1,0.013883602617449595,0.01863523951208044
2003-10-13,NIFTY 50,1523.35,1550.90,1516.05,1546.75,0.015408223789639993,0.017701481400410952
2003-10-14,NIFTY 50,1548.70,1562.85,1513.75,1520.8,-0.016919443236878846,0.016294578033056603
2003-10-15,NIFTY 50,1521.45,1543.85,1503.00,1537.0,0.01059595236437659,0.015960230840723632
2003-10-16,NIFTY 50,1537.30,1563.40,1537.30,1555.7,0.012093140554479898,0.015407198886379734
2003-10-17,NIFTY 50,1565.20,1574.10,1552.15,1569.45,0.00879963440209026,0.012694854748736358
2003-10-20,NIFTY 50,1569.70,1574.10,1536.50,1542.7,-0.017191111477272144,0.01391702235228703
2003-10-21,NIFTY 50,1546.20,1549.65,1496.95,1506.5,-0.023745048447537883,0.014805119078077007
2003-10-22,NIFTY 50,1506.75,1522.65,1483.00,1494.1,-0.008265060713316832,0.014911178702837759
2003-10-23,NIFTY 50,1494.75,1503.00,1466.25,1470.45,-0.015955542481194226,0.014284435313248132
2003-10-24,NIFTY 50,1485.80,1512.55,1434.75,1506.05,0.023921852964077055,0.014562137742407555
2003-10-25,NIFTY 50,1506.05,1533.05,1506.05,1521.95,0.010502078030916984,0.01410355736577607
2003-10-27,NIFTY 50,1522.05,1524.05,1482.00,1485.3,-0.024375635335351864,0.015462515970218943
2003-10-28,NIFTY 50,1485.45,1500.80,1471.30,1481.75,-0.0023929503675395284,0.015348197859348316
2003-10-29,NIFTY 50,1481.30,1501.70,1477.10,1498.45,0.011207418832056304,0.015479226675279628
2003-10-30,NIFTY 50,1499.25,1524.25,1495.80,1516.85,0.01220457559246945,0.015124133041495501
2003-10-31,NIFTY 50,1517.10,1559.75,1515.55,1555.9,0.025418340228443814,0.015489104322528114
2003-11-03,NIFTY 50,1556.50,1605.60,1556.50,1601.65,0.02898019153396175,0.01654803240146504
2003-11-04,NIFTY 50,1601.30,1626.40,1601.30,1618.7,0.010589010085035933,0.01658882799183234
2003-11-05,NIFTY 50,1618.70,1627.60,1592.55,1609.15,-0.005917268686801906,0.0165239343474932
2003-11-06,NIFTY 50,1610.55,1630.25,1605.40,1612.2,0.001893616596387721,0.016341668580858226
2003-11-07,NIFTY 50,1612.10,1624.50,1585.35,1592.05,-0.012577211903187035,0.016407105173582025
2003-11-10,NIFTY 50,1603.55,1603.65,1568.10,1594.5,0.0015377135037988282,0.01582877651347702
2003-11-11,NIFTY 50,1594.50,1608.85,1590.95,1601.15,0.004161913600681607,0.01571770519763224
2003-11-12,NIFTY 50,1601.30,1617.75,1598.00,1603.8,0.001653692322134372,0.015538757939948048
2003-11-13,NIFTY 50,1610.40,1616.15,1573.60,1579.95,-0.014982612422267588,0.015859232328787696
2003-11-14,NIFTY 50,1577.20,1580.30,1544.75,1550.45,-0.018847989592168574,0.01595960309267648
2003-11-15,NIFTY 50,1549.65,1571.30,1542.00,1562.8,0.007933872822423256,0.01499567731525576
2003-11-17,NIFTY 50,1563.10,1584.75,1554.40,1579.9,0.010882469697887878,0.014928019660856925
2003-11-18,NIFTY 50,1579.15,1591.25,1557.20,1564.4,-0.009859189997444286,0.014583327061062166
2003-11-19,NIFTY 50,1563.95,1564.00,1534.35,1540.6,-0.015330412962493758,0.014271113943905402
2003-11-20,NIFTY 50,1542.85,1558.15,1517.90,1522.3,-0.011949601853657047,0.014378069313524032
2003-11-21,NIFTY 50,1520.40,1547.00,1509.15,1540.7,0.012014509522520925,0.013398697136730307
2003-11-24,NIFTY 50,1541.35,1554.05,1536.50,1543.9,0.002074824060151754,0.01336176047858239
2003-11-25,NIFTY 50,1543.95,1572.05,1543.95,1568.65,0.015903694180492714,0.013570709032772339
2003-11-27,NIFTY 50,1568.85,1602.60,1568.70,1598.35,0.01875647029536455,0.013897801022011888
2003-11-28,NIFTY 50,1598.55,1618.95,1598.55,1615.25,0.010517896314536502,0.012980237129209943
2003-12-01,NIFTY 50,1615.85,1660.55,1615.70,1657.65,0.02591119326462607,0.012657016018627764
2003-12-02,NIFTY 50,1657.65,1671.85,1639.65,1658.5,0.0005126426842061521,0.01248470449856995
2003-12-03,NIFTY 50,1660.70,1676.20,1655.90,1670.5,0.007209403409704187,0.012434988958373083
2003-12-04,NIFTY 50,1670.65,1683.75,1656.10,1675.2,0.0028095783194611733,0.012436763859197286
2003-12-05,NIFTY 50,1675.50,1688.25,1642.05,1645.8,-0.017705972944659965,0.012798949021692282
2003-12-08,NIFTY 50,1644.85,1654.35,1631.85,1646.25,0.0002733858858782066,0.01280270769321443
2003-12-09,NIFTY 50,1646.40,1677.90,1646.40,1675.85,0.017820525172597673,0.013301312922543811
2003-12-10,NIFTY 50,1675.75,1697.30,1672.65,1686.9,0.006572025736177208,0.01333454971296814
2003-12-11,NIFTY 50,1688.35,1701.70,1678.35,1695.4,0.005026176208039405,0.012686674475302586
2003-12-12,NIFTY 50,1695.80,1705.95,1686.45,1698.9,0.002062281613563822,0.011557080453662752
2003-12-15,NIFTY 50,1699.70,1728.00,1699.70,1723.95,0.01463718669500845,0.01175521826269275
2003-12-16,NIFTY 50,1723.90,1740.30,1711.30,1736.25,0.007109445585676058,0.011684335824309274
2003-12-17,NIFTY 50,1736.35,1746.20,1725.40,1733.25,-0.001729356245953732,0.011285096521057993
2003-12-18,NIFTY 50,1733.20,1759.00,1725.85,1756.1,0.013097182359209012,0.010322310276164539
2003-12-19,NIFTY 50,1757.00,1783.70,1755.40,1778.55,0.012702984390380284,0.009430847378733724
2003-12-22,NIFTY 50,1778.85,1794.30,1778.40,1789.15,0.005942221145541868,0.009384940238203745
2003-12-23,NIFTY 50,1789.10,1800.90,1751.05,1780.3,-0.004958757306914138,0.009723629612211597
2003-12-24,NIFTY 50,1788.45,1815.60,1780.30,1808.7,0.015826465752652653,0.009719973982811369
2003-12-26,NIFTY 50,1804.70,1840.35,1804.70,1837.05,0.015552668971936311,0.00954288654502039
2003-12-29,NIFTY 50,1838.05,1876.00,1837.65,1874.05,0.019940840203510696,0.009951675816771076
2003-12-30,NIFTY 50,1878.90,1914.40,1858.55,1873.25,-0.00042697409449672365,0.009082098321064755
2003-12-31,NIFTY 50,1868.90,1895.65,1852.50,1879.75,0.0034638990137161514,0.009009993891531681
2004-01-01,NIFTY 50,1880.35,1917.05,1880.35,1912.25,0.017141769943839237,0.009332945956306044
2004-01-02,NIFTY 50,1912.25,1951.70,1911.05,1946.05,0.01752111794462631,0.009581809778346323
2004-01-05,NIFTY 50,1946.30,1969.20,1930.75,1955.0,0.0045885162728642355,0.0075845610010622025
2004-01-06,NIFTY 50,1955.10,1979.05,1908.75,1926.7,-0.014581498532751635,0.009032819609234589
2004-01-07,NIFTY 50,1927.95,1930.95,1888.10,1916.75,-0.0051776514477107185,0.009161754879632304
2004-01-08,NIFTY 50,1918.10,1973.45,1918.10,1968.55,0.02666618767301274,0.010189356650413494
2004-01-09,NIFTY 50,1969.00,2014.65,1957.45,1971.9,0.0017003138256237724,0.010262515394495806
2004-01-12,NIFTY 50,1972.00,1980.55,1936.75,1945.6,-0.013427132165792471,0.011236960327047891
2004-01-13,NIFTY 50,1944.70,1967.85,1926.10,1963.6,0.009209110412049488,0.01110192616522257
2004-01-14,NIFTY 50,1987.40,1995.20,1970.10,1982.15,0.009402590972535369,0.011120290158267555
2004-01-15,NIFTY 50,1983.20,2000.30,1933.25,1944.45,-0.019202953442271103,0.012421327764435093
2004-01-16,NIFTY 50,1944.15,1953.05,1887.10,1900.65,-0.022783227801134554,0.013816891966892576
2004-01-19,NIFTY 50,1901.90,1943.10,1874.95,1935.35,0.01809225574727358,0.014047112197595905
2004-01-20,NIFTY 50,1928.80,1957.65,1876.85,1893.25,-0.021993259666368524,0.015208214540175909
2004-01-21,NIFTY 50,1895.45,1899.55,1811.35,1824.6,-0.03693414408255816,0.0175675552661719
2004-01-22,NIFTY 50,1824.70,1854.55,1756.25,1770.5,-0.03009879235941548,0.01853395744261648
2004-01-23,NIFTY 50,1771.10,1858.50,1771.10,1847.55,0.042598444503644445,0.02067358491007109
2004-01-27,NIFTY 50,1847.90,1911.30,1844.65,1904.7,0.03046407878891095,0.021323860591967506
2004-01-28,NIFTY 50,1903.90,1918.45,1846.35,1863.1,-0.02208274881820582,0.021931210455177767
2004-01-29,NIFTY 50,1863.00,1883.10,1827.25,1843.6,-0.010521585179954922,0.022028580517355904
2004-01-30,NIFTY 50,1843.70,1860.40,1804.30,1809.75,-0.018531467673102407,0.021928811132667616
2004-02-03,NIFTY 50,1809.30,1815.95,1755.65,1769.0,-0.022774299013465504,0.02181872759043133
2004-02-04,NIFTY 50,1769.10,1829.65,1761.75,1822.2,0.02963014711997275,0.023066816941970665
2004-02-05,NIFTY 50,1823.50,1846.75,1787.15,1804.5,-0.009761017196914806,0.022970104504828774
2004-02-06,NIFTY 50,1804.35,1837.95,1797.95,1833.65,0.016024970826698785,0.023363638949496206
2004-02-09,NIFTY 50,1834.90,1885.20,1833.05,1880.7,0.02533553203849039,0.023278802373140298
2004-02-10,NIFTY 50,1880.85,1897.00,1861.65,1880.75,2.6585492298482453e-05,0.023266735490560027
2004-02-11,NIFTY 50,1891.80,1894.80,1874.50,1891.5,0.005699531632753071,0.023181099991021775
2004-02-12,NIFTY 50,1892.20,1906.10,1869.25,1885.3,-0.0032832056605464973,0.023047827532179398
2004-02-13,NIFTY 50,1875.60,1916.20,1873.25,1913.6,0.014899325343775145,0.023223494026034217
2004-02-16,NIFTY 50,1914.45,1929.50,1909.45,1913.55,-2.6129103903883856e-05,0.02285841659662392
2004-02-17,NIFTY 50,1913.55,1926.15,1905.50,1920.1,0.0034171123464621783,0.022275648270433525
2004-02-18,NIFTY 50,1920.00,1935.80,1912.60,1916.45,-0.0019027517437408019,0.021890329430054097
2004-02-19,NIFTY 50,1916.65,1919.70,1851.80,1858.3,-0.03081242497552508,0.0224284854909402
2004-02-20,NIFTY 50,1858.25,1872.85,1831.15,1852.65,-0.003045044727471848,0.0207853250627405
2004-02-23,NIFTY 50,1853.00,1867.25,1800.20,1808.2,-0.024285171248867025,0.02036746365679759
2004-02-24,NIFTY 50,1808.40,1826.85,1780.35,1821.35,0.007246109042652629,0.017964459266070553
2004-02-25,NIFTY 50,1833.65,1834.10,1779.00,1786.8,-0.019151673867955146,0.016821807656054098
2004-02-26,NIFTY 50,1787.45,1818.60,1760.55,1765.8,-0.01182246501048155,0.01636574025546912
2004-02-27,NIFTY 50,1765.90,1807.45,1763.95,1800.3,0.019349472196094668,0.016964697226038442
2004-03-01,NIFTY 50,1798.35,1856.45,1795.35,1852.7,0.02869071689239018,0.017694327991096246
2004-03-03,NIFTY 50,1852.45,1868.25,1842.45,1860.4,0.004147483793974866,0.0167769320336321
2004-03-04,NIFTY 50,1859.30,1867.95,1831.20,1843.85,-0.008935741444465049,0.015677108293232513
2004-03-05,NIFTY 50,1843.90,1871.10,1843.90,1867.7,0.012851950414084433,0.015706656249833216
2004-03-08,NIFTY 50,1868.15,1891.95,1867.95,1885.25,0.009352710763195025,0.015455706195446731
2004-03-09,NIFTY 50,1884.50,1898.70,1843.00,1866.05,-0.010236540750424454,0.01457656108872619
2004-03-10,NIFTY 50,1866.30,1866.40,1835.80,1844.35,-0.01169698545420536,0.014793001861440424
2004-03-11,NIFTY 50,1843.95,1843.95,1798.45,1805.4,-0.021344738014071944,0.01537515796036281
2004-03-12,NIFTY 50,1805.20,1820.95,1775.90,1812.2,0.0037594029239057455,0.01543270283086383
2004-03-15,NIFTY 50,1812.45,1836.00,1751.80,1763.4,-0.02729781313503358,0.015881930479626646
2004-03-16,NIFTY 50,1763.35,1769.50,1730.10,1749.35,-0.00799947330347289,0.015874697930488842
2004-03-17,NIFTY 50,1749.60,1765.05,1738.85,1749.85,0.0002857796087122504,0.015807953330772728
2004-03-18,NIFTY 50,1750.00,1754.95,1708.30,1716.65,-0.019155352753488026,0.01611827220434709
2004-03-19,NIFTY 50,1716.30,1738.60,1703.55,1725.1,0.004910302595020524,0.015114269427768853
2004-03-22,NIFTY 50,1726.30,1726.35,1678.40,1685.0,-0.023519456013236396,0.01574639713025252
2004-03-23,NIFTY 50,1685.15,1710.45,1669.70,1696.4,0.006742794813973636,0.015240001542567815
2004-03-24,NIFTY 50,1697.40,1700.65,1676.40,1692.1,-0.0025379975258548204,0.015043093506303142
2004-03-25,NIFTY 50,1691.95,1720.65,1691.95,1704.45,0.007272116957547021,0.014770675186108431
2004-03-26,NIFTY 50,1704.45,1755.45,1703.80,1747.5,0.02494371707583741,0.015784055473325648
2004-03-29,NIFTY 50,1747.35,1766.15,1739.50,1762.05,0.008291708830039374,0.015235534640380676
2004-03-30,NIFTY 50,1762.15,1775.40,1746.25,1750.15,-0.006776405407990087,0.013560795434521001
2004-03-31,NIFTY 50,1744.60,1775.30,1740.20,1771.9,0.012350918634009127,0.013903236037618614
2004-04-01,NIFTY 50,1771.45,1823.05,1771.45,1819.65,0.026591757721014412,0.01523503796722168
2004-04-02,NIFTY 50,1856.10,1856.30,1809.00,1841.1,0.011719044178122763,0.015184174063694999
2004-04-05,NIFTY 50,1841.10,1878.80,1840.00,1856.6,0.008383638902671263,0.015151860854314393
2004-04-06,NIFTY 50,1870.80,1876.15,1836.90,1851.15,-0.002939790398529847,0.01499888815089758
2004-04-07,NIFTY 50,1856.40,1865.20,1833.95,1848.7,-0.0013243782089024433,0.01476524506011748
2004-04-08,NIFTY 50,1854.00,1864.95,1839.70,1853.55,0.0026200298599091923,0.013877551764570147
2004-04-12,NIFTY 50,1860.30,1873.75,1828.95,1838.2,-0.008315887294299959,0.014027520841898608
2004-04-13,NIFTY 50,1838.50,1885.15,1819.80,1878.45,0.021660136754142082,0.013125027336517993
2004-04-15,NIFTY 50,1878.50,1884.50,1855.00,1861.95,-0.00882264304808465,0.013163099903890006
2004-04-16,NIFTY 50,1863.85,1882.55,1861.80,1868.95,0.003752450193704518,0.013146642559985499
2004-04-17,NIFTY 50,1869.20,1875.95,1864.95,1868.1,-0.0004549042772552125,0.012088506434438524
2004-04-19,NIFTY 50,1868.20,1876.20,1837.40,1844.05,-0.012957631830118822,0.01268111332173325
2004-04-20,NIFTY 50,1844.40,1851.00,1832.00,1844.25,0.00010845104801464853,0.01104246844126377
2004-04-21,NIFTY 50,1844.35,1876.00,1838.60,1873.35,0.015655581212792112,0.011313609215367003
2004-04-22,NIFTY 50,1873.55,1894.60,1871.00,1889.55,0.008610433489217941,0.011198746259358856
2004-04-23,NIFTY 50,1890.85,1912.35,1885.75,1892.45,0.0015335804169056544,0.011224933147943705
2004-04-27,NIFTY 50,1890.05,1893.10,1814.00,1817.25,-0.04054791651858233,0.01430257222379403
2004-04-28,NIFTY 50,1819.00,1833.95,1801.80,1816.55,-0.0003852716212552287,0.014231727876797292
2004-04-29,NIFTY 50,1816.70,1818.90,1793.10,1808.95,-0.004192531310052935,0.014163987931078459
2004-04-30,NIFTY 50,1820.55,1841.45,1788.30,1796.1,-0.00712891883402051,0.014058948962287614
2004-05-03,NIFTY 50,1796.10,1801.45,1742.80,1766.7,-0.016504247980781185,0.01315153169931662
2004-05-04,NIFTY 50,1769.10,1803.15,1768.80,1793.1,0.01483256587968328,0.013333124005050651
2004-05-05,NIFTY 50,1789.45,1814.35,1788.10,1809.9,0.009325629616507607,0.013370820151339903
2004-05-06,NIFTY 50,1810.30,1837.95,1810.30,1832.8,0.012573257024459918,0.013714627971508131
2004-05-07,NIFTY 50,1832.85,1833.15,1796.95,1804.45,-0.015589015946841664,0.01412464828474404
2004-05-10,NIFTY 50,1804.40,1804.40,1753.80,1769.1,-0.019784893517875952,0.01468226004538986
2004-05-11,NIFTY 50,1768.70,1768.70,1692.90,1699.45,-0.040166273388956265,0.01692201246865149
2004-05-12,NIFTY 50,1699.25,1721.35,1689.85,1711.1,0.00683176925231289,0.016044144532099274
2004-05-13,NIFTY 50,1707.95,1750.30,1625.10,1717.5,0.003733306558579762,0.016118399239725155
2004-05-14,NIFTY 50,1717.05,1722.80,1566.95,1582.4,-0.08192706322805662,0.023592221762368994
2004-05-17,NIFTY 50,1582.50,1583.80,1292.20,1388.75,-0.13053861991460794,0.035985570784160516
2004-05-18,NIFTY 50,1392.95,1517.60,1389.65,1503.95,0.07969091832247768,0.04174169558257522
2004-05-19,NIFTY 50,1508.05,1576.05,1508.05,1567.85,0.04161027379270755,0.04328388024840941
2004-05-20,NIFTY 50,1566.50,1591.05,1531.30,1543.85,-0.015425957462763023,0.04294199782061912
2004-05-21,NIFTY 50,1545.05,1566.15,1498.10,1560.2,0.010534721547950827,0.0429872497400267
2004-05-24,NIFTY 50,1563.65,1613.60,1563.05,1608.85,0.03070561988642711,0.04386991450038883
2004-05-25,NIFTY 50,1608.90,1621.45,1566.40,1606.7,-0.001337251991350395,0.043215613032901924
2004-05-26,NIFTY 50,1608.15,1625.70,1587.00,1598.8,-0.004929038212120985,0.043195611884920826
2004-05-27,NIFTY 50,1590.15,1606.00,1576.05,1586.4,-0.007786049631582174,0.043193488976535764
2004-05-28,NIFTY 50,1586.35,1587.10,1504.00,1508.75,-0.05018580479384506,0.04428242101550518
2004-05-31,NIFTY 50,1507.05,1509.05,1456.20,1483.6,-0.016809926796305538,0.044285302948454966
2004-06-01,NIFTY 50,1483.90,1529.60,1483.90,1507.9,0.01624638775631433,0.04432600786507443
2004-06-02,NIFTY 50,1508.00,1543.30,1508.00,1535.2,0.017942711321740294,0.04455135257050341
2004-06-03,NIFTY 50,1535.80,1566.50,1484.50,1495.1,-0.026467571473608065,0.044447022769239605
2004-06-04,NIFTY 50,1494.85,1527.00,1480.80,1521.1,0.01724066309781513,0.04484131944830096
2004-06-07,NIFTY 50,1521.60,1557.50,1521.60,1542.55,0.014003133847352876,0.04503149364690809
2004-06-08,NIFTY 50,1542.60,1557.00,1526.45,1550.55,0.00517281551755335,0.04440295138311755
2004-06-09,NIFTY 50,1550.45,1561.60,1541.60,1548.3,-0.0014521518598123136,0.044329427591907826
2004-06-10,NIFTY 50,1547.70,1552.75,1535.00,1544.75,-0.0022954698817021875,0.044287401157772646
2004-06-11,NIFTY 50,1544.95,1547.40,1504.80,1508.45,-0.023779451400081173,0.04076045215252095
2004-06-14,NIFTY 50,1508.15,1509.60,1474.65,1481.35,-0.018128799387777842,0.02787320196576146
2004-06-15,NIFTY 50,1481.45,1507.85,1481.00,1501.0,0.013177718480232092,0.02151198328480285
2004-06-16,NIFTY 50,1500.95,1525.20,1490.45,1494.75,-0.0041725838724481264,0.019145902416506464
2004-06-17,NIFTY 50,1494.70,1519.20,1482.20,1512.05,0.011507377214773015,0.019127731337901504
2004-06-18,NIFTY 50,1511.95,1515.05,1485.05,1491.2,-0.013885181044460104,0.019129349600014046
2004-06-21,NIFTY 50,1490.75,1499.80,1478.85,1482.0,-0.006188638075294597,0.017491697106802814
2004-06-22,NIFTY 50,1482.85,1489.60,1467.65,1474.7,-0.004937947599136978,0.01748022227691197
2004-06-23,NIFTY 50,1474.80,1481.45,1442.55,1446.1,-0.01958430163614877,0.01781259090850567
2004-06-24,NIFTY 50,1445.35,1474.30,1437.90,1470.75,0.01690219712381901,0.018454629893639118
2004-06-25,NIFTY 50,1471.50,1494.00,1459.55,1488.5,0.011996426711265615,0.015171907878182423
2004-06-28,NIFTY 50,1488.60,1516.95,1488.60,1514.35,0.017217402518106883,0.01517529342439687
2004-06-29,NIFTY 50,1514.35,1528.50,1503.30,1518.3,0.002604983914204103,0.014755948831862062
2004-06-30,NIFTY 50,1518.70,1532.15,1501.70,1505.6,-0.008399798057026894,0.014270042056717051
2004-07-01,NIFTY 50,1506.65,1539.15,1504.55,1537.2,0.02077108985957383,0.013727323816744144
2004-07-02,NIFTY 50,1537.05,1547.65,1516.15,1537.5,0.0001951409899840083,0.013210748468445213
2004-07-05,NIFTY 50,1537.55,1546.00,1522.90,1526.85,-0.006950931114214406,0.012914086012478869
2004-07-06,NIFTY 50,1526.65,1561.00,1524.15,1558.25,0.020356607122501542,0.013688908231964005
2004-07-07,NIFTY 50,1558.05,1578.50,1551.35,1566.8,0.00547192610271628,0.013731147989280577
2004-07-08,NIFTY 50,1567.25,1586.55,1504.50,1518.15,-0.03154283448865626,0.015498716800526613
2004-07-09,NIFTY 50,1517.45,1557.75,1472.55,1553.2,0.022824830554492248,0.01537574407414545
2004-07-12,NIFTY 50,1548.60,1562.80,1537.70,1556.95,0.0024114604229579536,0.014668036262432606
2004-07-13,NIFTY 50,1560.00,1569.75,1530.60,1539.3,-0.011401011664441612,0.01475473174130895
2004-07-14,NIFTY 50,1535.10,1552.25,1519.35,1522.75,-0.010809856899434778,0.014956609808942785
2004-07-15,NIFTY 50,1523.10,1543.25,1517.80,1539.4,0.010874819383623118,0.014933711920494997
2004-07-16,NIFTY 50,1538.15,1562.00,1533.65,1558.8,0.012523564364337035,0.01472400165745326
2004-07-19,NIFTY 50,1559.20,1582.35,1556.55,1571.6,0.008177914219750615,0.014642571538940231
2004-07-20,NIFTY 50,1571.70,1581.05,1555.55,1566.1,-0.0035057562119165373,0.01460549709309329
2004-07-21,NIFTY 50,1566.15,1600.70,1562.90,1581.4,0.009722078164438652,0.013659179460341321
2004-07-22,NIFTY 50,1581.60,1609.55,1580.95,1598.1,0.010504892954236346,0.013425683106715249
2004-07-23,NIFTY 50,1587.60,1610.85,1587.60,1601.6,0.0021877059698930633,0.013302643452529139
2004-07-26,NIFTY 50,1602.15,1620.35,1584.65,1618.0,0.010187689057480983,0.01301538949996585
2004-07-27,NIFTY 50,1617.95,1629.35,1597.20,1600.75,-0.010718549219525432,0.013388998324915673
2004-07-28,NIFTY 50,1600.85,1609.45,1586.15,1594.15,-0.004131590590328145,0.013236854651815599
2004-07-29,NIFTY 50,1594.70,1624.30,1590.15,1618.7,0.015282679131331378,0.012898498275386108
2004-07-30,NIFTY 50,1618.90,1638.70,1609.90,1632.3,0.008366705220074546,0.012948204333570438
2004-08-02,NIFTY 50,1631.55,1643.80,1627.25,1639.05,0.004126742524874805,0.012735698718993525
2004-08-03,NIFTY 50,1639.95,1648.35,1626.30,1630.6,-0.005168760456053708,0.012231345085932243
2004-08-04,NIFTY 50,1631.30,1635.95,1618.20,1626.55,-0.002486837933298849,0.012251114045700607
2004-08-05,NIFTY 50,1626.40,1656.25,1626.40,1654.95,0.0173095895789133,0.00987877871930199
2004-08-06,NIFTY 50,1654.85,1658.70,1626.70,1633.4,-0.013107064950249485,0.009598510393053856
2004-08-09,NIFTY 50,1633.25,1644.40,1617.05,1642.6,0.005616620381916577,0.009623374595351815
2004-08-10,NIFTY 50,1642.75,1656.60,1637.70,1652.15,0.005797117684325915,0.009050482596300053
2004-08-11,NIFTY 50,1652.10,1658.90,1616.85,1621.6,-0.018664153852627662,0.009841628877507957
2004-08-12,NIFTY 50,1624.30,1629.15,1599.50,1607.2,-0.008919781637065586,0.010017101067863823
2004-08-13,NIFTY 50,1598.20,1612.70,1591.60,1598.2,-0.005615538560362217,0.00984866598280826
2004-08-16,NIFTY 50,1597.50,1603.20,1582.35,1599.15,0.0005942421242313424,0.009712871507940373
2004-08-17,NIFTY 50,1624.00,1628.45,1597.45,1604.35,0.0032464520475070186,0.009670065277019288
2004-08-18,NIFTY 50,1604.15,1604.15,1577.25,1581.8,-0.014155251026784135,0.010030625826263474
2004-08-19,NIFTY 50,1581.90,1612.50,1581.90,1609.2,0.017173721990316422,0.010497737253753874
2004-08-20,NIFTY 50,1609.20,1610.60,1584.05,1590.35,-0.011783043299318502,0.010828355582121463
2004-08-23,NIFTY 50,1590.90,1595.55,1573.70,1578.2,-0.007669160689379945,0.010648223860832516
2004-08-24,NIFTY 50,1578.20,1597.90,1578.05,1591.6,0.008454842465838839,0.010613491554503666
2004-08-25,NIFTY 50,1592.20,1598.55,1586.35,1595.7,0.0025727118636080463,0.010591512241551868
2004-08-26,NIFTY 50,1595.75,1613.25,1593.45,1610.75,0.009387397602370172,0.010220775172673871
2004-08-27,NIFTY 50,1610.85,1617.25,1600.15,1609.0,-0.0010870410263685826,0.010018082046321002
2004-08-30,NIFTY 50,1609.45,1629.90,1609.20,1628.45,0.012015774151541866,0.01036811049166852
2004-08-31,NIFTY 50,1628.50,1634.80,1618.30,1631.75,0.002024416371401693,0.010315850671084599
2004-09-01,NIFTY 50,1631.70,1640.55,1631.10,1635.45,0.00226493730517373,0.010309424225896353
2004-09-02,NIFTY 50,1635.50,1641.25,1619.90,1629.3,-0.0037675211115912387,0.009523549087667215
2004-09-03,NIFTY 50,1629.65,1636.10,1622.10,1634.1,0.0029417193488290626,0.00909687876672653
2004-09-06,NIFTY 50,1634.60,1649.15,1634.45,1644.0,0.006040102558386732,0.00911106951249781
2004-09-07,NIFTY 50,1643.95,1653.15,1641.80,1650.15,0.0037338962374293193,0.009053985758176498
2004-09-08,NIFTY 50,1650.60,1658.85,1648.25,1656.25,0.0036898178809778295,0.007948867194733774
2004-09-09,NIFTY 50,1656.25,1662.40,1640.25,1649.0,-0.004386967174933485,0.00771047602094139
2004-09-10,NIFTY 50,1649.45,1670.95,1642.35,1668.75,0.011905799588960715,0.007878867028107911
2004-09-13,NIFTY 50,1668.25,1681.75,1668.05,1675.2,0.0038577179677127416,0.007878530223050276
2004-09-14,NIFTY 50,1675.20,1686.80,1668.45,1685.55,0.00615935890574854,0.007923296999768611
2004-09-15,NIFTY 50,1685.70,1694.45,1675.85,1683.2,-0.0013951764786302757,0.006970720240679125
2004-09-16,NIFTY 50,1683.60,1708.00,1677.35,1705.7,0.013278840103436594,0.006601676115954645
2004-09-17,NIFTY 50,1702.70,1736.40,1702.70,1733.65,0.016253428876066636,0.006286209150101089
2004-09-20,NIFTY 50,1734.05,1741.55,1725.30,1728.8,-0.002801486330217766,0.005878882198143259
2004-09-21,NIFTY 50,1728.75,1753.00,1724.70,1750.2,0.012302540909054523,0.006072902984391085
2004-09-22,NIFTY 50,1749.75,1760.80,1736.30,1753.9,0.0021118126623614094,0.006082465053122717
2004-09-23,NIFTY 50,1753.10,1753.15,1723.40,1726.15,-0.015948384755471466,0.007527358664422526
2004-09-24,NIFTY 50,1726.15,1736.90,1717.20,1722.5,-0.002116771120807105,0.007563529380692498
2004-09-27,NIFTY 50,1722.40,1726.15,1707.95,1717.5,-0.0029069787913092726,0.0074040851623593485
2004-09-28,NIFTY 50,1717.45,1717.90,1697.40,1700.25,-0.010094446040756351,0.007935819736088071
2004-09-29,NIFTY 50,1700.55,1730.30,1695.70,1727.95,0.016160435704437197,0.008540311708234515
2004-09-30,NIFTY 50,1728.30,1748.20,1728.20,1745.5,0.010105312784905602,0.008546395722832481
2004-10-01,NIFTY 50,1744.40,1778.65,1737.85,1775.15,0.01684387883616001,0.009053649987127679
2004-10-04,NIFTY 50,1776.75,1813.90,1775.45,1805.65,0.017035711364721498,0.009498074004683388
2004-10-05,NIFTY 50,1805.85,1816.55,1798.60,1812.45,0.0037588833954547347,0.009497943344721258
2004-10-06,NIFTY 50,1811.70,1824.80,1790.60,1794.9,-0.009730211077331009,0.010031431599552634
2004-10-07,NIFTY 50,1793.00,1821.85,1793.00,1815.7,0.011521758212525457,0.00996023234967901
2004-10-08,NIFTY 50,1815.65,1825.15,1808.75,1820.2,0.002475316866634137,0.00982924805249776
2004-10-09,NIFTY 50,1812.85,1824.90,1812.80,1817.8,-0.0013194064585853825,0.009910551052426945
2004-10-11,NIFTY 50,1817.85,1829.45,1803.50,1807.75,-0.005544000629608716,0.010124803168474044
2004-10-12,NIFTY 50,1808.45,1820.90,1783.05,1786.9,-0.011600703170445568,0.01062908834975327
2004-10-14,NIFTY 50,1784.80,1805.70,1773.00,1794.75,0.00438346157197673,0.010358533501896373
2004-10-15,NIFTY 50,1794.80,1814.05,1789.55,1795.0,0.00013928546578695925,0.009850333687274152
2004-10-18,NIFTY 50,1796.05,1806.15,1782.95,1786.0,-0.005026539485934904,0.00991665393131555
2004-10-19,NIFTY 50,1787.20,1813.90,1787.20,1808.4,0.012463993984005783,0.009925862718272461
2004-10-20,NIFTY 50,1808.60,1815.20,1785.45,1790.05,-0.010198924014873486,0.010270510251049499
2004-10-21,NIFTY 50,1790.35,1795.40,1772.40,1779.75,-0.005770647421593952,0.009616843851130732
2004-10-25,NIFTY 50,1780.00,1783.55,1753.50,1757.25,-0.01272281792796796,0.010108328138727335
2004-10-26,NIFTY 50,1777.85,1782.10,1750.30,1781.05,0.013452990955241606,0.010432392129097797
2004-10-27,NIFTY 50,1781.15,1797.55,1774.20,1783.85,0.0015708718762277672,0.01005051224854031
2004-10-28,NIFTY 50,1783.90,1808.15,1783.90,1800.1,0.009068269009174689,0.009656858635001328
2004-10-29,NIFTY 50,1800.85,1808.85,1783.10,1786.9,-0.007359944012043159,0.009679297902638564
2004-11-01,NIFTY 50,1787.30,1800.25,1776.70,1797.75,0.0060536080979878525,0.009039356895039102
2004-11-02,NIFTY 50,1798.30,1817.10,1798.30,1813.7,0.008833074640774168,0.008420870663852166
2004-11-03,NIFTY 50,1814.15,1838.40,1814.15,1837.4,0.012982571213988459,0.008865579004808563
2004-11-04,NIFTY 50,1837.80,1853.05,1830.50,1834.85,-0.0013887945591175243,0.008540121165410154
2004-11-05,NIFTY 50,1836.05,1854.40,1836.00,1852.3,0.009465375850428746,0.008419580921147292
2004-11-08,NIFTY 50,1852.45,1871.05,1852.45,1862.8,0.005652621979544816,0.008478693829457876
2004-11-09,NIFTY 50,1863.55,1869.45,1853.45,1858.75,-0.0021765133338572554,0.008494020305589703
2004-11-10,NIFTY 50,1859.65,1878.20,1857.70,1876.1,0.00929093527520041,0.008529678417887186
2004-11-11,NIFTY 50,1876.45,1884.65,1866.95,1870.55,-0.0029626487979901666,0.008015660131764253
2004-11-12,NIFTY 50,1871.90,1885.05,1866.75,1872.95,0.001282222694707754,0.00800296673435966
2004-11-16,NIFTY 50,1872.80,1881.40,1862.80,1879.0,0.0032249924671825803,0.007992255863276058
2004-11-17,NIFTY 50,1879.05,1892.15,1874.35,1888.65,0.0051225677023539525,0.007823899512330616
2004-11-18,NIFTY 50,1890.45,1895.30,1880.80,1892.05,0.0017986092081264404,0.0074863146173968515
2004-11-19,NIFTY 50,1891.95,1898.15,1869.35,1872.35,-0.01046657095037175,0.007509961652065991
2004-11-22,NIFTY 50,1872.55,1878.05,1845.10,1873.35,0.000533945603629747,0.0072846220661040495
2004-11-23,NIFTY 50,1873.35,1900.05,1873.35,1892.6,0.010223273096928422,0.006517008858361786
2004-11-24,NIFTY 50,1893.15,1907.35,1889.85,1904.05,0.006031651436578933,0.00613303456017873
2004-11-25,NIFTY 50,1904.25,1915.80,1892.60,1901.05,-0.0015768314218282723,0.006220559724408925
2004-11-29,NIFTY 50,1899.30,1942.95,1894.60,1939.65,0.020101179321087303,0.007184575881000773
2004-11-30,NIFTY 50,1940.25,1963.80,1940.25,1958.8,0.009824496418191981,0.006805659416305406
2004-12-01,NIFTY 50,1960.75,1971.60,1944.50,1962.05,0.001657804172225603,0.0068269371531086845
2004-12-02,NIFTY 50,1962.75,2001.55,1962.75,1999.0,0.018657210500012268,0.0074863419508340015
2004-12-03,NIFTY 50,1991.90,2011.90,1990.30,1996.2,-0.0014016822479139654,0.007355128902666747
2004-12-06,NIFTY 50,1996.30,2012.25,1989.95,1993.15,-0.0015290714498636727,0.007360748090873773
2004-12-07,NIFTY 50,1990.60,2002.60,1981.15,1992.7,-0.00022579876408393806,0.007310379303988653
2004-12-08,NIFTY 50,1994.15,2009.70,1973.15,1977.95,-0.00742954823402165,0.007697100016665332
2004-12-09,NIFTY 50,1977.80,1995.70,1964.50,1989.95,0.006048557970226607,0.007625417045168309
2004-12-10,NIFTY 50,1990.20,1999.70,1964.65,1969.0,-0.01058371313561803,0.008099031013905748
2004-12-13,NIFTY 50,1970.60,1987.00,1964.80,1985.35,0.008269421357330706,0.008095822559602117
2004-12-14,NIFTY 50,1985.20,2008.80,1972.85,2006.8,0.010746192613641766,0.00826626869532876
2004-12-15,NIFTY 50,2006.80,2034.35,2006.80,2028.7,0.01085378019718586,0.008429671341238164
2004-12-16,NIFTY 50,2028.80,2039.20,2019.50,2033.2,0.002215712765463743,0.008431322074467416
2004-12-17,NIFTY 50,2032.85,2037.70,2007.20,2012.1,-0.010431953798946243,0.00899990260304938
2004-12-20,NIFTY 50,2012.50,2029.50,2007.15,2026.85,0.0073039109533108645,0.008453135972778192
2004-12-21,NIFTY 50,2027.80,2047.50,2025.25,2044.65,0.008743761957849646,0.00847708501191031
2004-12-22,NIFTY 50,2040.60,2053.90,2029.85,2035.35,-0.004558831424890329,0.008584078030758726
2004-12-23,NIFTY 50,2035.60,2049.30,2031.90,2045.15,0.004803342160129723,0.008570417791014657
2004-12-24,NIFTY 50,2045.35,2065.60,2045.30,2062.7,0.008544667784347301,0.008549039223755018
2004-12-27,NIFTY 50,2061.60,2079.05,2046.25,2062.6,-4.848132257989812e-05,0.007707549650980239
2004-12-28,NIFTY 50,2063.60,2074.60,2060.05,2071.35,0.004233245717501268,0.007549556797666126
2004-12-29,NIFTY 50,2071.55,2086.15,2062.35,2069.6,-0.0008452167276504165,0.007590011369557495
2004-12-30,NIFTY 50,2070.55,2088.45,2052.25,2059.8,-0.004746461180117825,0.006753178031912991
2004-12-31,NIFTY 50,2059.85,2083.00,2059.85,2080.5,0.009999358731294454,0.006973130842339034
2005-01-03,NIFTY 50,2080.00,2118.60,2080.00,2115.0,0.016446563057382426,0.007614077446369788
2005-01-04,NIFTY 50,2116.95,2120.15,2100.55,2103.75,-0.005333345975362617,0.007809932941910603
2005-01-05,NIFTY 50,2103.75,2105.10,1990.15,2032.2,-0.034602516453234665,0.01126588952991673
2005-01-06,NIFTY 50,2031.55,2035.65,1984.25,1998.35,-0.016797110009486468,0.011904803304254218
2005-01-07,NIFTY 50,1998.25,2021.45,1992.55,2015.5,0.008545463514925985,0.011759471770912928
2005-01-10,NIFTY 50,2016.75,2025.90,1974.80,1982.0,-0.016760867667287203,0.012284051269330836
2005-01-11,NIFTY 50,1982.70,1988.90,1947.35,1952.05,-0.01522633349084937,0.012450546732678614
2005-01-12,NIFTY 50,1953.60,1966.65,1900.85,1913.6,-0.01989381764277142,0.012754654413222703
2005-01-13,NIFTY 50,1922.50,1963.40,1916.95,1954.55,0.021173703139762325,0.013816695811895164
2005-01-14,NIFTY 50,1954.90,1961.40,1922.85,1931.1,-0.012070199169394932,0.013874223367649144
2005-01-17,NIFTY 50,1931.75,1944.55,1902.45,1932.9,0.0009316770860267018,0.013720317376904623
2005-01-18,NIFTY 50,1933.05,1956.95,1925.35,1934.05,0.0005947840204308705,0.013491905924182193
2005-01-19,NIFTY 50,1934.10,1945.65,1922.35,1926.65,-0.0038335063912709726,0.013487848461168038
2005-01-20,NIFTY 50,1928.10,1940.95,1900.05,1925.3,-0.0007009437065765997,0.013381474100989112
2005-01-24,NIFTY 50,1925.30,1932.75,1902.90,1909.0,-0.008502255009542157,0.013146972857607301
2005-01-25,NIFTY 50,1908.85,1934.25,1894.40,1931.85,0.011898548281041385,0.013593661186150881
2005-01-27,NIFTY 50,1931.90,1961.75,1929.00,1955.0,0.011912100412677226,0.013921363021081483
2005-01-28,NIFTY 50,1955.25,2014.25,1950.85,2008.3,0.026898399623166157,0.015435764357148357
2005-01-31,NIFTY 50,2008.45,2060.40,2006.35,2057.6,0.024251662000667855,0.016444085836197293
2005-02-01,NIFTY 50,2057.75,2072.50,2045.25,2059.85,0.001092909555166241,0.01627726939514369
2005-02-02,NIFTY 50,2062.15,2074.50,2045.50,2052.25,-0.0036964123700909397,0.015789461419574696
2005-02-03,NIFTY 50,2052.35,2083.75,2052.35,2079.45,0.013166683424119236,0.01609242656983522
2005-02-04,NIFTY 50,2079.40,2099.20,2060.80,2077.95,-0.0007216048804970646,0.013965203699606934
2005-02-07,NIFTY 50,2097.45,2098.00,2049.85,2055.1,-0.011057322225123064,0.013632791666665648
2005-02-08,NIFTY 50,2055.00,2065.00,2043.60,2055.15,2.4329420352859993e-05,0.013530499217000317
2005-02-09,NIFTY 50,2055.20,2077.70,2055.20,2070.0,0.007199769292187418,0.012924760328731199
2005-02-10,NIFTY 50,2070.10,2075.10,2049.85,2063.35,-0.0032177317370793647,0.01233965244791516
2005-02-11,NIFTY 50,2063.35,2084.50,2063.35,2082.05,0.009022109734051334,0.011184011887642639
2005-02-14,NIFTY 50,2083.05,2110.15,2083.05,2098.25,0.007750678706550407,0.010494470676670808
2005-02-15,NIFTY 50,2098.25,2101.60,2081.20,2089.95,-0.003963521735226612,0.010004647648140486
2005-02-16,NIFTY 50,2090.00,2103.40,2059.45,2068.8,-0.010171413210117197,0.010477953124195494
2005-02-17,NIFTY 50,2069.10,2069.15,2045.85,2061.9,-0.003340841221923878,0.01056991017972708
2005-02-18,NIFTY 50,2062.45,2076.70,2048.85,2055.55,-0.0030844357718274127,0.010544971404846091
2005-02-21,NIFTY 50,2055.15,2065.75,2039.90,2043.2,-0.006026245745566995,0.010715521019366132
2005-02-22,NIFTY 50,2043.40,2061.65,2036.60,2058.4,0.00741177568925959,0.010405016490407737
2005-02-23,NIFTY 50,2058.70,2065.15,2051.35,2057.1,-0.0006317580091060998,0.010265966732466365
2005-02-24,NIFTY 50,2057.75,2070.50,2052.40,2055.3,-0.0008754012814652045,0.01008759932220035
2005-02-25,NIFTY 50,2057.30,2081.85,2051.20,2060.9,0.00272095790049966,0.00830044227382938
2005-02-28,NIFTY 50,2061.20,2106.20,2047.70,2103.25,0.02034098685346016,0.007759572007728418
2005-03-01,NIFTY 50,2103.10,2115.10,2073.80,2084.4,-0.009002723395863393,0.008081558111899178
2005-03-02,NIFTY 50,2084.60,2096.35,2080.55,2093.25,0.004236838049481574,0.008054620571578174
2005-03-03,NIFTY 50,2093.40,2132.75,2093.35,2128.85,0.01686404571386113,0.008384504816012469
2005-03-04,NIFTY 50,2129.10,2152.75,2129.10,2148.15,0.009025078794418986,0.008550149881982504
2005-03-07,NIFTY 50,2148.25,2166.85,2143.05,2160.1,0.005547510310045162,0.008041179612702554
2005-03-08,NIFTY 50,2160.65,2173.85,2154.00,2168.95,0.004088662560563217,0.008026891892740187
2005-03-09,NIFTY 50,2169.10,2183.45,2141.35,2160.8,-0.003764655985023814,0.008077277907350444
2005-03-10,NIFTY 50,2160.85,2170.20,2145.75,2167.4,0.003049769010488971,0.007979192798060515
2005-03-11,NIFTY 50,2167.70,2182.10,2148.70,2154.0,-0.006201713772560945,0.008046099628186289
2005-03-14,NIFTY 50,2153.80,2164.15,2140.90,2146.35,-0.0035578536954801996,0.00799560725057892
2005-03-15,NIFTY 50,2146.55,2151.35,2122.00,2128.95,-0.008139824607477197,0.008187942841620117
2005-03-16,NIFTY 50,2129.35,2158.90,2121.10,2125.55,-0.0015983080144786027,0.0077912811589970505
2005-03-17,NIFTY 50,2123.95,2126.55,2090.45,2098.5,-0.012807788625252167,0.008358398166675985
2005-03-18,NIFTY 50,2097.75,2112.25,2077.20,2109.15,0.005062218931288996,0.008353548017635968
2005-03-21,NIFTY 50,2117.95,2124.80,2089.35,2096.6,-0.005968037686462296,0.00835087563994101
2005-03-22,NIFTY 50,2096.75,2099.00,2056.50,2061.6,-0.016834604680317028,0.009138224023654308
2005-03-23,NIFTY 50,2061.20,2067.45,2019.85,2026.4,-0.01722156065068975,0.009925073619086846
2005-03-24,NIFTY 50,2026.60,2042.45,2007.35,2015.4,-0.005443132841163427,0.009980466643059334
2005-03-28,NIFTY 50,2015.75,2046.85,2015.25,2029.45,0.006947133519161696,0.01010689095345924
2005-03-29,NIFTY 50,2029.40,2032.65,1971.55,1983.85,-0.022725419217545246,0.009959289416896796
2005-03-30,NIFTY 50,1983.65,2000.45,1971.15,1993.7,0.004952807700862759,0.009999650305410801
2005-03-31,NIFTY 50,1994.50,2043.60,1994.50,2035.65,0.020822969346708263,0.011181627677229586
2005-04-01,NIFTY 50,2035.90,2071.20,2024.25,2067.65,0.01559751846120034,0.011075861708156422
2005-04-04,NIFTY 50,2067.65,2076.60,2054.90,2063.4,-0.002057588990414297,0.010797496293864176
2005-04-05,NIFTY 50,2063.20,2077.95,2043.70,2052.55,-0.005272185100473395,0.010669062613958958
2005-04-06,NIFTY 50,2054.00,2073.10,2051.30,2069.3,0.008127463251981038,0.010838281921115234
2005-04-07,NIFTY 50,2069.15,2084.90,2048.05,2052.85,-0.007981314277199662,0.010908003714426946
2005-04-08,NIFTY 50,2053.05,2057.50,2024.80,2031.2,-0.010602320150114811,0.010965326384232362
2005-04-11,NIFTY 50,2032.75,2033.00,2001.85,2008.2,-0.011387952945132724,0.011099428967738648
2005-04-12,NIFTY 50,2002.75,2027.80,2002.75,2024.95,0.008306210432442352,0.011409134716734947
2005-04-13,NIFTY 50,2024.90,2038.85,2018.10,2025.45,0.00024688919738296135,0.011360866975616285
2005-04-15,NIFTY 50,2022.50,2022.50,1952.75,1956.3,-0.034736964007894854,0.013448453436061837
2005-04-18,NIFTY 50,1955.50,1959.25,1914.85,1927.8,-0.014675477717398536,0.01351804954604273
2005-04-19,NIFTY 50,1927.90,1961.15,1902.80,1909.4,-0.00959039978593492,0.013383636180423429
2005-04-20,NIFTY 50,1908.50,1941.85,1902.90,1929.7,0.010575493838377418,0.013823041919708788
2005-04-21,NIFTY 50,1930.50,1950.00,1911.40,1948.55,0.009720955811912738,0.013815649569297563
2005-04-22,NIFTY 50,1950.60,1972.95,1950.00,1967.35,0.009601953289174424,0.01364491004396841
2005-04-25,NIFTY 50,1968.45,1974.20,1952.40,1970.95,0.0018282004939669406,0.013630582131295196
2005-04-26,NIFTY 50,1971.05,1972.85,1951.80,1957.1,-0.007051874286440884,0.013554004354063414
2005-04-27,NIFTY 50,1959.45,1962.20,1930.35,1935.4,-0.011149762264081181,0.01284257558859807
2005-04-28,NIFTY 50,1935.65,1950.25,1921.05,1941.3,0.003043828284487939,0.012801183251028867
2005-04-29,NIFTY 50,1943.20,1943.20,1896.30,1902.5,-0.0201890409954892,0.012342064958238759
2005-05-02,NIFTY 50,1903.10,1925.60,1898.15,1916.75,0.0074622327031628535,0.011806032622321331
2005-05-03,NIFTY 50,1916.95,1940.10,1911.00,1920.7,0.0020586594718025866,0.011873492285352944
2005-05-04,NIFTY 50,1920.50,1944.45,1920.15,1942.6,0.011337579057423908,0.012321572137737422
2005-05-05,NIFTY 50,1942.60,1973.35,1942.05,1963.3,0.010599448936473117,0.012448205234592174
2005-05-06,NIFTY 50,1962.30,1984.40,1947.30,1977.5,0.0072066897371056565,0.01256721666617521
2005-05-09,NIFTY 50,1978.05,2003.15,1978.05,2000.75,0.011688689605346676,0.012739276725287515
2005-05-10,NIFTY 50,2001.00,2007.80,1989.10,1994.3,-0.003228998687979704,0.012509429284216372
2005-05-11,NIFTY 50,1990.55,1991.85,1975.05,1985.95,-0.00419572250462006,0.01236579149654348
2005-05-12,NIFTY 50,1985.95,1999.85,1981.95,1993.15,0.0036189127480666045,0.012406212405271707
2005-05-13,NIFTY 50,1992.50,1992.75,1978.90,1988.3,-0.002436299538586997,0.009523946283701947
2005-05-16,NIFTY 50,1991.50,2014.95,1989.70,2012.6,0.012147416235197356,0.009107838925828986
2005-05-17,NIFTY 50,2013.10,2024.60,1984.75,1990.8,-0.01089085051483372,0.009200258410933278
2005-05-18,NIFTY 50,1990.65,1990.95,1964.65,1982.75,-0.0040517980209701125,0.009070466125799172
2005-05-19,NIFTY 50,1983.15,2008.35,1983.15,1990.85,0.004076913237025128,0.008882365750673972
2005-05-20,NIFTY 50,1991.85,1998.20,1975.95,1992.4,0.0007782589986742583,0.008652645559312184
2005-05-23,NIFTY 50,1992.10,2019.35,1991.70,2013.9,0.01073319841368725,0.008941695579410274
2005-05-24,NIFTY 50,2016.00,2031.90,2009.55,2028.6,0.007272759329079657,0.008829223356824054
2005-05-25,NIFTY 50,2028.55,2047.45,2019.00,2043.85,0.007489384170259792,0.00836241625296983
2005-05-26,NIFTY 50,2043.50,2078.65,2025.65,2074.7,0.01498128078693858,0.008800820401331576
2005-05-27,NIFTY 50,2073.25,2099.35,2069.50,2076.4,0.0008190600539802165,0.006894023675688146
2005-05-30,NIFTY 50,2076.55,2086.85,2064.85,2072.4,-0.001928269012440717,0.006991662860786802
2005-05-31,NIFTY 50,2072.50,2091.75,2066.55,2087.55,0.007283773593338857,0.007016664619908559
2005-06-01,NIFTY 50,2087.80,2097.60,2081.20,2087.55,0.0,0.0068629975902178494
2005-06-02,NIFTY 50,2087.85,2093.45,2062.55,2064.65,-0.01103040902957447,0.007385974726389275
2005-06-03,NIFTY 50,2064.10,2097.25,2061.35,2094.25,0.014234773529521164,0.007777658229784074
2005-06-04,NIFTY 50,2094.10,2098.10,2087.00,2092.35,-0.0009076578275649747,0.007531923719630854
2005-06-06,NIFTY 50,2092.00,2109.10,2087.40,2092.8,0.0002150460565256836,0.0074391455621256805
2005-06-07,NIFTY 50,2091.95,2102.85,2084.35,2098.15,0.0025531218010872124,0.007274967253203033
2005-06-08,NIFTY 50,2094.70,2115.25,2094.05,2112.4,0.006768737768811152,0.007328710778143612
2005-06-09,NIFTY 50,2112.25,2118.65,2097.55,2103.2,-0.004364747417106744,0.007414869344507859
2005-06-10,NIFTY 50,2103.45,2133.10,2086.30,2090.6,-0.006008888317064618,0.007322251642181987
2005-06-13,NIFTY 50,2090.70,2106.65,2081.70,2102.75,0.005794905743939862,0.006713286901171368
2005-06-14,NIFTY 50,2103.65,2113.85,2098.70,2112.35,0.004555059950583054,0.006528625880148346
2005-06-15,NIFTY 50,2110.50,2131.95,2110.35,2128.65,0.007686904155526516,0.006604602488331102
2005-06-16,NIFTY 50,2128.30,2135.10,2114.55,2123.7,-0.002328125500403058,0.006703952433687298
2005-06-17,NIFTY 50,2123.60,2131.75,2103.90,2123.4,-0.00014127286878045804,0.0064978663134925025
2005-06-20,NIFTY 50,2130.80,2150.25,2124.65,2144.35,0.009817898556654384,0.006617051069231568
2005-06-21,NIFTY 50,2144.75,2173.25,2140.15,2170.0,0.011890691398378039,0.006851154018080886
2005-06-22,NIFTY 50,2167.80,2196.45,2167.35,2187.35,0.00796359791756484,0.00636758181305654
2005-06-23,NIFTY 50,2187.35,2192.10,2174.05,2183.85,-0.0016013912646255669,0.006426812556123446
2005-06-24,NIFTY 50,2184.00,2204.45,2162.95,2194.35,0.004796500904760274,0.006357227799153647
2005-06-27,NIFTY 50,2194.35,2219.65,2188.15,2199.8,0.002480572030811704,0.0062714176117063865
2005-06-28,NIFTY 50,2199.80,2206.80,2165.90,2169.85,-0.013708406401677434,0.007246071523720638
2005-06-29,NIFTY 50,2170.20,2194.25,2162.00,2191.65,0.009996644064864254,0.006776338475922971
2005-06-30,NIFTY 50,2191.55,2226.15,2189.45,2220.6,0.01312274483396214,0.00668309124794195
2005-07-01,NIFTY 50,2220.45,2220.55,2198.90,2211.9,-0.00392555495645066,0.006807196823522127
2005-07-04,NIFTY 50,2212.05,2232.20,2211.40,2230.65,0.00844114813908774,0.006892163350571355
2005-07-05,NIFTY 50,2231.20,2238.60,2205.10,2210.75,-0.008961198346957822,0.007409602851327157
2005-07-06,NIFTY 50,2211.35,2232.65,2211.30,2228.2,0.007862260169371476,0.007445822319433208
2005-07-07,NIFTY 50,2228.30,2235.80,2171.25,2179.4,-0.022144475082430302,0.009187449073715192
2005-07-08,NIFTY 50,2183.55,2210.70,2179.05,2196.2,0.007678984620827091,0.00908600065139252
2005-07-11,NIFTY 50,2195.55,2224.65,2195.55,2218.85,0.010260449467007307,0.009225954544253519
2005-07-12,NIFTY 50,2219.10,2233.20,2191.70,2220.8,0.0008784476818652324,0.009223405473635416
2005-07-13,NIFTY 50,2221.45,2234.15,2200.05,2204.05,-0.007570914271595937,0.009401381735448217
2005-07-14,NIFTY 50,2204.40,2212.55,2178.60,2185.1,-0.00863498296806851,0.00964758170055245
2005-07-15,NIFTY 50,2185.10,2216.50,2181.85,2212.55,0.012484102423969476,0.00994807347119249
2005-07-18,NIFTY 50,2212.95,2248.70,2212.95,2234.0,0.009648004132355498,0.009941167159208555
2005-07-19,NIFTY 50,2234.25,2246.70,2227.20,2237.3,0.0014760810498845838,0.009667448655323707
2005-07-20,NIFTY 50,2236.90,2252.00,2236.90,2241.9,0.0020539389253235486,0.009549965334303976
2005-07-21,NIFTY 50,2240.95,2251.85,2221.20,2230.5,-0.005097945036034702,0.009636174334410295
2005-07-22,NIFTY 50,2231.00,2268.55,2223.15,2265.6,0.015613848931081224,0.010147160312855086
2005-07-25,NIFTY 50,2266.65,2293.95,2266.65,2291.75,0.011476093342484358,0.010384932995564061
2005-07-26,NIFTY 50,2289.25,2307.10,2279.80,2303.15,0.004962033293728311,0.009711381945633441
2005-07-27,NIFTY 50,2304.25,2324.00,2292.85,2319.1,0.006901428225550215,0.009617908829297027
2005-07-29,NIFTY 50,2318.05,2332.55,2280.85,2312.3,-0.002936479201241378,0.009380480099939107
2005-08-01,NIFTY 50,2312.05,2329.90,2294.25,2318.05,0.0024836148263797896,0.009275446762701296
2005-08-02,NIFTY 50,2321.90,2357.15,2319.75,2353.65,0.015240999686885052,0.009628613080551678
2005-08-03,NIFTY 50,2359.10,2377.00,2345.20,2357.0,0.001422309262944242,0.009239759314895927
2005-08-04,NIFTY 50,2357.75,2377.35,2352.05,2367.8,0.004571630041404909,0.009181538106925735
2005-08-05,NIFTY 50,2367.35,2377.10,2355.95,2361.2,-0.0027912896110017407,0.007192081171188346
2005-08-08,NIFTY 50,2361.95,2386.95,2320.05,2324.4,-0.01570802316558373,0.008368486363800276
2005-08-09,NIFTY 50,2324.75,2342.20,2303.10,2318.7,-0.002455257420015624,0.008257077293600808
2005-08-10,NIFTY 50,2322.30,2364.80,2322.05,2360.15,0.017718492540946623,0.008945081658878997
2005-08-11,NIFTY 50,2358.90,2387.30,2355.50,2380.9,0.008753391122974945,0.00866605068231143
2005-08-12,NIFTY 50,2381.05,2390.45,2356.90,2361.55,-0.008160384349555875,0.008630615295558529
2005-08-16,NIFTY 50,2361.65,2379.40,2356.85,2369.8,0.0034873802873389473,0.008389813121456147
2005-08-17,NIFTY 50,2369.80,2406.25,2357.50,2403.15,0.013974813378193271,0.008611369066118398
2005-08-18,NIFTY 50,2404.65,2426.65,2380.70,2388.45,-0.006135756790288358,0.008876597953532132
2005-08-19,NIFTY 50,2400.80,2409.35,2378.45,2383.45,-0.0020956020997135562,0.008954638137240116
2005-08-22,NIFTY 50,2383.45,2403.45,2355.75,2367.85,-0.0065666474678830414,0.009030770423925596
2005-08-23,NIFTY 50,2369.55,2380.50,2320.35,2326.1,-0.017789324987086217,0.009640994355815256
2005-08-24,NIFTY 50,2326.10,2334.90,2300.45,2322.5,-0.0015488537278682557,0.009354333725802338
2005-08-25,NIFTY 50,2323.10,2359.20,2320.70,2354.55,0.013705434701332113,0.009761117339129767
2005-08-26,NIFTY 50,2354.60,2368.05,2340.20,2357.05,0.0010612107286775288,0.009665430334033893
2005-08-29,NIFTY 50,2359.20,2365.85,2312.60,2337.65,-0.008264685891044824,0.009845922275091446
2005-08-30,NIFTY 50,2337.80,2373.80,2337.75,2367.75,0.012793985879252429,0.01021573143265919
2005-08-31,NIFTY 50,2369.05,2387.00,2355.00,2384.65,0.007112225923210187,0.009774021096306538
2005-09-01,NIFTY 50,2384.70,2412.35,2382.90,2405.75,0.008809342207089236,0.009942692224622456
2005-09-02,NIFTY 50,2406.45,2422.10,2396.10,2415.8,0.00416878993466784,0.009935531762358186
2005-09-05,NIFTY 50,2417.10,2439.55,2414.95,2422.95,0.00295531085669858,0.009903054922739822
2005-09-06,NIFTY 50,2422.40,2436.25,2417.00,2428.65,0.002349741372994524,0.009058862918035931
2005-09-08,NIFTY 50,2429.00,2456.90,2429.00,2454.45,0.010567156142143028,0.009174393032360841
2005-09-09,NIFTY 50,2448.80,2462.80,2441.90,2455.45,0.0004073402773282446,0.008488230171382996
2005-09-12,NIFTY 50,2455.85,2486.35,2455.85,2484.15,0.011620504883267154,0.008631657784602452
2005-09-13,NIFTY 50,2484.00,2503.00,2477.10,2500.35,0.006500173353596916,0.008329660438203013
2005-09-14,NIFTY 50,2500.40,2514.75,2476.00,2492.45,-0.0031645596029630254,0.008435241661631067
2005-09-15,NIFTY 50,2492.85,2527.50,2492.75,2523.95,0.012558972184969446,0.008339472716089208
2005-09-16,NIFTY 50,2524.90,2555.10,2519.05,2552.35,0.011189368757054684,0.008300174705604423
2005-09-19,NIFTY 50,2555.45,2579.70,2550.45,2567.1,0.005762353695851215,0.008215959245682039
2005-09-20,NIFTY 50,2567.20,2582.80,2546.60,2578.0,0.00423704740701391,0.007851717774524248
2005-09-21,NIFTY 50,2576.70,2585.60,2504.90,2567.3,-0.004159141517289129,0.006270187216014411
2005-09-22,NIFTY 50,2567.85,2580.40,2465.85,2476.5,-0.036008489953551125,0.011054442952592607
2005-09-23,NIFTY 50,2480.50,2507.90,2453.05,2477.75,0.0005046172585254363,0.010785633928468588
2005-09-26,NIFTY 50,2477.85,2560.85,2477.85,2557.35,0.03162067579253205,0.012579134510072105
2005-09-27,NIFTY 50,2558.50,2592.50,2549.85,2574.85,0.006819713894563569,0.012247996442088538
2005-09-28,NIFTY 50,2574.45,2602.95,2559.85,2598.05,0.008969883644955922,0.012146592667928656
2005-09-29,NIFTY 50,2598.60,2633.90,2589.45,2611.2,0.005048722150918401,0.012133253879947913
2005-09-30,NIFTY 50,2607.90,2623.05,2567.75,2601.4,-0.0037601241401473843,0.01222554047150884
2005-10-03,NIFTY 50,2601.00,2635.00,2597.20,2630.05,0.010953095768299396,0.012326817032680857
2005-10-04,NIFTY 50,2630.00,2667.05,2629.60,2663.35,0.012581871496968544,0.012460875359622307
2005-10-05,NIFTY 50,2663.70,2669.20,2636.60,2644.4,-0.007140532435485285,0.012733987885569125
2005-10-06,NIFTY 50,2643.80,2643.80,2571.30,2579.15,-0.024984309191101423,0.014203157178747865
2005-10-07,NIFTY 50,2577.20,2603.25,2547.55,2574.05,-0.0019793532814878327,0.014231467509792602
2005-10-10,NIFTY 50,2577.10,2595.15,2561.00,2566.85,-0.0028010677926386526,0.01410225197859395
2005-10-11,NIFTY 50,2569.15,2592.00,2533.70,2589.55,0.008804649230201916,0.014153396210320494
2005-10-13,NIFTY 50,2584.40,2589.35,2529.05,2537.3,-0.02038359191462522,0.014968500330810573
2005-10-14,NIFTY 50,2537.70,2548.00,2478.00,2484.4,-0.021069341824623965,0.015469297602047006
2005-10-17,NIFTY 50,2488.40,2498.60,2459.50,2485.15,0.00030183819689679213,0.015215038786464522
2005-10-18,NIFTY 50,2485.25,2517.70,2452.50,2468.2,-0.006843879862961618,0.015166624566612288
2005-10-19,NIFTY 50,2467.80,2467.85,2394.95,2412.45,-0.022846311409316995,0.015780442823374305
2005-10-20,NIFTY 50,2421.40,2463.85,2363.55,2395.45,-0.007071723973635398,0.015802032980766993
2005-10-21,NIFTY 50,2397.85,2447.85,2384.05,2443.75,0.019962640097545222,0.014649279533779412
2005-10-24,NIFTY 50,2444.20,2460.00,2388.40,2394.85,-0.020213146330197735,0.015281053291924728
2005-10-25,NIFTY 50,2394.95,2444.60,2390.85,2418.2,0.009702863336668237,0.013440655417880115
2005-10-26,NIFTY 50,2418.45,2434.00,2401.10,2408.5,-0.004019314669870774,0.013249633557746056
2005-10-27,NIFTY 50,2408.95,2416.45,2338.60,2352.9,-0.023355537183544932,0.013635067876837721
2005-10-28,NIFTY 50,2352.65,2355.15,2307.45,2316.05,-0.01578546148042314,0.013626370656434674
2005-10-31,NIFTY 50,2314.85,2373.40,2314.20,2370.95,0.023427570288279295,0.015134038094766643
2005-11-01,NIFTY 50,2366.80,2410.15,2366.80,2386.75,0.006641889183555862,0.01492960286470753
2005-11-02,NIFTY 50,2386.45,2423.80,2367.75,2419.05,0.013442293216491907,0.014983630836130832
2005-11-07,NIFTY 50,2419.25,2464.65,2411.60,2461.6,0.017436643913197644,0.015769688989520136
2005-11-08,NIFTY 50,2463.65,2502.90,2460.00,2492.65,0.012534856559010201,0.015314700525037457
2005-11-09,NIFTY 50,2493.10,2519.40,2475.70,2489.1,-0.0014252022284928422,0.015314680609883407
2005-11-10,NIFTY 50,2489.10,2504.75,2480.85,2500.7,0.0046494933252586084,0.015376416072081532
2005-11-11,NIFTY 50,2500.85,2551.40,2500.85,2548.65,0.018993114536269593,0.015889215801589134
2005-11-14,NIFTY 50,2548.55,2576.95,2534.40,2558.7,0.003935509793296049,0.015228124325682508
2005-11-16,NIFTY 50,2559.45,2585.95,2559.45,2582.75,0.009355405736381278,0.014469186334191256
2005-11-17,NIFTY 50,2558.45,2608.85,2558.45,2603.95,0.008174800185680484,0.014529210431079118
2005-11-18,NIFTY 50,2604.00,2632.35,2595.15,2620.05,0.006163878627276416,0.014387154531931144
2005-11-21,NIFTY 50,2620.10,2626.40,2591.75,2602.5,-0.0067208800533877094,0.01327195936980674
2005-11-22,NIFTY 50,2603.25,2614.00,2567.05,2572.85,-0.01145828761371402,0.013495296178913577
2005-11-23,NIFTY 50,2572.85,2613.40,2563.10,2608.6,0.013799445060772865,0.0131677188804915
2005-11-24,NIFTY 50,2608.90,2643.70,2608.70,2635.0,0.010069503039280114,0.012016817860193032
2005-11-25,NIFTY 50,2635.35,2668.90,2633.75,2664.3,0.011058176957105504,0.012049827402210533
2005-11-26,NIFTY 50,2664.85,2686.50,2664.70,2683.45,0.007161921127648475,0.011874983665390705
2005-11-28,NIFTY 50,2683.60,2717.15,2682.65,2712.0,0.010583090000069479,0.00979082557331115
2005-11-29,NIFTY 50,2712.35,2713.90,2679.90,2698.3,-0.00506442499747199,0.008705069355196944
2005-11-30,NIFTY 50,2698.10,2727.05,2647.10,2652.25,-0.017213608723433325,0.009529699231041572
2005-12-01,NIFTY 50,2651.60,2705.00,2641.95,2698.95,0.017454472127256385,0.009891406118560276
2005-12-02,NIFTY 50,2699.55,2730.70,2691.50,2697.95,-0.0003705831167686461,0.00983726175576451
2005-12-05,NIFTY 50,2697.60,2710.65,2654.35,2660.5,-0.01397815031344474,0.010319782120801837
2005-12-06,NIFTY 50,2661.40,2694.40,2647.35,2662.3,0.0006763357889135377,0.010135678097484153
2005-12-07,NIFTY 50,2662.30,2697.10,2662.30,2693.0,0.011465402986261392,0.010229334509441407
2005-12-08,NIFTY 50,2694.95,2711.60,2673.50,2706.7,0.005074366871118592,0.010231333619961654
2005-12-09,NIFTY 50,2706.75,2761.10,2698.00,2756.45,0.018213439238194597,0.010172346438868626
2005-12-12,NIFTY 50,2756.40,2789.35,2756.40,2776.2,0.007139466220096661,0.010197816930057894
2005-12-13,NIFTY 50,2776.80,2815.30,2764.65,2812.3,0.01291956773204084,0.010325218506795835
2005-12-14,NIFTY 50,2812.80,2825.65,2788.30,2804.55,-0.002759555593656656,0.010396118117966403
2005-12-15,NIFTY 50,2805.20,2821.50,2763.35,2778.55,-0.009313889400114269,0.010773137371792493
2005-12-16,NIFTY 50,2778.65,2814.90,2766.50,2810.15,0.011308653806727678,0.010676372296235128
2005-12-19,NIFTY 50,2808.35,2846.00,2803.45,2842.6,0.011481263618905157,0.010166594533417788
2005-12-20,NIFTY 50,2843.15,2853.10,2815.20,2826.2,-0.005786073156265714,0.010216047167453217
2005-12-21,NIFTY 50,2826.45,2847.30,2799.45,2822.9,-0.0011683278311135793,0.010173953402370187
2005-12-22,NIFTY 50,2826.70,2846.65,2818.65,2835.25,0.004365391377907698,0.010019223271084185
2005-12-23,NIFTY 50,2835.70,2857.00,2799.70,2804.85,-0.010780055104360855,0.010432014322791784
2005-12-26,NIFTY 50,2804.30,2804.30,2741.80,2749.6,-0.019894615055454812,0.011332103810078906
2005-12-27,NIFTY 50,2746.25,2812.60,2725.70,2805.9,0.020268896572990948,0.012048420343980999
2005-12-28,NIFTY 50,2806.80,2824.30,2780.00,2794.05,-0.004232186961493819,0.011287023211289991
2005-12-29,NIFTY 50,2792.75,2829.40,2792.75,2821.95,0.009935979178128003,0.01088441388757897
2005-12-30,NIFTY 50,2823.95,2845.55,2812.75,2836.55,0.0051603896436718715,0.010885172419394651
2006-01-02,NIFTY 50,2836.80,2849.45,2825.40,2835.95,-0.0002115469377656493,0.010201824145842076
2006-01-03,NIFTY 50,2835.95,2887.20,2832.05,2883.35,0.01657583455677474,0.010606823636608219
2006-01-04,NIFTY 50,2883.00,2909.35,2883.00,2904.4,0.007274015918161803,0.01049209830775799
2006-01-05,NIFTY 50,2904.45,2916.20,2884.80,2899.85,-0.001567817007196707,0.010553864319296696
2006-01-06,NIFTY 50,2899.85,2921.70,2877.25,2914.0,0.004867696256255197,0.009977203728386709
2006-01-09,NIFTY 50,2913.35,2927.25,2898.25,2910.1,-0.0013392629188813145,0.009962302339133455
2006-01-10,NIFTY 50,2910.15,2913.05,2865.60,2870.8,-0.013596708280351992,0.010242852986311802
2006-01-12,NIFTY 50,2869.35,2869.35,2824.00,2850.7,-0.007026158416322099,0.010369566772374638
2006-01-13,NIFTY 50,2851.40,2878.35,2846.70,2850.55,-5.262003947699952e-05,0.010096586972457345
2006-01-16,NIFTY 50,2851.35,2855.70,2824.05,2833.1,-0.0061404396221858195,0.009936947758231313
2006-01-17,NIFTY 50,2833.80,2861.25,2820.65,2829.1,-0.0014128786215282148,0.009592944782014156
2006-01-18,NIFTY 50,2809.90,2840.10,2783.85,2809.2,-0.00705889457153836,0.009635814836217397
2006-01-19,NIFTY 50,2811.10,2875.95,2811.10,2870.85,0.02170840786732641,0.010813380096072522
2006-01-20,NIFTY 50,2870.80,2912.80,2870.80,2900.95,0.01043011638462374,0.011000792216893372
2006-01-23,NIFTY 50,2900.30,2900.30,2870.95,2884.05,-0.005842713250360329,0.010772111807927994
2006-01-24,NIFTY 50,2886.35,2914.25,2885.75,2908.0,0.008270003366954761,0.009622448126237223
2006-01-25,NIFTY 50,2908.75,2949.10,2871.25,2940.35,0.011063062212759468,0.008938757835550804
2006-01-27,NIFTY 50,2941.90,2989.70,2941.90,2982.75,0.014317071889740332,0.009179987856402718
2006-01-30,NIFTY 50,2983.30,3002.20,2963.65,2974.5,-0.002769736127949335,0.009133753779709736
2006-01-31,NIFTY 50,2968.95,3005.10,2968.85,3001.1,0.00890293048315835,0.009226142094093729
2006-02-01,NIFTY 50,3001.30,3011.05,2960.90,2971.55,-0.009895185927374296,0.009638464504294428
2006-02-02,NIFTY 50,2972.20,2997.25,2957.55,2967.45,-0.0013807040415337781,0.009061181693559024
2006-02-03,NIFTY 50,2968.10,2973.90,2931.85,2940.6,-0.009089355998653903,0.00924336845000527
2006-02-06,NIFTY 50,2940.95,3009.45,2928.10,3000.45,0.020148635257814834,0.010199037154443395
2006-02-07,NIFTY 50,3001.15,3025.10,2991.25,3020.1,0.006527666002115627,0.0102328263352169
2006-02-08,NIFTY 50,3018.20,3021.25,2984.90,3008.95,-0.0036987627277209833,0.010284252537068321
2006-02-10,NIFTY 50,3009.15,3031.75,3009.10,3027.55,0.00616253089173631,0.009671261955445114
2006-02-13,NIFTY 50,3026.15,3042.75,3018.50,3041.15,0.0044820217730257616,0.009403391452420227
2006-02-14,NIFTY 50,3040.25,3051.70,3009.90,3017.55,-0.007790489497837723,0.009700213148954378
2006-02-15,NIFTY 50,3001.40,3048.80,2995.30,3022.2,0.0015397991369691085,0.009475117341425341
2006-02-16,NIFTY 50,3023.10,3036.65,3013.70,3021.6,-0.0001985505814127284,0.009447646293596507
2006-02-17,NIFTY 50,3021.65,3038.80,2976.70,2981.5,-0.013359962835086482,0.00990495997457267
2006-02-20,NIFTY 50,2982.35,3010.65,2955.85,3005.85,0.008133860305102039,0.008975266073035343
2006-02-21,NIFTY 50,3008.55,3042.05,3008.55,3035.5,0.009815765702226047,0.008946974662268983
2006-02-22,NIFTY 50,3035.65,3055.65,3032.50,3050.8,0.0050276957195947445,0.008756551702945049
2006-02-23,NIFTY 50,3050.85,3078.40,3050.85,3062.1,0.003697103787478745,0.008665722844259538
2006-02-24,NIFTY 50,3061.70,3072.00,3041.60,3050.05,-0.003942971167853023,0.00854148134202985
2006-02-27,NIFTY 50,3050.30,3070.35,3050.30,3067.45,0.005688613624011714,0.008083270318650216
2006-02-28,NIFTY 50,3067.90,3090.30,3031.80,3074.7,0.002360737971906066,0.00802517646309238
2006-03-01,NIFTY 50,3074.60,3127.25,3064.00,3123.1,0.015618762757922233,0.008472381350038157
2006-03-02,NIFTY 50,3124.25,3170.35,3124.25,3150.7,0.008798552090651087,0.0081155515447533
2006-03-03,NIFTY 50,3151.30,3167.20,3132.60,3147.35,-0.0010638214418549126,0.008107003637309882
2006-03-06,NIFTY 50,3147.25,3194.00,3147.20,3190.4,0.013585471855173878,0.007919093500830176
2006-03-07,NIFTY 50,3190.45,3192.95,3166.75,3182.8,-0.0023849882641393642,0.0070695189885381475
2006-03-08,NIFTY 50,3183.45,3187.50,3107.90,3116.7,-0.020986562758784206,0.008801581569843255
2006-03-09,NIFTY 50,3116.75,3132.65,3069.85,3129.1,0.003970673505967411,0.008726506031363513
2006-03-10,NIFTY 50,3129.05,3189.35,3128.60,3183.9,0.01736143718532366,0.009347698034876948
2006-03-13,NIFTY 50,3184.10,3221.30,3174.05,3202.65,0.0058717316456130516,0.009368211182199587
2006-03-14,NIFTY 50,3197.20,3223.45,3184.05,3195.35,-0.002281964103723263,0.00912486478674589
2006-03-16,NIFTY 50,3197.30,3230.40,3196.95,3226.6,0.009732323254267282,0.009245448147735025
2006-03-17,NIFTY 50,3226.90,3258.30,3226.90,3234.05,0.002306270515239264,0.009212866130159786
2006-03-20,NIFTY 50,3234.20,3268.25,3234.20,3265.65,0.009723602313082653,0.008414362840552324
2006-03-21,NIFTY 50,3264.65,3292.15,3247.25,3262.3,-0.0010263559904950118,0.008458301229256447
2006-03-22,NIFTY 50,3263.35,3267.95,3221.95,3240.15,-0.006812843058839435,0.008680577995720409
2006-03-23,NIFTY 50,3240.85,3265.60,3225.20,3247.15,0.0021580635138568494,0.008673572999572006
2006-03-24,NIFTY 50,3247.15,3286.20,3242.60,3279.8,0.010004756384457449,0.008809326705827677
2006-03-27,NIFTY 50,3283.40,3327.05,3280.80,3321.65,0.012679202495387083,0.008860667847797137
2006-03-28,NIFTY 50,3321.45,3344.50,3311.85,3325.0,0.0010080266852221147,0.008882877612574459
2006-03-29,NIFTY 50,3324.85,3359.80,3324.80,3354.2,0.008743617807572726,0.008934217925300957
2006-03-30,NIFTY 50,3354.25,3433.85,3354.25,3418.95,0.019120194475728925,0.00919709133871726
2006-03-31,NIFTY 50,3420.55,3425.45,3381.90,3402.55,-0.004808335878457515,0.009366075083198045
2006-04-03,NIFTY 50,3403.15,3478.25,3402.45,3473.3,0.020580000169415916,0.009998114970617113
2006-04-04,NIFTY 50,3473.10,3508.25,3463.85,3483.15,0.002831906096595195,0.009795075907239839
2006-04-05,NIFTY 50,3483.15,3513.95,3483.15,3510.9,0.007935358088020312,0.009690689751210062
2006-04-07,NIFTY 50,3525.60,3555.50,3445.90,3454.8,-0.01610784644269968,0.00904448384549893
2006-04-10,NIFTY 50,3455.00,3489.05,3430.40,3478.45,0.006822223842471727,0.009047398377120024
2006-04-12,NIFTY 50,3479.10,3484.65,3366.75,3380.0,-0.02871108277153774,0.011377872585925904
2006-04-13,NIFTY 50,3380.40,3391.05,3290.35,3345.5,-0.010259550254192777,0.011729065894593028
2006-04-17,NIFTY 50,3342.15,3433.65,3342.15,3425.15,0.023529107134891855,0.012599741988770445
2006-04-18,NIFTY 50,3429.00,3521.95,3429.00,3518.1,0.02677580477736508,0.013583374899241158
2006-04-19,NIFTY 50,3523.65,3570.50,3502.75,3535.85,0.0050326519081376345,0.013575731816164094
2006-04-20,NIFTY 50,3539.80,3578.35,3527.25,3573.5,0.010591784616767328,0.013594819780738714
2006-04-21,NIFTY 50,3576.75,3592.75,3517.10,3573.05,-0.00012593489182742063,0.013577019463149997
2006-04-24,NIFTY 50,3572.80,3585.35,3536.30,3548.9,-0.006781876469941302,0.013575657212914101
2006-04-25,NIFTY 50,3548.80,3552.65,3433.55,3462.65,-0.024603504441372347,0.015061480414366868
2006-04-26,NIFTY 50,3462.65,3562.30,3454.10,3555.75,0.026531819593444812,0.015884622874886845
2006-04-27,NIFTY 50,3554.70,3598.95,3492.75,3508.1,-0.013491431093180092,0.016210020909048543
2006-04-28,NIFTY 50,3507.45,3517.65,3342.85,3508.35,7.126110785533554e-05,0.01621661236443884
2006-04-29,NIFTY 50,3508.35,3565.75,3508.35,3557.6,0.013940318731473954,0.016359818016420526
2006-05-02,NIFTY 50,3557.55,3622.05,3556.90,3605.45,0.013360429362048207,0.016108838936263283
2006-05-03,NIFTY 50,3604.40,3640.80,3581.40,3634.25,0.007956172747899332,0.016050310434918134
2006-05-04,NIFTY 50,3630.65,3674.50,3621.55,3648.4,0.0038859529995690307,0.01552967091389877
2006-05-05,NIFTY 50,3649.45,3676.55,3639.55,3663.95,0.004253085106696405,0.015534716780422252
2006-05-08,NIFTY 50,3668.65,3708.55,3668.65,3693.15,0.007937951999240172,0.015534764292268046
2006-05-09,NIFTY 50,3694.65,3725.40,3655.65,3720.55,0.007391754388963131,0.014927698841740581
2006-05-10,NIFTY 50,3720.75,3758.05,3717.25,3754.25,0.009017024759486727,0.01495985118778522
2006-05-11,NIFTY 50,3755.80,3774.15,3687.90,3701.05,-0.014271968403292049,0.013593557407084842
2006-05-12,NIFTY 50,3704.15,3704.15,3633.85,3650.05,-0.01387569704424927,0.01382284008530777
2006-05-15,NIFTY 50,3651.00,3653.00,3482.85,3502.95,-0.04113539549710354,0.0164207215389924
2006-05-16,NIFTY 50,3502.95,3543.50,3382.40,3523.3,0.005792579797737793,0.01532951409600915
2006-05-17,NIFTY 50,3525.05,3641.85,3525.05,3635.1,0.03123857049210352,0.016822914633920594
2006-05-18,NIFTY 50,3636.45,3636.45,3365.90,3388.9,-0.07013123596315315,0.023034364997568266
2006-05-19,NIFTY 50,3391.85,3493.05,3205.25,3246.9,-0.04280468997322295,0.024704400441844864
2006-05-22,NIFTY 50,3254.30,3313.90,2896.40,3081.35,-0.052332882343786837,0.026900228452652112
2006-05-23,NIFTY 50,3068.60,3221.05,2997.35,3199.35,0.03757985152971749,0.028322263322008438
2006-05-24,NIFTY 50,3203.50,3249.75,3091.60,3115.55,-0.026541962511328225,0.027797023965794684
2006-05-25,NIFTY 50,3114.70,3198.35,3012.95,3177.7,0.01975196300390568,0.028352134588760285
2006-05-26,NIFTY 50,3177.70,3277.95,3177.70,3209.6,0.009988654119897912,0.028530664362808163
2006-05-29,NIFTY 50,3207.25,3255.25,3193.15,3214.9,0.001649934221290893,0.028244636802681806
2006-05-30,NIFTY 50,3215.50,3252.10,3167.05,3185.3,-0.009249776895623545,0.02791896951173273
2006-05-31,NIFTY 50,3181.95,3181.95,2972.90,3071.05,-0.036526953443418386,0.028498145916034646
2006-06-01,NIFTY 50,3072.55,3130.00,2936.60,2962.25,-0.03607040795301597,0.02898646880540313
2006-06-02,NIFTY 50,2961.50,3099.35,2940.20,3091.35,0.042658773988777744,0.031197306824537415
2006-06-05,NIFTY 50,3092.60,3125.40,3006.40,3016.65,-0.024460944536905598,0.031140126666609154
2006-06-06,NIFTY 50,3015.05,3015.05,2910.30,2937.3,-0.026656152120586113,0.03106317065316523
2006-06-07,NIFTY 50,2935.25,2956.90,2819.45,2860.45,-0.026511836933952225,0.030823873897343684
2006-06-08,NIFTY 50,2856.90,2859.40,2683.20,2724.35,-0.048749087560239136,0.03181194563827333
2006-06-09,NIFTY 50,2721.20,2875.75,2707.85,2866.3,0.05079213188200627,0.03508451701556515
2006-06-12,NIFTY 50,2867.65,2877.80,2761.85,2776.85,-0.031704807692254935,0.03473518292097933
2006-06-13,NIFTY 50,2773.60,2773.60,2638.10,2663.3,-0.04175123635436173,0.03510610205589565
2006-06-14,NIFTY 50,2665.05,2767.75,2595.65,2632.8,-0.011518036740203401,0.03347054718043619
2006-06-15,NIFTY 50,2634.10,2814.15,2634.10,2798.8,0.06114283524261155,0.03515262828020465
2006-06-16,NIFTY 50,2799.85,2960.15,2799.85,2890.35,0.0321868481682791,0.03541907101673204
2006-06-19,NIFTY 50,2892.00,2932.90,2846.50,2916.9,0.009143806443700213,0.033800285391987255
2006-06-20,NIFTY 50,2919.00,2919.00,2837.45,2861.3,-0.01924534148976838,0.03259943784534309
2006-06-21,NIFTY 50,2861.40,2930.80,2836.40,2923.45,0.02148835868776356,0.032743045926440575
2006-06-22,NIFTY 50,2923.75,3017.65,2923.75,2994.75,0.024096329929723905,0.03291714604970513
2006-06-23,NIFTY 50,2993.55,3063.20,2920.20,3042.7,0.015884523504718966,0.033065325352136174
2006-06-25,NIFTY 50,3043.15,3083.00,3035.95,3050.3,0.002494667303943691,0.03307167291458584
2006-06-26,NIFTY 50,3051.80,3059.85,2928.00,2943.2,-0.03574252162953844,0.03387175159041403
2006-06-27,NIFTY 50,2943.60,3004.15,2899.25,2982.45,0.013247685581635226,0.03317377409827692
2006-06-28,NIFTY 50,2982.20,3003.65,2909.60,2981.1,-0.0004527504667724885,0.032158697641831595
2006-06-29,NIFTY 50,2982.90,3049.25,2982.90,2997.9,0.005619683630426003,0.030621771395659414
2006-06-30,NIFTY 50,2993.50,3134.15,2993.50,3128.2,0.04254571570428764,0.031630392515284
2006-07-03,NIFTY 50,3128.75,3160.35,3114.85,3150.95,0.007246235412816162,0.030924814970316846
2006-07-04,NIFTY 50,3151.05,3177.40,3130.30,3138.65,-0.003911223505503251,0.030173824555956345
2006-07-05,NIFTY 50,3136.95,3201.20,3121.80,3197.1,0.01845137774756606,0.027542508382221418
2006-07-06,NIFTY 50,3197.50,3197.50,3138.40,3156.4,-0.012812011248140237,0.025968599801240822
2006-07-07,NIFTY 50,3157.95,3193.10,3056.30,3075.85,-0.025850851839767413,0.025565103207190853
2006-07-10,NIFTY 50,3077.10,3147.70,3064.10,3142.0,0.021278254008453894,0.023265416720513115
2006-07-11,NIFTY 50,3145.30,3146.00,3100.40,3116.15,-0.008261274344273572,0.02313067415879854
2006-07-12,NIFTY 50,3124.95,3201.35,3078.25,3195.9,0.025270472813968724,0.020007857327790327
2006-07-13,NIFTY 50,3196.30,3208.85,3148.95,3169.3,-0.00835799498757746,0.019324898336821238
2006-07-14,NIFTY 50,3166.25,3166.25,3089.55,3123.35,-0.014604599568267661,0.019756237571007494
2006-07-17,NIFTY 50,3123.65,3125.10,2999.35,3007.55,-0.037780349914871045,0.021253377495599655
2006-07-18,NIFTY 50,3007.15,3038.25,2967.95,2993.65,-0.004632415135965772,0.020822838370183245
2006-07-19,NIFTY 50,2995.85,3045.35,2919.95,2932.75,-0.02055282929274988,0.020629918798434226
2006-07-20,NIFTY 50,2943.65,3041.25,2943.65,3023.05,0.030325706117911574,0.0214885424447852
2006-07-21,NIFTY 50,3025.10,3029.10,2930.15,2945.0,-0.026157438418054176,0.022232940196918387
2006-07-24,NIFTY 50,2944.90,2996.65,2878.25,2985.85,0.013775646324330025,0.020970367581817036
2006-07-25,NIFTY 50,2989.50,3046.95,2987.15,3040.5,0.018137512150147278,0.02115184159579559
2006-07-26,NIFTY 50,3040.45,3121.40,3022.70,3110.15,0.02264898096126741,0.021694240825127907
2006-07-27,NIFTY 50,3109.85,3167.10,3109.85,3156.15,0.014681973831998981,0.021865173169388834
2006-07-28,NIFTY 50,3158.00,3168.50,3109.45,3130.8,-0.008064367422747824,0.01982927127154411
2006-07-31,NIFTY 50,3131.35,3179.70,3110.60,3143.2,0.003952826313566919,0.019779904984505364
2006-08-01,NIFTY 50,3128.20,3154.70,3113.60,3147.8,0.0014624068732505908,0.01976222961162505
2006-08-02,NIFTY 50,3129.45,3187.85,3127.90,3182.1,0.010837560062033574,0.019462089900890572
2006-08-03,NIFTY 50,3182.55,3234.25,3175.15,3190.0,0.002479560599356086,0.019241110335932326
2006-08-04,NIFTY 50,3189.70,3228.15,3161.80,3176.75,-0.004162255194246493,0.018262355158130857
2006-08-07,NIFTY 50,3176.70,3178.50,3142.55,3151.1,-0.008107063374104894,0.01777252808288552
2006-08-08,NIFTY 50,3151.55,3216.75,3151.55,3212.4,0.01926672310376825,0.01814923444849375
2006-08-09,NIFTY 50,3211.55,3267.20,3187.85,3254.6,0.013051058912206814,0.01750178738882754
2006-08-10,NIFTY 50,3254.60,3274.75,3229.45,3260.1,0.0016884895104017392,0.017365425043118363
2006-08-11,NIFTY 50,3260.05,3286.50,3236.95,3274.35,0.00436150635156546,0.016957797000129674
2006-08-14,NIFTY 50,3274.95,3317.80,3269.15,3313.1,0.011764930879034454,0.014175912546257675
2006-08-16,NIFTY 50,3314.75,3377.10,3314.75,3356.05,0.012880380197512338,0.014100825384805515
2006-08-17,NIFTY 50,3359.70,3385.15,3328.60,3353.9,-0.0006408393724482366,0.012790750885084697
2006-08-18,NIFTY 50,3354.50,3366.25,3332.20,3356.75,0.0008493961602378317,0.011565866489101474
2006-08-21,NIFTY 50,3356.80,3374.90,3332.90,3366.0,0.002751851797933923,0.008945711599016906
2006-08-22,NIFTY 50,3369.60,3398.35,3351.50,3364.6,-0.00041601046569131415,0.008916122233621227
2006-08-23,NIFTY 50,3363.60,3369.65,3325.10,3335.8,-0.008596554641987133,0.008999748382884806
2006-08-24,NIFTY 50,3336.65,3379.55,3304.85,3370.4,0.010318901021733893,0.00807564232308437
2006-08-25,NIFTY 50,3368.55,3402.70,3368.55,3385.95,0.004603085232889548,0.007679937107882826
2006-08-28,NIFTY 50,3386.00,3405.30,3377.75,3401.1,0.00446439179396628,0.007180534432195428
2006-08-29,NIFTY 50,3405.05,3434.95,3396.10,3425.7,0.007206921684049294,0.007212852458197673
2006-08-30,NIFTY 50,3425.80,3440.20,3407.75,3430.35,0.0013564663947902226,0.007215087072991167
2006-08-31,NIFTY 50,3404.50,3452.30,3403.65,3413.9,-0.004806963999181902,0.007316120518040528
2006-09-01,NIFTY 50,3414.00,3439.50,3402.90,3435.45,0.006292588671619006,0.007337349818651368
2006-09-04,NIFTY 50,3435.55,3483.10,3435.55,3476.85,0.011978789995856606,0.0073139700002494016
2006-09-05,NIFTY 50,3471.40,3488.60,3457.90,3473.75,-0.0008920093820823188,0.0068199724291839936
2006-09-06,NIFTY 50,3474.40,3490.70,3465.80,3477.25,0.0010070494305260034,0.0059598046882336385
2006-09-07,NIFTY 50,3477.15,3478.85,3438.80,3454.55,-0.006549548788479168,0.005997833659612103
2006-09-08,NIFTY 50,3454.65,3477.95,3442.85,3471.45,0.004880171395020307,0.0060040871591340965
2006-09-11,NIFTY 50,3470.35,3486.65,3351.30,3366.15,-0.030802716056085432,0.009662115279298339
2006-09-12,NIFTY 50,3363.30,3395.05,3328.45,3389.9,0.007030764376636922,0.00945003619626832
2006-09-13,NIFTY 50,3389.85,3470.65,3389.80,3454.55,0.018891780284428276,0.009926501016015998
2006-09-14,NIFTY 50,3454.60,3484.00,3454.60,3471.6,0.004923380071329241,0.00994288449856327
2006-09-15,NIFTY 50,3471.65,3487.45,3434.55,3478.6,0.0020143312039630976,0.009940899648167068
2006-09-18,NIFTY 50,3478.65,3506.20,3478.40,3492.75,0.004059477556543432,0.009951902351661459
2006-09-19,NIFTY 50,3493.50,3514.95,3438.80,3457.35,-0.010186991880733002,0.010302561581346984
2006-09-20,NIFTY 50,3457.85,3509.85,3419.75,3502.8,0.013060248998206216,0.010339090858041763
2006-09-21,NIFTY 50,3506.70,3556.35,3506.70,3553.05,0.014243740888631128,0.010531907720397074
2006-09-22,NIFTY 50,3554.05,3562.45,3525.40,3544.05,-0.0025362485591063884,0.01058269189499005
2006-09-25,NIFTY 50,3545.10,3568.65,3514.85,3523.45,-0.005829517746848687,0.01072038181798001
2006-09-26,NIFTY 50,3523.70,3576.75,3517.15,3571.75,0.013615048514521881,0.010984041875768213
2006-09-27,NIFTY 50,3571.75,3603.70,3568.40,3579.3,0.002111578804596818,0.010982694556105932
2006-09-28,NIFTY 50,3579.95,3589.30,3560.75,3571.75,-0.002111578804596927,0.010909445205927485
2006-09-29,NIFTY 50,3572.15,3599.80,3564.70,3588.4,0.004650748939860965,0.010883650418449676
2006-10-03,NIFTY 50,3588.95,3606.20,3561.70,3569.6,-0.005252876006860425,0.010748161199304924
2006-10-04,NIFTY 50,3570.95,3580.05,3508.65,3515.35,-0.015314451133122534,0.011369957014025961
2006-10-05,NIFTY 50,3515.60,3574.95,3515.60,3564.9,0.0139969094189449,0.011759075758631912
2006-10-06,NIFTY 50,3565.45,3583.75,3560.90,3569.7,0.0013455556651271491,0.011615290323480057
2006-10-09,NIFTY 50,3570.05,3585.35,3540.45,3567.15,-0.0007146010098331701,0.011600496411552709
2006-10-10,NIFTY 50,3567.45,3597.20,3563.10,3571.05,0.001092712557243306,0.008800841225112113
2006-10-11,NIFTY 50,3581.55,3614.50,3544.25,3558.55,-0.003506511671886022,0.008859186023985506
2006-10-12,NIFTY 50,3562.55,3626.80,3545.95,3621.05,0.01741088050580288,0.008719422606491585
2006-10-13,NIFTY 50,3621.65,3682.35,3621.65,3676.05,0.015074767113553171,0.009161160112583626
2006-10-16,NIFTY 50,3668.90,3729.70,3668.90,3723.95,0.012946126759523786,0.009430143270265168
2006-10-17,NIFTY 50,3726.40,3742.50,3691.35,3715.0,-0.0024062547317620143,0.009517054137303737
2006-10-18,NIFTY 50,3715.20,3727.00,3701.30,3710.65,-0.0011716147401497783,0.00905779942319116
2006-10-19,NIFTY 50,3711.10,3726.95,3655.05,3677.8,-0.008892316104956893,0.009172192462868973
2006-10-20,NIFTY 50,3678.75,3714.25,3665.50,3676.85,-0.0002583399632297611,0.008753408154810492
2006-10-21,NIFTY 50,3680.85,3708.40,3662.85,3683.5,0.0018069797793451514,0.00869614193017632
2006-10-23,NIFTY 50,3683.40,3690.85,3651.20,3657.3,-0.007138216883658026,0.008762271779933996
2006-10-26,NIFTY 50,3656.20,3686.85,3651.20,3677.55,0.00552159933702087,0.008369085040858808
2006-10-27,NIFTY 50,3676.85,3747.35,3674.80,3739.35,0.016665029936490133,0.00903496510105441
2006-10-30,NIFTY 50,3739.35,3776.05,3719.45,3769.1,0.007924446639108068,0.009062302343919016
2006-10-31,NIFTY 50,3770.50,3782.85,3726.75,3744.1,-0.0066549785093271046,0.009283409942103455
2006-11-01,NIFTY 50,3744.10,3777.70,3737.00,3767.05,0.0061109341231183265,0.009155035122464295
2006-11-02,NIFTY 50,3769.40,3805.50,3761.90,3791.2,0.006390389887757896,0.00813818940070549
2006-11-03,NIFTY 50,3793.05,3809.65,3771.00,3805.35,0.003725379643392251,0.007775321623873799
2006-11-06,NIFTY 50,3804.75,3822.40,3798.25,3809.25,0.0010243480526931923,0.00777982240433951
2006-11-07,NIFTY 50,3812.15,3840.45,3789.40,3798.75,-0.002760254118461302,0.007847805198166106
2006-11-08,NIFTY 50,3799.20,3809.95,3737.20,3777.3,-0.005662596555238254,0.008082653602038315
2006-11-09,NIFTY 50,3777.80,3808.20,3769.80,3796.4,0.0050437805805725,0.007956247133746219
2006-11-10,NIFTY 50,3796.05,3842.40,3785.40,3834.75,0.010050994371881195,0.0074180766494716475
2006-11-13,NIFTY 50,3834.80,3862.05,3834.00,3858.75,0.006239053188150757,0.006897624365800484
2006-11-14,NIFTY 50,3862.00,3883.00,3850.75,3865.9,0.0018512170886508983,0.006437768761211018
2006-11-15,NIFTY 50,3865.95,3888.80,3838.25,3876.3,0.0026865764912643087,0.006359953585245351
2006-11-16,NIFTY 50,3876.40,3900.40,3863.85,3876.85,0.00014187781764123483,0.006330833932706865
2006-11-17,NIFTY 50,3877.00,3891.85,3835.70,3852.8,-0.006222811539478231,0.00610912525657472
2006-11-20,NIFTY 50,3852.65,3866.95,3794.30,3856.15,0.0008691197143252865,0.006089208942742778
2006-11-21,NIFTY 50,3859.50,3921.70,3856.75,3918.25,0.01597584914540498,0.006801522779545305
2006-11-22,NIFTY 50,3918.30,3960.00,3909.60,3954.75,0.009272262544511446,0.006485296147246668
2006-11-23,NIFTY 50,3955.30,3976.80,3933.70,3945.45,-0.002354371862959628,0.0066199844304251285
2006-11-24,NIFTY 50,3945.45,3965.80,3935.30,3950.85,0.001367729402836146,0.005860984513135498
2006-11-27,NIFTY 50,3974.95,3974.95,3948.85,3968.9,0.0045582325838035,0.005751916223809304
2006-11-28,NIFTY 50,3966.00,3966.00,3911.55,3921.75,-0.011950995466019236,0.006295766342875247
2006-11-29,NIFTY 50,3922.50,3952.40,3920.00,3928.2,0.0016433229387509392,0.006233045204304291
2006-11-30,NIFTY 50,3929.40,3973.00,3929.40,3954.5,0.006672865284371298,0.006243603009663813
2006-12-01,NIFTY 50,3955.70,4001.30,3953.95,3997.6,0.010840010070523291,0.006536383752786597
2006-12-04,NIFTY 50,4002.40,4015.25,3991.55,4001.0,0.0008501488272398338,0.006538519257338568
2006-12-05,NIFTY 50,4001.25,4033.20,4001.25,4015.75,0.003679799580640541,0.006425738772074557
2006-12-06,NIFTY 50,4016.00,4036.20,3982.50,4015.95,4.980265698190071e-05,0.006151955637330234
2006-12-07,NIFTY 50,4015.00,4027.70,4001.40,4015.35,-0.00014941541247769218,0.006173519766729341
2006-12-08,NIFTY 50,4015.75,4046.85,3948.70,3962.0,-0.013375568423883611,0.006905121810772063
2006-12-11,NIFTY 50,3961.90,3965.05,3798.30,3849.5,-0.02880567854039195,0.009596519652058376
2006-12-12,NIFTY 50,3849.10,3861.25,3661.60,3716.9,-0.03505328219948938,0.012350414236059317
2006-12-13,NIFTY 50,3716.75,3777.60,3657.65,3765.2,0.012910993154450177,0.012757985334025486
2006-12-14,NIFTY 50,3765.70,3855.05,3763.50,3843.05,0.02046534147588923,0.013668666386360787
2006-12-15,NIFTY 50,3849.60,3908.45,3845.45,3888.65,0.011795731528136445,0.013859781040630027
2006-12-18,NIFTY 50,3888.20,3934.00,3828.15,3928.75,0.010259255434686424,0.014032234043830045
2006-12-19,NIFTY 50,3928.85,3931.90,3783.45,3832.0,-0.02493444902102621,0.014690295117648525
2006-12-20,NIFTY 50,3832.15,3886.10,3787.55,3815.55,-0.004302038004519706,0.014497542805000922
2006-12-21,NIFTY 50,3814.75,3851.20,3768.80,3833.5,0.004693401912717715,0.014568624508007617
2006-12-22,NIFTY 50,3834.90,3880.15,3823.40,3871.15,0.009773396505035616,0.014773666032403232
2006-12-26,NIFTY 50,3871.30,3946.10,3870.45,3940.5,0.017755998289719476,0.015320519065950932
2006-12-27,NIFTY 50,3942.75,3986.75,3937.70,3974.25,0.008528432247276918,0.015188798354529883
2006-12-28,NIFTY 50,3974.20,3997.35,3961.95,3970.55,-0.0009314269125708024,0.015190980378862004
2006-12-29,NIFTY 50,3971.65,3991.60,3960.45,3966.4,-0.0010457418474842392,0.01512477284889532
2007-01-02,NIFTY 50,3966.25,4016.65,3964.95,4007.4,0.01028376967871924,0.015104579447394573
2007-01-03,NIFTY 50,4007.70,4029.80,3985.00,4024.05,0.004146206190050673,0.015130895768421568
2007-01-04,NIFTY 50,4027.30,4041.00,3979.80,3988.8,-0.008798424380402601,0.015240510977694298
2007-01-05,NIFTY 50,3990.15,4011.45,3969.65,3983.4,-0.001354707816124789,0.015241872188210652
2007-01-08,NIFTY 50,3983.30,3987.45,3913.00,3933.4,-0.01263153415861509,0.01548439562320771
2007-01-09,NIFTY 50,3933.30,3963.75,3890.75,3911.4,-0.005608825636004867,0.015254189940612435
2007-01-10,NIFTY 50,3910.95,3911.95,3841.70,3850.3,-0.015744298834564074,0.014230231538983925
2007-01-11,NIFTY 50,3852.15,3953.10,3833.60,3942.25,0.0236005589617117,0.012570876171850312
2007-01-12,NIFTY 50,3944.55,4059.15,3944.55,4052.45,0.02757001018509617,0.013570272519225436
2007-01-15,NIFTY 50,4052.85,4099.65,4052.40,4078.4,0.006383118151058476,0.013006932570516137
2007-01-16,NIFTY 50,4090.70,4107.45,4067.90,4080.5,0.0005147752874464766,0.012847773821472952
2007-01-17,NIFTY 50,4084.90,4096.75,4071.55,4076.45,-0.000993018305323472,0.012731708740841192
2007-01-18,NIFTY 50,4075.20,4140.25,4075.20,4109.05,0.007965346616206726,0.011111905779179296
2007-01-19,NIFTY 50,4126.00,4137.15,4058.35,4090.15,-0.004610214039212146,0.011123487638151155
2007-01-22,NIFTY 50,4089.60,4114.50,4069.95,4102.45,0.0030027120185740592,0.011120163434290446
2007-01-23,NIFTY 50,4102.65,4105.10,4056.45,4066.1,-0.008900047117913352,0.011337819210650558
2007-01-24,NIFTY 50,4066.60,4098.25,4065.75,4089.9,0.005836210778564292,0.010791379794847032
2007-01-25,NIFTY 50,4092.05,4157.95,4090.10,4147.7,0.014033443862144996,0.011037796468661232
2007-01-29,NIFTY 50,4148.40,4167.15,4115.75,4124.45,-0.0056212861765697,0.01115557856630385
2007-01-31,NIFTY 50,4123.85,4137.85,4068.55,4082.7,-0.010174143311387317,0.011464954596563019
2007-02-01,NIFTY 50,4083.40,4141.60,4081.10,4137.2,0.013260696269267005,0.01160422409939934
2007-02-02,NIFTY 50,4140.20,4198.70,4132.95,4183.5,0.01112898623200472,0.011788640733020259
2007-02-05,NIFTY 50,4193.15,4219.00,4170.00,4215.35,0.007584408026368724,0.011570146325888136
2007-02-06,NIFTY 50,4216.55,4228.15,4186.15,4195.9,-0.004624766750989277,0.011654184985915056
2007-02-07,NIFTY 50,4198.20,4232.30,4192.85,4224.25,0.006733872229726412,0.011114174951012265
2007-02-08,NIFTY 50,4232.00,4245.30,4188.45,4223.4,-0.0002012393986183288,0.010943673720984816
2007-02-09,NIFTY 50,4223.50,4239.20,4171.80,4187.4,-0.008560474590979984,0.010370002182106137
2007-02-12,NIFTY 50,4187.20,4187.20,4044.35,4058.3,-0.03131584955457274,0.012089610716484468
2007-02-13,NIFTY 50,4069.10,4132.70,3998.30,4044.55,-0.0033938708474468763,0.010438602307409959
2007-02-14,NIFTY 50,4044.90,4057.35,3965.20,4047.1,0.0006302793829232238,0.010329313593108581
2007-02-15,NIFTY 50,4046.80,4155.70,4046.80,4146.2,0.024191676866947526,0.011703313136672083
2007-02-19,NIFTY 50,4149.25,4177.70,4149.25,4164.55,0.00441597444755544,0.011722213461056598
2007-02-20,NIFTY 50,4164.85,4175.45,4099.55,4106.95,-0.01392756600061535,0.01206162171306239
2007-02-21,NIFTY 50,4107.15,4132.80,4080.90,4096.2,-0.0026209458936624825,0.012029986140033795
2007-02-22,NIFTY 50,4096.65,4126.90,4023.15,4040.0,-0.013815022697093868,0.012396674652529912
2007-02-23,NIFTY 50,4046.00,4065.45,3918.20,3938.95,-0.025330501641904014,0.013462609084210453
2007-02-26,NIFTY 50,3939.10,3958.90,3856.70,3942.0,0.0007740183993738078,0.013362888194481577
2007-02-27,NIFTY 50,3948.05,3958.00,3873.85,3893.9,-0.012276982644426154,0.013008168050531193
2007-02-28,NIFTY 50,3893.40,3893.40,3674.85,3745.3,-0.0389095055162197,0.01527259471700931
2007-03-01,NIFTY 50,3745.40,3818.75,3718.15,3811.2,0.017442379608961285,0.01599455402252057
2007-03-02,NIFTY 50,3811.65,3842.05,3711.05,3726.75,-0.02240756001044128,0.01602281560274855
2007-03-05,NIFTY 50,3726.50,3726.65,3554.50,3576.5,-0.04115187160210112,0.017418373701831656
2007-03-06,NIFTY 50,3577.15,3679.15,3576.65,3655.65,0.021889247401326438,0.018353584661760892
2007-03-07,NIFTY 50,3661.55,3714.15,3568.55,3626.85,-0.007909413015035486,0.018344747683581818
2007-03-08,NIFTY 50,3627.25,3779.50,3626.80,3761.65,0.0364931879788131,0.02060903573687757
2007-03-09,NIFTY 50,3761.85,3795.70,3684.25,3718.0,-0.011671801632153311,0.020604657468003367
2007-03-12,NIFTY 50,3717.45,3781.45,3713.90,3734.6,0.0044548285035902685,0.02073703294408046
2007-03-13,NIFTY 50,3735.25,3775.85,3717.15,3770.55,0.009580161610535364,0.020086589046101333
2007-03-14,NIFTY 50,3768.40,3768.40,3623.00,3641.1,-0.03493504561508937,0.021266705792920677
2007-03-15,NIFTY 50,3644.90,3711.05,3630.55,3643.6,0.0006863700902292437,0.02126752633407705
2007-03-16,NIFTY 50,3639.35,3683.60,3573.85,3608.55,-0.009666174281397596,0.020116924461541744
2007-03-19,NIFTY 50,3611.30,3683.35,3602.85,3678.9,0.01930776484683289,0.02082274753033169
2007-03-20,NIFTY 50,3680.35,3725.00,3676.65,3697.6,0.005070166084026124,0.020884890758442028
2007-03-21,NIFTY 50,3697.70,3771.20,3680.60,3764.55,0.0179443716582142,0.021517811628328398
2007-03-22,NIFTY 50,3764.50,3881.00,3764.50,3875.9,0.029149561705904287,0.022625798472572338
2007-03-23,NIFTY 50,3876.75,3901.75,3850.80,3861.05,-0.003838726690899142,0.021963767499614536
2007-03-26,NIFTY 50,3863.45,3885.45,3768.25,3819.95,-0.010701833683612317,0.022064685898697076
2007-03-28,NIFTY 50,3818.75,3830.30,3752.95,3761.1,-0.015525865719634331,0.022159397830706758
2007-03-29,NIFTY 50,3759.15,3805.85,3750.35,3798.1,0.009789473882705766,0.020470811393662604
2007-03-30,NIFTY 50,3788.85,3832.20,3785.30,3821.55,0.006155157792142148,0.020137826134174346
2007-04-02,NIFTY 50,3820.00,3820.00,3617.00,3633.6,-0.050432207113643095,0.02261200053488964
2007-04-03,NIFTY 50,3633.85,3703.05,3632.20,3690.65,0.015578701931896682,0.020833488245700294
2007-04-04,NIFTY 50,3689.75,3751.40,3689.75,3733.25,0.011476573654187396,0.020425108748734513
2007-04-05,NIFTY 50,3735.20,3771.45,3709.15,3752.0,0.00500986318873724,0.02033091183574669
2007-04-09,NIFTY 50,3752.90,3850.90,3747.25,3843.5,0.024094378663071434,0.01938085831525314
2007-04-10,NIFTY 50,3844.15,3858.35,3819.30,3848.15,0.0012091035256410188,0.019147548598717257
2007-04-11,NIFTY 50,3848.35,3876.35,3844.75,3862.65,0.00376096308857225,0.01914296127343371
2007-04-12,NIFTY 50,3861.85,3861.85,3811.25,3829.85,-0.008527838486518738,0.019178116603969186
2007-04-13,NIFTY 50,3830.35,3924.55,3828.45,3917.35,0.022589766854633965,0.017804230491079393
2007-04-16,NIFTY 50,3920.50,4016.80,3920.50,4013.35,0.024210899238484355,0.01836589278243941
2007-04-17,NIFTY 50,4014.40,4030.00,3976.25,3984.95,-0.0071015389158421115,0.0182680251948701
2007-04-18,NIFTY 50,3989.60,4039.25,3981.75,4011.6,0.00666539911989574,0.017961620474746344
2007-04-19,NIFTY 50,3998.50,4011.00,3933.35,3997.65,-0.0034834757577734544,0.01804468211092092
2007-04-20,NIFTY 50,4000.25,4090.05,3995.50,4083.55,0.02126001966527645,0.018195096495073053
2007-04-23,NIFTY 50,4083.55,4122.35,4075.20,4085.1,0.00037949967708304923,0.01721878022126738
2007-04-24,NIFTY 50,4085.10,4162.15,4057.70,4141.8,0.013784268138845701,0.01732102778888528
2007-04-25,NIFTY 50,4134.25,4173.30,4114.35,4167.3,0.006137868133968388,0.01700016625589399
2007-04-26,NIFTY 50,4170.05,4217.90,4143.25,4177.85,0.00252841605493336,0.016356266608398083
2007-04-27,NIFTY 50,4182.00,4182.00,4074.30,4083.5,-0.02284229632805622,0.017469716176442985
2007-04-30,NIFTY 50,4081.60,4096.90,4028.90,4087.9,0.001076926946483913,0.017467875230492858
2007-05-03,NIFTY 50,4089.45,4161.20,4080.75,4150.85,0.015281741784433618,0.012201951860905226
2007-05-04,NIFTY 50,4168.90,4180.90,4109.70,4117.35,-0.00810338001353191,0.012437157290265673
2007-05-07,NIFTY 50,4117.50,4157.65,4103.60,4111.15,-0.0015069578108550389,0.012445997983865234
2007-05-08,NIFTY 50,4111.25,4136.05,4066.40,4077.0,-0.008341370885607631,0.012788685085521511
2007-05-09,NIFTY 50,4077.25,4087.80,4030.55,4079.3,0.0005639812319225549,0.011909806908121129
2007-05-10,NIFTY 50,4079.60,4134.20,4057.55,4066.8,-0.0030689556501698463,0.01198143387657257
2007-05-11,NIFTY 50,4070.20,4094.65,3981.15,4076.65,0.0024191232963045933,0.011979309397884046
2007-05-14,NIFTY 50,4078.80,4151.30,4072.45,4134.3,0.014042454851898473,0.011929320508780872
2007-05-15,NIFTY 50,4134.30,4150.45,4102.45,4120.3,-0.0033920513225785673,0.011168710772318928
2007-05-16,NIFTY 50,4125.40,4181.00,4113.05,4170.95,0.012217851365498009,0.010225242414686638
2007-05-17,NIFTY 50,4172.10,4232.45,4172.10,4219.55,0.011584659680915661,0.010210663262340963
2007-05-18,NIFTY 50,4216.50,4228.45,4177.00,4214.5,-0.0011975268355071754,0.010207812665676374
2007-05-21,NIFTY 50,4217.65,4269.35,4217.55,4260.9,0.010949445117655138,0.010274947695937115
2007-05-22,NIFTY 50,4263.10,4281.60,4234.10,4278.1,0.004028580223028049,0.009361743664997124
2007-05-23,NIFTY 50,4279.60,4291.40,4231.05,4246.2,-0.007484520468426081,0.009609714031122457
2007-05-24,NIFTY 50,4246.20,4250.85,4189.05,4204.9,-0.009773953398364997,0.009524149897583599
2007-05-25,NIFTY 50,4197.85,4256.40,4141.35,4248.15,0.010233082121399712,0.00968854782848851
2007-05-28,NIFTY 50,4248.35,4295.60,4242.80,4256.55,0.0019753789625703184,0.009684626552775306
2007-05-29,NIFTY 50,4257.60,4298.85,4248.90,4293.25,0.008585048868572502,0.008032650865137173
2007-05-30,NIFTY 50,4292.70,4301.60,4241.35,4249.65,-0.010207395277875073,0.008519739124184371
2007-05-31,NIFTY 50,4250.25,4306.75,4250.25,4295.8,0.010801174584066582,0.008203497499102463
2007-06-01,NIFTY 50,4296.05,4325.80,4288.55,4297.05,0.00029093956226789694,0.007883138159105801
2007-06-04,NIFTY 50,4300.70,4362.95,4256.45,4267.05,-0.007006018778540024,0.00810953403570483
2007-06-05,NIFTY 50,4268.90,4292.50,4249.10,4284.65,0.004116146461926823,0.007755352042749282
2007-06-06,NIFTY 50,4285.75,4324.10,4190.95,4198.25,-0.020371096640700446,0.009289252327243822
2007-06-07,NIFTY 50,4197.60,4230.05,4130.50,4179.5,-0.004476149635906472,0.009330417130570734
2007-06-08,NIFTY 50,4179.50,4195.15,4126.10,4145.0,-0.008288833569815517,0.009570973016729763
2007-06-11,NIFTY 50,4183.75,4205.20,4134.95,4145.6,0.00014474223845019194,0.00905174622083409
2007-06-12,NIFTY 50,4139.70,4166.85,4100.80,4155.2,0.00231303110063839,0.009024550088215602
2007-06-13,NIFTY 50,4155.20,4161.80,4102.95,4113.05,-0.010195716175242385,0.00887299520136922
2007-06-14,NIFTY 50,4113.20,4174.05,4112.85,4170.0,0.013751190059605513,0.009042460125638892
2007-06-15,NIFTY 50,4186.40,4209.45,4153.70,4171.45,0.00034766138131964825,0.00904360280156948
2007-06-18,NIFTY 50,4177.00,4208.15,4140.25,4147.1,-0.005854402401301598,0.008696522423259627
2007-06-19,NIFTY 50,4143.85,4222.40,4136.15,4214.3,0.01607420932449562,0.009471467642244425
2007-06-20,NIFTY 50,4214.30,4257.00,4214.30,4248.65,0.008117781301765018,0.009530055592152694
2007-06-21,NIFTY 50,4248.65,4275.35,4220.10,4267.4,0.004403457071657413,0.009286690451932464
2007-06-22,NIFTY 50,4267.55,4278.85,4242.50,4252.05,-0.0036035229059288307,0.009054575590099185
2007-06-25,NIFTY 50,4251.40,4264.25,4236.30,4259.4,0.0017270857085408653,0.009051960670904378
2007-06-26,NIFTY 50,4259.40,4296.15,4250.10,4285.7,0.006155593976695127,0.0089468536651268
2007-06-27,NIFTY 50,4286.20,4294.20,4255.25,4263.95,-0.00508793855196002,0.008712255328423955
2007-06-28,NIFTY 50,4263.90,4291.40,4256.90,4282.0,0.00422422945149785,0.008408610288077949
2007-06-29,NIFTY 50,4282.40,4321.35,4280.95,4318.3,0.008441616121278134,0.008626357844977204
2007-07-02,NIFTY 50,4318.40,4346.75,4305.45,4313.75,-0.0010542108586931256,0.008464124720507716
2007-07-03,NIFTY 50,4315.05,4363.35,4313.55,4357.55,0.010102377385437327,0.008699650388924285
2007-07-04,NIFTY 50,4358.25,4386.45,4342.00,4359.3,0.0004015211971092404,0.007132406690788638
2007-07-05,NIFTY 50,4359.20,4378.55,4311.80,4353.95,-0.0012280149593610688,0.0070160368072658625
2007-07-06,NIFTY 50,4353.10,4411.00,4304.00,4384.85,0.007071938660138144,0.0066568821350645405
2007-07-09,NIFTY 50,4385.45,4427.55,4385.45,4419.4,0.007848522555467244,0.006716996000593874
2007-07-10,NIFTY 50,4419.10,4434.45,4393.00,4406.05,-0.003025343791508,0.006858581559139683
2007-07-11,NIFTY 50,4403.80,4411.45,4344.70,4387.15,-0.004298782947108938,0.006374225364363793
2007-07-12,NIFTY 50,4388.05,4451.95,4387.05,4446.15,0.013358739634267236,0.0063406338686400835
2007-07-13,NIFTY 50,4446.40,4513.90,4446.05,4504.55,0.01304944389433522,0.006666974559921621
2007-07-16,NIFTY 50,4505.95,4521.85,4495.95,4512.15,0.001685761265163649,0.006292521570443178
2007-07-17,NIFTY 50,4497.10,4550.25,4488.25,4496.75,-0.0034188446980735095,0.00585384339335597
2007-07-18,NIFTY 50,4498.65,4510.80,4452.85,4499.55,0.0006224781499976832,0.0057646170381699755
2007-07-19,NIFTY 50,4500.35,4573.00,4496.20,4562.1,0.013805652056445315,0.006258572139949366
2007-07-20,NIFTY 50,4563.75,4600.80,4553.80,4566.05,0.0008654547189846302,0.006074739554395586
2007-07-23,NIFTY 50,4564.25,4628.45,4547.20,4619.35,0.011605504003446334,0.0063145256551746425
2007-07-24,NIFTY 50,4620.05,4647.95,4609.75,4620.75,0.00030302702583586745,0.0063476422037555555
2007-07-25,NIFTY 50,4620.50,4620.50,4555.80,4588.7,-0.00696027002467573,0.006497105644399209
2007-07-26,NIFTY 50,4593.10,4624.30,4570.80,4619.8,0.006754654557339424,0.006533004556167157
2007-07-27,NIFTY 50,4618.65,4618.90,4424.25,4445.2,-0.03852655178396216,0.011402427579583912
2007-07-30,NIFTY 50,4442.35,4493.05,4403.70,4440.05,-0.0011592246873671872,0.01140366464997329
2007-07-31,NIFTY 50,4444.25,4534.20,4432.85,4528.85,0.019802406489597565,0.011982900409614129
2007-08-01,NIFTY 50,4528.85,4532.90,4339.75,4345.85,-0.041246677389074005,0.015395136138144387
2007-08-02,NIFTY 50,4356.35,4399.75,4327.00,4356.35,0.002413184044385175,0.015403300764419465
2007-08-03,NIFTY 50,4355.75,4428.10,4355.75,4401.55,0.01032220083112326,0.015498387021268554
2007-08-06,NIFTY 50,4404.05,4404.05,4267.15,4339.5,-0.014197617515856683,0.015707611130565197
2007-08-07,NIFTY 50,4341.50,4406.40,4341.50,4356.35,0.003875416684733409,0.015734520094611983
2007-08-08,NIFTY 50,4357.00,4472.15,4356.75,4462.1,0.02398495644698656,0.01662720129942028
2007-08-09,NIFTY 50,4462.25,4530.05,4390.80,4403.2,-0.013287957917049753,0.016639463085847368
2007-08-10,NIFTY 50,4393.60,4395.50,4239.20,4333.35,-0.015990634376955845,0.016663258958582092
2007-08-13,NIFTY 50,4324.65,4383.80,4324.65,4373.65,0.009256985823170163,0.01683501972344279
2007-08-14,NIFTY 50,4373.90,4394.30,4354.35,4370.2,-0.000789126112417751,0.0168299962720864
2007-08-16,NIFTY 50,4366.00,4366.00,4171.15,4178.6,-0.04483251244461573,0.019410020679153876
2007-08-17,NIFTY 50,4171.10,4171.10,4002.20,4108.05,-0.01702779884084143,0.019169428721951206
2007-08-20,NIFTY 50,4108.95,4262.60,4108.95,4209.05,0.02428850565895163,0.020247388466243254
2007-08-21,NIFTY 50,4209.55,4238.10,4058.55,4074.9,-0.03239076250970604,0.020836061753800015
2007-08-22,NIFTY 50,4081.25,4165.70,4040.15,4153.15,0.01902087595051951,0.021554836238264565
2007-08-23,NIFTY 50,4160.10,4249.85,4100.80,4114.95,-0.009240399078010752,0.02156991242933867
2007-08-24,NIFTY 50,4113.05,4201.45,4110.05,4190.15,0.01810984942900528,0.022052083363338523
2007-08-27,NIFTY 50,4193.60,4310.00,4193.60,4302.6,0.026482958318515434,0.021618611453711228
2007-08-28,NIFTY 50,4302.40,4329.15,4280.60,4320.7,0.004197935032026021,0.021657907246070696
2007-08-29,NIFTY 50,4317.70,4368.60,4226.35,4359.3,0.008894067846149689,0.02122998159872639
2007-08-30,NIFTY 50,4360.35,4422.30,4359.75,4412.3,0.012084601440511239,0.01928943254134871
2007-08-31,NIFTY 50,4412.60,4471.30,4403.00,4464.0,0.011649129625875594,0.019441085468921433
2007-09-03,NIFTY 50,4466.65,4490.55,4452.40,4474.75,0.0024052591654625433,0.019326270111207088
2007-09-04,NIFTY 50,4481.55,4501.30,4460.40,4479.25,0.0010051374533981033,0.01900054897335927
2007-09-05,NIFTY 50,4479.60,4507.75,4458.55,4475.85,-0.0007593438740763505,0.01899940528974319
2007-09-06,NIFTY 50,4475.70,4522.50,4445.55,4518.6,0.009505933529430223,0.01835663639321277
2007-09-07,NIFTY 50,4518.65,4547.75,4499.90,4509.5,-0.0020159287295982643,0.018077776184714834
2007-09-10,NIFTY 50,4506.85,4515.25,4452.95,4507.85,-0.0003659611789305134,0.017628130363104445
2007-09-11,NIFTY 50,4509.65,4538.60,4487.15,4497.05,-0.00239869519447508,0.01756724488760182
2007-09-12,NIFTY 50,4498.65,4531.50,4490.40,4496.85,-4.4474588339393745e-05,0.017563169298866983
2007-09-13,NIFTY 50,4498.05,4540.60,4498.05,4528.95,0.007112972886583033,0.013799613111604075
2007-09-14,NIFTY 50,4530.00,4582.60,4508.85,4518.0,-0.0024207065026522825,0.012989459908698663
2007-09-17,NIFTY 50,4518.45,4549.05,4482.85,4494.65,-0.00518161744746909,0.01231090910010431
2007-09-18,NIFTY 50,4494.10,4551.80,4481.55,4546.2,0.011403918584903198,0.009110677974173476
2007-09-19,NIFTY 50,4550.25,4739.00,4550.25,4732.35,0.040130188694697706,0.01163572272384035
2007-09-20,NIFTY 50,4734.85,4760.85,4721.15,4747.55,0.003206787629774148,0.011066922462428418
2007-09-21,NIFTY 50,4752.95,4855.70,4733.70,4837.55,0.018779698712080347,0.011102791744566529
2007-09-24,NIFTY 50,4837.15,4941.15,4837.15,4932.2,0.019376741760515723,0.010552750118605366
2007-09-25,NIFTY 50,4939.10,4953.90,4878.15,4938.85,0.0013473745966325024,0.010609244984502648
2007-09-26,NIFTY 50,4937.60,4980.85,4930.35,4940.5,0.00033403007593438505,0.010687842433765953
2007-09-27,NIFTY 50,4942.70,5016.40,4942.70,5000.55,0.012081365731663674,0.01068774961262967
2007-09-28,NIFTY 50,4996.45,5055.80,4996.45,5021.35,0.004150915468223931,0.010619966471667266
2007-10-01,NIFTY 50,5021.50,5089.30,5001.35,5068.95,0.009434873710318892,0.010615145391715743
2007-10-03,NIFTY 50,5069.00,5261.35,5034.15,5210.8,0.02759969927818511,0.011550176457706137
2007-10-04,NIFTY 50,5211.65,5233.10,5126.05,5208.65,-0.00041268973516167404,0.011537281770768525
2007-10-05,NIFTY 50,5208.15,5248.55,5164.50,5185.85,-0.004386942434169752,0.011829824864478257
2007-10-08,NIFTY 50,5186.25,5249.30,5024.75,5085.1,-0.01961906768140176,0.01311237153215517
2007-10-09,NIFTY 50,5062.65,5348.70,5000.95,5327.25,0.04652046257335325,0.015824057244548342
2007-10-10,NIFTY 50,5328.15,5454.70,5328.15,5441.45,0.021210411905034053,0.015860520646237865
2007-10-11,NIFTY 50,5438.90,5532.75,5424.25,5524.85,0.01521052824507424,0.0157421521714055
2007-10-12,NIFTY 50,5525.30,5549.30,5402.60,5428.25,-0.01763929932225591,0.01693331450839003
2007-10-15,NIFTY 50,5428.35,5682.65,5419.90,5670.4,0.043642863596825815,0.01836245975848573
2007-10-16,NIFTY 50,5670.65,5708.35,5578.45,5668.05,-0.00041451874526917976,0.01816633846673188
2007-10-17,NIFTY 50,5658.90,5658.90,5107.30,5559.3,-0.019372942187364985,0.019442349149259353
2007-10-18,NIFTY 50,5551.10,5736.80,5269.65,5351.0,-0.03818874172676829,0.02089947505191973
2007-10-19,NIFTY 50,5360.35,5390.85,5101.75,5215.3,-0.025686846164758553,0.022078512099792915
2007-10-22,NIFTY 50,5202.75,5247.40,5070.90,5184.0,-0.006019654114435457,0.02194202450192408
2007-10-23,NIFTY 50,5185.30,5488.50,5176.85,5473.7,0.054377845536182814,0.02452253188898742
2007-10-24,NIFTY 50,5477.60,5577.90,5419.40,5496.15,0.00409304253787557,0.024507459602310374
2007-10-25,NIFTY 50,5499.05,5605.95,5469.30,5568.95,0.013158679170614354,0.02453718602213949
2007-10-26,NIFTY 50,5564.25,5716.90,5513.35,5702.3,0.023663075930016722,0.02482357966732678
2007-10-29,NIFTY 50,5708.90,5922.50,5708.90,5905.9,0.035082249020094394,0.02561608587151337
2007-10-30,NIFTY 50,5917.55,5976.00,5833.90,5868.75,-0.0063101872703212195,0.02581448788502698
2007-10-31,NIFTY 50,5868.90,5952.25,5861.30,5900.65,0.0054208503605504285,0.02537026115630168
2007-11-01,NIFTY 50,5903.80,6011.95,5837.20,5866.45,-0.005812833459168263,0.025473053900635652
2007-11-02,NIFTY 50,5854.85,5944.75,5714.25,5932.4,0.011179172009852129,0.025378337475799543
2007-11-05,NIFTY 50,5931.90,5948.55,5819.60,5847.3,-0.014448836645102707,0.025120894718783173
2007-11-06,NIFTY 50,5847.10,5957.20,5759.95,5786.5,-0.010452397934572212,0.023584835457210237
2007-11-07,NIFTY 50,5782.40,5861.35,5744.30,5782.35,-0.0007174438562189175,0.023256649589096963
2007-11-08,NIFTY 50,5779.30,5780.80,5646.75,5698.75,-0.014563321904262402,0.023389031329547342
2007-11-09,NIFTY 50,5703.45,5794.20,5614.90,5663.25,-0.006248920176006517,0.023033164173850727
2007-11-12,NIFTY 50,5660.60,5660.60,5477.50,5617.1,-0.008182415879946094,0.0209354989427862
2007-11-13,NIFTY 50,5612.35,5758.85,5591.60,5695.4,0.013843314993121606,0.021178904303426522
2007-11-14,NIFTY 50,5703.95,5950.20,5700.05,5937.9,0.04169670402997874,0.022559635462848227
2007-11-15,NIFTY 50,5942.70,5966.95,5895.65,5912.1,-0.004354437260152394,0.020455648214495567
2007-11-16,NIFTY 50,5913.15,5948.05,5817.40,5906.85,-0.0008884038506469632,0.019212359208023364
2007-11-19,NIFTY 50,5908.05,5981.80,5893.80,5907.65,0.00013542680625025055,0.019054530306099698
2007-11-20,NIFTY 50,5911.25,5923.70,5755.80,5780.9,-0.021688741302707787,0.016410111519189294
2007-11-21,NIFTY 50,5778.80,5790.05,5530.85,5561.05,-0.03877244055176353,0.01884184209687318
2007-11-22,NIFTY 50,5564.65,5608.65,5394.35,5519.35,-0.007526839621328225,0.018682494089308065
2007-11-23,NIFTY 50,5524.30,5638.60,5514.75,5608.6,0.01604103429121762,0.01823721753028396
2007-11-26,NIFTY 50,5611.30,5772.55,5608.95,5731.7,0.021711036819760623,0.017058471223183824
2007-11-27,NIFTY 50,5729.25,5743.55,5655.60,5698.15,-0.005870610087747484,0.017052225332502394
2007-11-28,NIFTY 50,5699.55,5749.95,5595.50,5617.55,-0.01424593496124405,0.017200052156231292
2007-11-29,NIFTY 50,5617.80,5725.00,5612.10,5634.6,0.003030534262185857,0.017222933035146958
2007-11-30,NIFTY 50,5633.90,5782.55,5632.65,5762.75,0.02248863127316402,0.017853102637930253
2007-12-03,NIFTY 50,5765.45,5878.80,5754.60,5865.0,0.017587690775788836,0.01806148011076624
2007-12-04,NIFTY 50,5870.20,5897.25,5840.30,5858.35,-0.0011344881306532527,0.017892958294711332
2007-12-05,NIFTY 50,5861.90,5949.30,5859.95,5940.0,0.013841139399768122,0.018130375982989652
2007-12-06,NIFTY 50,5941.05,6027.05,5919.80,5954.7,0.0024716903299510755,0.017739618237568353
2007-12-07,NIFTY 50,5963.60,6042.10,5894.80,5974.3,0.0032861124381933465,0.017628475101282362
2007-12-10,NIFTY 50,5974.00,6015.30,5923.35,5960.6,-0.0022957889914990664,0.017486250906683112
2007-12-11,NIFTY 50,5960.40,6111.20,5960.40,6097.25,0.022666702706195606,0.01788190514909796
2007-12-12,NIFTY 50,6067.05,6175.65,6005.45,6159.3,0.010125284867296828,0.015567860755363214
2007-12-13,NIFTY 50,6159.25,6185.40,6040.40,6058.1,-0.016566915157834157,0.016055100442685693
2007-12-14,NIFTY 50,6056.20,6078.55,6015.05,6047.7,-0.0017181850945066008,0.016061905712867947
2007-12-17,NIFTY 50,6037.95,6039.95,5740.60,5777.0,-0.045793517673222005,0.019196352628400117
2007-12-18,NIFTY 50,5777.60,5874.60,5710.60,5742.3,-0.0060246898610917254,0.018623919055429067
2007-12-19,NIFTY 50,5730.25,5840.80,5676.70,5751.15,0.0015400078738885415,0.01627878697154764
2007-12-20,NIFTY 50,5751.75,5799.50,5742.75,5766.5,0.002665475871931019,0.016134267485701653
2007-12-24,NIFTY 50,5771.30,6001.05,5771.30,5985.1,0.03720773662425686,0.017708094182283394
2007-12-26,NIFTY 50,5988.45,6085.25,5988.45,6070.75,0.014209108614922032,0.01737271386881266
2007-12-27,NIFTY 50,6069.00,6110.85,6060.20,6081.5,0.001769220153318622,0.01725391517740314
2007-12-28,NIFTY 50,6079.55,6098.60,6021.90,6079.7,-0.0002960234209033614,0.016784763671987044
2007-12-31,NIFTY 50,6095.00,6167.75,6095.00,6138.6,0.00964135047536165,0.016830672130736447
2008-01-01,NIFTY 50,6136.75,6165.35,6109.85,6144.35,0.0009362572378829481,0.016284820380432916
2008-01-02,NIFTY 50,6144.70,6197.00,6060.85,6179.4,0.005688219008978768,0.0159455627437973
2008-01-03,NIFTY 50,6184.25,6230.15,6126.40,6178.55,-0.00013756326920566123,0.015934792797906952
2008-01-04,NIFTY 50,6179.10,6300.05,6179.10,6274.3,0.015378308901932581,0.015995150195720648
2008-01-07,NIFTY 50,6271.00,6289.80,6193.35,6279.1,0.000764733097635244,0.01600119684952974
2008-01-08,NIFTY 50,6282.45,6357.10,6221.60,6287.85,0.0013925417725031964,0.016002851180937444
2008-01-09,NIFTY 50,6287.55,6338.30,6231.25,6272.0,-0.0025239168324325675,0.016006573493382227
2008-01-10,NIFTY 50,6278.10,6347.00,6142.90,6156.95,-0.0185137579900783,0.015930595767839124
2008-01-11,NIFTY 50,6166.65,6224.20,6112.55,6200.1,0.00698389589520409,0.01584582729106561
2008-01-14,NIFTY 50,6208.80,6244.15,6172.00,6206.8,0.0010800442739593375,0.015338627948369548
2008-01-15,NIFTY 50,6226.35,6260.45,6053.30,6074.25,-0.021586940412120066,0.016159863106412157
2008-01-16,NIFTY 50,6065.00,6065.00,5825.75,5935.75,-0.02306513573985711,0.013299884149732969
2008-01-17,NIFTY 50,5937.95,6013.15,5880.30,5913.2,-0.003806249030417124,0.013244228288877615
2008-01-18,NIFTY 50,5907.75,5908.75,5677.00,5705.3,-0.035791572661966635,0.015646166968983154
2008-01-21,NIFTY 50,5705.00,5705.00,4977.10,5208.8,-0.0910460644423158,0.02556665952082802
2008-01-22,NIFTY 50,5203.35,5203.35,4448.50,4899.3,-0.061257165171845054,0.026458648547133524
2008-01-23,NIFTY 50,4903.05,5328.05,4891.60,5203.4,0.060219920308291756,0.030384275333825445
2008-01-24,NIFTY 50,5208.00,5357.20,4995.80,5033.45,-0.033206624384870466,0.030813566393416515
2008-01-25,NIFTY 50,5035.05,5399.25,5035.05,5383.35,0.06720522327890399,0.03524756985758271
2008-01-28,NIFTY 50,5380.95,5380.95,5071.00,5274.1,-0.020502808279194276,0.03518426781395564
2008-01-29,NIFTY 50,5279.55,5391.60,5225.25,5280.8,0.0012695527006227876,0.0351885971434915
2008-01-30,NIFTY 50,5283.75,5314.30,5142.25,5167.6,-0.021669237288414828,0.03517770313677791
2008-01-31,NIFTY 50,5172.25,5251.65,5071.15,5137.45,-0.005851516689113304,0.03512561009966216
2008-02-01,NIFTY 50,5140.60,5339.95,5090.75,5317.25,0.03439940499762151,0.03607163043841348
2008-02-04,NIFTY 50,5315.55,5545.20,5315.55,5463.5,0.027133357616145614,0.03689199933356747
2008-02-05,NIFTY 50,5463.75,5500.60,5412.95,5483.9,0.0037269166400856067,0.03692348472057657
2008-02-06,NIFTY 50,5470.40,5470.40,5257.05,5322.55,-0.029864014845646773,0.03725984580825918
2008-02-07,NIFTY 50,5322.55,5344.60,5113.85,5133.25,-0.03621352496963094,0.037724830069372814
2008-02-08,NIFTY 50,5132.10,5173.85,5034.25,5120.35,-0.0025161907634501427,0.03757125519115412
2008-02-11,NIFTY 50,5120.55,5126.40,4803.60,4857.0,-0.05280183272641314,0.03868298915444625
2008-02-12,NIFTY 50,4877.85,4949.60,4820.45,4838.25,-0.0038678782652841076,0.03866106459389449
2008-02-13,NIFTY 50,4836.55,4986.55,4836.55,4929.45,0.01867433486666134,0.03912066164426007
2008-02-14,NIFTY 50,4944.65,5220.25,4944.65,5202.0,0.0538157470614748,0.04158956736290518
2008-02-15,NIFTY 50,5202.85,5315.40,5104.75,5302.9,0.019210673700120064,0.041362150094123945
2008-02-18,NIFTY 50,5304.45,5348.60,5224.00,5276.9,-0.004915036643682034,0.035908907408554624
2008-02-19,NIFTY 50,5278.40,5368.45,5262.00,5280.8,0.0007387973095261691,0.03282725531595007
2008-02-20,NIFTY 50,5267.15,5267.15,5116.30,5154.45,-0.024217182147076573,0.03053182194502527
2008-02-21,NIFTY 50,5156.90,5241.35,5120.05,5191.8,0.007220038613263805,0.029573810253391564
2008-02-22,NIFTY 50,5183.40,5184.00,5092.80,5110.75,-0.015734293375630974,0.02540366351591862
2008-02-25,NIFTY 50,5112.25,5212.35,5055.15,5200.7,0.0174470674291791,0.02541322387212026
2008-02-26,NIFTY 50,5200.80,5281.20,5200.80,5270.05,0.013246618262138249,0.025602509404359187
2008-02-27,NIFTY 50,5271.40,5368.15,5249.75,5268.4,-0.00031313903154318515,0.02509599587948878
2008-02-28,NIFTY 50,5266.35,5302.85,5227.15,5285.1,0.0031648294763129904,0.025048021517835393
2008-02-29,NIFTY 50,5285.00,5290.80,5098.35,5223.5,-0.01172386532364166,0.023950733731529242
2008-03-03,NIFTY 50,5222.80,5222.80,4936.05,4953.0,-0.05317422168932492,0.025675170182987476
2008-03-04,NIFTY 50,4958.55,4976.70,4812.95,4864.25,-0.01808091223675228,0.025752257851919313
2008-03-05,NIFTY 50,4866.85,4936.75,4847.25,4921.4,0.011680501502914348,0.025398725209869445
2008-03-07,NIFTY 50,4918.30,4918.30,4672.25,4771.6,-0.030911364446608816,0.025069424098149502
2008-03-10,NIFTY 50,4767.80,4814.95,4620.50,4800.4,0.006017569349495352,0.025162240396800702
2008-03-11,NIFTY 50,4796.30,4888.50,4732.85,4865.9,0.013552445614633618,0.0225169650340483
2008-03-12,NIFTY 50,4869.75,5019.20,4854.75,4872.0,0.001252837017812914,0.022498679657039656
2008-03-13,NIFTY 50,4868.70,4868.80,4580.15,4623.6,-0.05233090796962062,0.02492587533892108
2008-03-14,NIFTY 50,4623.80,4758.95,4607.55,4745.8,0.02608639393754487,0.022210699644669003
2008-03-17,NIFTY 50,4745.45,4745.45,4482.10,4503.1,-0.05249396788538912,0.023890484234700863
2008-03-18,NIFTY 50,4519.90,4617.95,4468.55,4533.0,0.00661792346858124,0.02411146068230398
2008-03-19,NIFTY 50,4534.75,4718.40,4533.90,4573.95,0.008993192231014455,0.02433131255374558
2008-03-24,NIFTY 50,4576.80,4649.45,4539.80,4609.85,0.00781815432850508,0.024205186823146638
2008-03-25,NIFTY 50,4616.80,4896.80,4616.80,4877.5,0.05643747499689736,0.027808990535148525
2008-03-26,NIFTY 50,4878.70,4912.30,4808.65,4828.85,-0.010024449437914182,0.0277018023938368
2008-03-27,NIFTY 50,4828.80,4863.75,4769.60,4830.25,0.00028988208214084056,0.02730338956273917
2008-03-28,NIFTY 50,4830.00,4970.80,4796.35,4942.0,0.022871881407062488,0.02769967719497571
2008-03-31,NIFTY 50,4942.15,4947.00,4703.85,4734.5,-0.04289398312500061,0.029067655696856796
2008-04-01,NIFTY 50,4735.65,4800.75,4628.75,4739.55,0.0010660700499319782,0.029039100953065777
2008-04-02,NIFTY 50,4741.40,4916.75,4741.40,4754.2,0.003086243397669136,0.02905945120228095
2008-04-03,NIFTY 50,4753.90,4833.25,4738.20,4771.6,0.0036532405366346394,0.02675810950971826
2008-04-04,NIFTY 50,4766.70,4791.70,4632.70,4647.0,-0.02645982832281256,0.02708890009486527
2008-04-07,NIFTY 50,4631.35,4798.55,4628.80,4761.2,0.024277887208746296,0.027572838437374157
2008-04-08,NIFTY 50,4760.65,4769.55,4677.80,4709.65,-0.010886142023153179,0.026807483450842755
2008-04-09,NIFTY 50,4707.05,4758.25,4667.50,4747.05,0.007909777193465573,0.026835590444081205
2008-04-10,NIFTY 50,4747.55,4799.50,4720.90,4733.0,-0.002964121557789213,0.026631844858306598
2008-04-11,NIFTY 50,4734.35,4817.40,4727.25,4777.8,0.009420938585206226,0.02673684241869896
2008-04-15,NIFTY 50,4779.95,4917.10,4708.30,4879.65,0.021093306472166853,0.0242384209283565
2008-04-16,NIFTY 50,4881.65,4951.40,4874.05,4887.3,0.0015665077766122578,0.023604832875274682
2008-04-17,NIFTY 50,4890.60,4984.95,4889.65,4958.4,0.014443104293250398,0.02002481558940102
2008-04-21,NIFTY 50,4955.90,5053.40,4955.90,5037.0,0.015727558712166863,0.020171032042670293
2008-04-22,NIFTY 50,5037.05,5074.25,4994.05,5049.3,0.002438953054579757,0.020160621335369208
2008-04-23,NIFTY 50,5044.35,5083.50,5003.55,5022.8,-0.005262072685421382,0.02027430454559691
2008-04-24,NIFTY 50,5022.90,5072.70,4991.35,4999.85,-0.0045796351485803315,0.016194558126253367
2008-04-25,NIFTY 50,4999.15,5117.70,4999.15,5111.7,0.022124117923074622,0.016607976170094962
2008-04-28,NIFTY 50,5112.50,5147.45,5079.15,5089.65,-0.004322963987947064,0.01667723103592406
2008-04-29,NIFTY 50,5092.40,5210.90,5082.15,5195.5,0.02058380039134537,0.016538229910913676
2008-04-30,NIFTY 50,5198.35,5230.75,5155.85,5165.9,-0.005713529160701876,0.012843987646419072
2008-05-02,NIFTY 50,5265.30,5298.85,5197.60,5228.2,0.01198771342744253,0.01292846058461782
2008-05-05,NIFTY 50,5227.25,5254.50,5182.60,5192.25,-0.006899921333197577,0.01319258904435618
2008-05-06,NIFTY 50,5192.35,5206.50,5110.90,5144.65,-0.009209789482934546,0.013540228463997894
2008-05-07,NIFTY 50,5156.70,5159.05,5101.25,5135.5,-0.001780130137450872,0.011630793662897472
2008-05-08,NIFTY 50,5135.80,5143.05,5062.45,5081.7,-0.010531358345413163,0.011189935447880916
2008-05-09,NIFTY 50,5070.85,5087.65,4969.40,4982.6,-0.019694008129040177,0.011925040480814766
2008-05-12,NIFTY 50,4981.00,5021.75,4913.80,5012.65,0.006012874222701825,0.011889894442029708
2008-05-13,NIFTY 50,5008.60,5066.00,4943.75,4957.8,-0.011002623418913752,0.012223415239251561
2008-05-14,NIFTY 50,4958.45,5026.10,4932.05,5011.75,0.010823061549391852,0.012270215871146347
2008-05-15,NIFTY 50,5010.90,5118.55,4999.60,5115.25,0.020441118562082982,0.012218652733335824
2008-05-16,NIFTY 50,5115.65,5167.40,5106.40,5157.7,0.008264469624817321,0.012287425416157157
2008-05-20,NIFTY 50,5157.00,5160.05,5072.40,5104.95,-0.010280086439979436,0.012286678628810326
2008-05-21,NIFTY 50,5105.70,5135.55,5048.70,5117.65,0.002484692061476701,0.011825283135709064
2008-05-22,NIFTY 50,5117.00,5118.90,5010.70,5025.45,-0.01818034713646306,0.012550908879489559
2008-05-23,NIFTY 50,5026.55,5059.05,4940.70,4946.55,-0.015824638287046867,0.012988114744566516
2008-05-26,NIFTY 50,4953.60,4953.60,4858.00,4875.05,-0.014560003079865779,0.01332963548366812
2008-05-27,NIFTY 50,4877.15,4932.00,4846.20,4859.8,-0.003133076005220038,0.012140631515560054
2008-05-28,NIFTY 50,4862.70,4926.90,4835.65,4918.35,0.011975823600603909,0.012553714181772549
2008-05-29,NIFTY 50,4926.30,4957.40,4801.90,4835.3,-0.01702993385266396,0.011834674729082617
2008-05-30,NIFTY 50,4844.05,4908.85,4833.45,4870.1,0.007171296214394377,0.012061662196171058
2008-06-02,NIFTY 50,4869.25,4908.80,4713.00,4739.6,-0.027161726804136834,0.0126714894417323
2008-06-03,NIFTY 50,4739.30,4739.30,4634.00,4715.9,-0.0050129659206576,0.012662881653913728
2008-06-04,NIFTY 50,4718.70,4731.50,4564.50,4585.6,-0.028018819388074552,0.013665503223104634
2008-06-05,NIFTY 50,4586.95,4690.60,4536.25,4676.95,0.01972522942124719,0.014793944796523552
2008-06-06,NIFTY 50,4680.55,4746.30,4614.25,4627.8,-0.01056459488709136,0.014794638941424215
2008-06-09,NIFTY 50,4626.45,4626.45,4411.60,4500.95,-0.027793107579301132,0.015328490785976567
2008-06-10,NIFTY 50,4522.00,4522.55,4369.80,4449.8,-0.011429334258649854,0.015159207921546312
2008-06-11,NIFTY 50,4469.65,4541.05,4468.05,4523.6,0.016448985667114495,0.015902707350635075
2008-06-12,NIFTY 50,4524.40,4550.00,4392.00,4539.35,0.003475692981993053,0.01561026478997645
2008-06-13,NIFTY 50,4539.50,4563.35,4491.35,4517.1,-0.004913634982057485,0.014424162573303385
2008-06-16,NIFTY 50,4536.30,4617.70,4536.30,4572.5,0.012189906267913308,0.014656433736954388
2008-06-17,NIFTY 50,4572.50,4664.05,4561.75,4653.0,0.017452071579627682,0.015518802015919143
2008-06-18,NIFTY 50,4652.80,4679.75,4569.90,4582.4,-0.01528929451837679,0.015598350190615486
2008-06-19,NIFTY 50,4582.55,4585.70,4488.95,4504.25,-0.01720148283046219,0.015558030387743104
2008-06-20,NIFTY 50,4504.20,4532.00,4333.60,4347.55,-0.03540892747094116,0.01680969986941172
2008-06-23,NIFTY 50,4351.15,4351.15,4225.50,4266.4,-0.018842087738476076,0.016945105961287055
2008-06-24,NIFTY 50,4271.05,4305.90,4156.10,4191.1,-0.01780715099219973,0.01710096074047393
2008-06-25,NIFTY 50,4189.60,4264.55,4093.20,4252.65,0.014579088722340115,0.01726533204771988
2008-06-26,NIFTY 50,4252.60,4324.75,4230.00,4315.85,0.014751974355320083,0.017774977300362746
2008-06-27,NIFTY 50,4315.30,4315.30,4119.20,4136.65,-0.04240801085829006,0.01928141970491082
2008-06-30,NIFTY 50,4136.25,4163.00,4021.70,4040.55,-0.023505460210525804,0.019108346469127725
2008-07-01,NIFTY 50,4039.75,4075.40,3878.20,3896.75,-0.0362379489338767,0.020103017933847677
2008-07-02,NIFTY 50,3895.30,4107.15,3848.25,4093.35,0.049220833316811964,0.02349864714908114
2008-07-03,NIFTY 50,4094.60,4097.35,3874.85,3925.75,-0.04180628992090912,0.02401992781868889
2008-07-04,NIFTY 50,3926.65,4033.50,3896.40,4016.0,0.022728966606501914,0.02502071435790523
2008-07-07,NIFTY 50,4002.00,4114.50,4002.00,4030.0,0.0034799935691636496,0.024632966328984745
2008-07-08,NIFTY 50,4028.70,4028.70,3896.05,3988.55,-0.010338619627001742,0.024620413302593448
2008-07-09,NIFTY 50,3990.90,4169.40,3990.90,4157.1,0.041389959459052314,0.026359378470821534
2008-07-10,NIFTY 50,4155.65,4187.95,4110.40,4162.2,0.0012260648465313656,0.02632957350992993
2008-07-11,NIFTY 50,4166.00,4215.50,4014.45,4049.0,-0.027573843587149396,0.026838333161161593
2008-07-14,NIFTY 50,4047.45,4118.10,4004.25,4039.7,-0.002299505259927107,0.026530328853010533
2008-07-15,NIFTY 50,4039.30,4040.70,3835.50,3861.1,-0.04521831481749751,0.027280829602403273
2008-07-16,NIFTY 50,3861.55,3920.05,3790.20,3816.7,-0.011565942054144195,0.027250695614053317
2008-07-17,NIFTY 50,3823.15,3968.75,3823.15,3947.2,0.03362029187450006,0.028785876258503366
2008-07-18,NIFTY 50,3962.95,4110.55,3926.30,4092.25,0.03608847424937184,0.029451808194848945
2008-07-21,NIFTY 50,4092.20,4168.15,4072.75,4159.5,0.016299933699478398,0.02950678550045285
2008-07-22,NIFTY 50,4158.45,4262.45,4137.95,4240.1,0.019191979129602042,0.0295750919729937
2008-07-23,NIFTY 50,4246.70,4491.55,4246.70,4476.8,0.054321651617617636,0.031815387221656784
2008-07-24,NIFTY 50,4476.20,4539.45,4385.85,4433.55,-0.009707887943181543,0.031792507808372804
2008-07-25,NIFTY 50,4440.85,4440.85,4297.15,4311.85,-0.02783357118614615,0.030891099575183656
2008-07-28,NIFTY 50,4282.25,4352.65,4282.25,4332.1,0.0046853665384690504,0.030300002418878626
2008-07-29,NIFTY 50,4332.20,4332.20,4159.15,4189.85,-0.03338747912761115,0.030109433448268958
2008-07-30,NIFTY 50,4191.20,4327.00,4191.20,4313.55,0.029096297211771205,0.02881390671604113
2008-07-31,NIFTY 50,4314.35,4342.00,4285.55,4332.95,0.0044873723596865235,0.026849709717132606
2008-08-01,NIFTY 50,4331.60,4422.95,4235.70,4413.55,0.01843075094927477,0.026716655411750383
2008-08-04,NIFTY 50,4426.10,4436.15,4362.90,4395.35,-0.004132190374978005,0.026789368367205513
2008-08-05,NIFTY 50,4395.80,4515.15,4376.00,4502.85,0.024163365722381102,0.026905082461438738
2008-08-06,NIFTY 50,4506.25,4615.90,4503.90,4517.55,0.0032592818529271414,0.02558889763481343
2008-08-07,NIFTY 50,4515.25,4580.15,4493.70,4523.85,0.001393589713893506,0.02558791492174592
2008-08-08,NIFTY 50,4518.35,4546.35,4464.00,4529.5,0.0012481569216938894,0.02449451953314403
2008-08-11,NIFTY 50,4529.35,4625.20,4529.35,4620.4,0.019869723305182625,0.02461918740174783
2008-08-12,NIFTY 50,4620.95,4649.85,4525.75,4552.25,-0.014859665202572488,0.02205049832403128
2008-08-13,NIFTY 50,4548.05,4572.65,4497.25,4529.05,-0.005109411752006572,0.021791109272167587
2008-08-14,NIFTY 50,4524.20,4529.80,4421.25,4430.7,-0.02195461935957179,0.021969453147906125
2008-08-18,NIFTY 50,4430.70,4447.40,4379.85,4393.05,-0.008533838445683076,0.020972396971178052
2008-08-19,NIFTY 50,4393.10,4393.70,4316.55,4368.25,-0.0056612754355433535,0.020844036075789222
2008-08-20,NIFTY 50,4365.45,4434.90,4365.45,4415.75,0.010815223816405003,0.020572273647938732
2008-08-21,NIFTY 50,4416.20,4418.55,4271.30,4283.85,-0.030325557086520235,0.017763476188132562
2008-08-22,NIFTY 50,4283.85,4337.00,4248.00,4327.45,0.010126316019563254,0.01787572941881454
2008-08-25,NIFTY 50,4317.95,4398.80,4317.95,4335.35,0.0018238911645191457,0.01674541535618482
2008-08-26,NIFTY 50,4335.20,4345.05,4283.30,4337.5,0.000495800121999639,0.01671347150138265
2008-08-27,NIFTY 50,4336.85,4364.25,4282.65,4292.1,-0.010522021614716503,0.014999055685809715
2008-08-28,NIFTY 50,4290.75,4304.50,4201.85,4214.0,-0.01836380827626377,0.014080418619917988
2008-08-29,NIFTY 50,4230.60,4368.80,4230.60,4360.0,0.03405974197894556,0.01611171054772155
2008-09-01,NIFTY 50,4356.10,4365.00,4281.35,4348.65,-0.002606605254858331,0.015543187563750754
2008-09-02,NIFTY 50,4358.85,4522.40,4343.10,4504.0,0.03510043873130465,0.017451206546595963
2008-09-04,NIFTY 50,4512.95,4514.60,4419.45,4447.75,-0.012567540504641407,0.01683145026629521
2008-09-05,NIFTY 50,4444.70,4444.70,4328.90,4352.3,-0.02169390933140371,0.017442844292484275
2008-09-08,NIFTY 50,4358.30,4558.00,4358.30,4482.3,0.029431866541667708,0.018792880270095968
2008-09-09,NIFTY 50,4485.15,4497.50,4418.95,4468.7,-0.00303876895661515,0.018796803165786292
2008-09-10,NIFTY 50,4467.50,4467.50,4382.35,4400.25,-0.015436181094454791,0.018419823911809293
2008-09-11,NIFTY 50,4397.25,4399.30,4272.75,4290.3,-0.02530469692707951,0.018931425951682998
2008-09-12,NIFTY 50,4291.60,4323.90,4200.15,4228.45,-0.01452116491869566,0.019103773747561836
2008-09-15,NIFTY 50,4231.95,4237.25,3955.40,4072.9,-0.03748021920862096,0.020181040939592425
2008-09-16,NIFTY 50,4072.55,4090.10,3919.35,4074.9,0.0004909300768720206,0.020180171065696195
2008-09-17,NIFTY 50,4074.80,4116.70,3974.60,4008.25,-0.016491469427608086,0.02037824164129341
2008-09-18,NIFTY 50,4005.25,4050.10,3799.55,4038.15,0.007431929216425597,0.02025985807704588
2008-09-19,NIFTY 50,4040.80,4262.65,4040.80,4245.25,0.05001404454103826,0.02268315136358971
2008-09-22,NIFTY 50,4248.95,4303.25,4202.40,4223.05,-0.005243095038333759,0.02256593506187182
2008-09-23,NIFTY 50,4223.90,4224.70,4117.90,4126.9,-0.023031096005098468,0.023068234484045085
2008-09-24,NIFTY 50,4125.75,4207.95,4115.85,4161.25,0.008288990106256364,0.023186375125309012
2008-09-25,NIFTY 50,4162.15,4172.60,4077.50,4110.55,-0.012258670400707144,0.023222900476658533
2008-09-26,NIFTY 50,4108.75,4110.70,3970.35,3985.25,-0.03095679397477152,0.0238476496867461
2008-09-29,NIFTY 50,3990.20,3997.55,3777.30,3850.05,-0.034513910303269564,0.023191195117813063
2008-09-30,NIFTY 50,3848.70,3966.85,3715.05,3921.2,0.018311594177084674,0.023825719824995494
2008-10-01,NIFTY 50,3921.85,4000.50,3861.25,3950.75,0.007507704901642133,0.022107863248544787
2008-10-03,NIFTY 50,3953.55,3969.55,3804.85,3818.3,-0.0341001369201409,0.022925372254887184
2008-10-06,NIFTY 50,3817.30,3820.85,3581.60,3602.35,-0.05821888711383167,0.025423409017355778
2008-10-07,NIFTY 50,3606.95,3732.65,3537.00,3606.6,0.0011790900179307604,0.02388743158343557
2008-10-08,NIFTY 50,3604.40,3604.40,3329.45,3513.65,-0.026110117080322386,0.024045969517586207
2008-10-10,NIFTY 50,3502.05,3502.05,3198.95,3279.95,-0.06882720483328805,0.027201584160344346
2008-10-13,NIFTY 50,3272.90,3510.20,3272.90,3490.7,0.06227411079072645,0.03202481619605624
2008-10-14,NIFTY 50,3494.10,3648.25,3491.50,3518.65,0.007975104150932211,0.03226340401047934
2008-10-15,NIFTY 50,3517.90,3518.50,3324.55,3338.4,-0.052585743023876495,0.033125857275413555
2008-10-16,NIFTY 50,3333.85,3333.85,3099.90,3269.3,-0.020915755580001437,0.03311681110748674
2008-10-17,NIFTY 50,3269.05,3335.95,3046.60,3074.35,-0.06148239791489227,0.0349839296213074
2008-10-20,NIFTY 50,3108.20,3238.40,3058.95,3122.8,0.015636538463686765,0.035286175739699374
2008-10-21,NIFTY 50,3125.40,3254.85,3117.35,3234.9,0.03526798031000055,0.03403532674981942
2008-10-22,NIFTY 50,3234.70,3235.75,3051.80,3065.15,-0.05390150774222049,0.03512879875340256
2008-10-23,NIFTY 50,3064.80,3085.10,2917.15,2943.15,-0.040616071479695676,0.035531201835763034
2008-10-24,NIFTY 50,2936.25,2936.25,2525.05,2584.0,-0.1301418504317278,0.04305278181791101
2008-10-27,NIFTY 50,2583.75,2585.30,2252.75,2524.2,-0.023414405077962292,0.04296723981735603
2008-10-28,NIFTY 50,2526.20,2695.95,2526.20,2684.6,0.06160756022900552,0.047016229486505856
2008-10-29,NIFTY 50,2685.30,2781.25,2631.90,2697.05,0.004626842031885041,0.047183803907005585
2008-10-31,NIFTY 50,2696.30,2921.35,2696.30,2885.6,0.06757426750390859,0.050347704982250004
2008-11-03,NIFTY 50,2885.40,3062.05,2885.40,3043.85,0.053390310911328495,0.052444905383655475
2008-11-04,NIFTY 50,3050.25,3152.30,2985.00,3142.1,0.03176820467031635,0.053116600172885324
2008-11-05,NIFTY 50,3155.75,3240.55,2971.00,2994.95,-0.047963829251596965,0.05267167830706288
2008-11-06,NIFTY 50,2998.45,3007.80,2860.25,2892.65,-0.034754499942032675,0.05291014551147291
2008-11-07,NIFTY 50,2893.25,3010.00,2860.10,2973.0,0.027398507020753315,0.053457473365096875
2008-11-10,NIFTY 50,2973.30,3161.25,2973.30,3148.25,0.057275198887858175,0.05338611516649255
2008-11-11,NIFTY 50,3147.20,3147.20,2919.45,2938.65,-0.06889645068380491,0.05312462160900176
2008-11-12,NIFTY 50,2937.90,2975.20,2794.95,2848.45,-0.03117530553388,0.05320267135162088
2008-11-14,NIFTY 50,2848.00,2938.80,2778.80,2810.35,-0.013465955936687118,0.05228772864424032
2008-11-17,NIFTY 50,2813.40,2835.70,2694.50,2799.55,-0.0038503407699275244,0.05221552321348107
2008-11-18,NIFTY 50,2802.45,2802.45,2664.30,2683.15,-0.04246721253264471,0.051351735833044095
2008-11-19,NIFTY 50,2682.75,2772.40,2617.90,2635.0,-0.018108295453549073,0.051129461083287864
2008-11-20,NIFTY 50,2634.20,2634.20,2502.90,2553.15,-0.03155529105337087,0.05029590349782116
2008-11-21,NIFTY 50,2553.60,2718.60,2539.80,2693.45,0.05349500881847588,0.05129136472088415
2008-11-24,NIFTY 50,2690.85,2740.35,2633.80,2708.25,0.0054797700851092375,0.05070829718600193
2008-11-25,NIFTY 50,2708.30,2790.70,2638.20,2654.0,-0.02023473393352405,0.041446251830193306
2008-11-26,NIFTY 50,2652.45,2762.60,2643.35,2752.25,0.03635082305835962,0.04172141271628767
2008-11-28,NIFTY 50,2745.70,2779.00,2690.30,2755.1,0.001034980618412343,0.03948277246652968
2008-12-01,NIFTY 50,2755.15,2832.85,2669.50,2682.9,-0.026555440548679605,0.039957144699176106
2008-12-02,NIFTY 50,2672.90,2672.90,2570.70,2657.8,-0.009399586122837754,0.03664928109270036
2008-12-03,NIFTY 50,2657.50,2693.65,2611.95,2656.45,-0.0005080679414932703,0.03409080651537413
2008-12-04,NIFTY 50,2656.50,2793.80,2646.35,2788.0,0.048333847924500295,0.035258602503379186
2008-12-05,NIFTY 50,2786.65,2821.15,2701.35,2714.4,-0.026753558410394083,0.03423336839956905
2008-12-08,NIFTY 50,2714.70,2861.55,2714.70,2784.0,0.025317807984289786,0.03411287730651146
2008-12-10,NIFTY 50,2785.70,2940.15,2785.70,2928.25,0.05051623249567385,0.035520990267850196
2008-12-11,NIFTY 50,2934.05,2945.30,2861.55,2920.15,-0.002769990144029124,0.03279037045221797
2008-12-12,NIFTY 50,2915.35,2936.80,2812.55,2921.35,0.0004108533824805103,0.028985935496892507
2008-12-15,NIFTY 50,2917.90,3012.10,2917.90,2981.2,0.02028006581910337,0.02837797969126971
2008-12-16,NIFTY 50,2983.60,3052.55,2963.30,3041.75,0.020107103660019696,0.028390660678362444
2008-12-17,NIFTY 50,3040.45,3076.20,2943.50,2954.35,-0.029154347182516187,0.02930593098034472
2008-12-18,NIFTY 50,2955.35,3072.55,2922.65,3060.75,0.035381323468982484,0.028139023112531754
2008-12-19,NIFTY 50,3063.00,3106.80,3036.30,3077.5,0.005457595104583804,0.027537636132501372
2008-12-22,NIFTY 50,3077.25,3110.45,3027.80,3039.3,-0.012490353330867171,0.026411971170012254
2008-12-23,NIFTY 50,3039.25,3040.00,2957.05,2968.65,-0.023519921722642216,0.025122356462139638
2008-12-24,NIFTY 50,2967.40,2968.00,2900.45,2916.85,-0.01760303715411916,0.02561792242949515
2008-12-26,NIFTY 50,2919.85,2960.95,2844.80,2857.25,-0.02064464307327279,0.02563824349712197
2008-12-29,NIFTY 50,2857.15,2931.80,2812.90,2922.2,0.022477133460276584,0.024884641837696876
2008-12-30,NIFTY 50,2922.55,2999.15,2899.75,2979.5,0.019418743949049633,0.025146548421111498
2008-12-31,NIFTY 50,2979.80,3002.65,2937.35,2959.15,-0.006853436270038349,0.024260351676098496
2009-01-01,NIFTY 50,2963.30,3039.25,2963.30,3033.45,0.024798520718671956,0.02440417691253453
2009-01-02,NIFTY 50,3034.60,3079.85,3021.80,3046.75,0.004374863067944446,0.024353589431178085
2009-01-05,NIFTY 50,3058.75,3131.95,3056.45,3121.45,0.024222188729805617,0.02273516661422696
2009-01-06,NIFTY 50,3121.50,3141.80,3056.10,3112.8,-0.0027749947630734176,0.02153720645697093
2009-01-07,NIFTY 50,3112.80,3147.20,2888.20,2920.4,-0.06380204948841318,0.02622401301837892
2009-01-09,NIFTY 50,2919.95,2929.85,2810.25,2873.0,-0.016363813202641173,0.02392797917937931
2009-01-12,NIFTY 50,2868.85,2869.20,2748.55,2773.1,-0.035390951987044866,0.025139525180803455
2009-01-13,NIFTY 50,2775.00,2802.60,2720.80,2744.95,-0.01020296815075536,0.02518497586521302
2009-01-14,NIFTY 50,2748.40,2853.25,2748.40,2835.3,0.03238489182763093,0.025911736263241093
2009-01-15,NIFTY 50,2832.30,2832.30,2701.75,2736.7,-0.03539493669696894,0.026330817011856064
2009-01-16,NIFTY 50,2737.00,2835.65,2724.20,2828.45,0.03297604344074435,0.0270223649481928
2009-01-19,NIFTY 50,2828.70,2868.20,2819.90,2846.2,0.006255912836663956,0.025641248913893265
2009-01-20,NIFTY 50,2842.90,2842.90,2758.00,2796.6,-0.01758037764280923,0.025728662328201313
2009-01-21,NIFTY 50,2777.40,2787.30,2690.20,2706.15,-0.03287743303982851,0.026443903914630966
2009-01-22,NIFTY 50,2714.70,2744.85,2681.40,2713.8,0.002822906144930718,0.026169736250496446
2009-01-23,NIFTY 50,2705.45,2765.55,2661.65,2678.55,-0.013074263400609113,0.026069683827493143
2009-01-27,NIFTY 50,2686.05,2777.30,2685.25,2771.35,0.03405896276751524,0.027109290344516025
2009-01-28,NIFTY 50,2771.10,2855.40,2765.60,2849.5,0.027808974196295487,0.02738260147022905
2009-01-29,NIFTY 50,2849.35,2873.85,2795.35,2823.95,-0.009006926201100027,0.02698767083180229
2009-01-30,NIFTY 50,2824.05,2881.00,2774.10,2874.8,0.017846492520333473,0.027349410475122533
2009-02-02,NIFTY 50,2872.35,2873.45,2760.70,2766.65,-0.03834590459223843,0.02780125760103284
2009-02-03,NIFTY 50,2773.50,2831.70,2752.90,2783.9,0.006215620266909231,0.027835570090013546
2009-02-04,NIFTY 50,2780.70,2842.20,2780.70,2803.05,0.006855287767415724,0.02715459796459721
2009-02-05,NIFTY 50,2802.75,2816.80,2754.85,2780.05,-0.008239196901919588,0.027154502799613373
2009-02-06,NIFTY 50,2779.35,2852.50,2778.65,2843.1,0.022426093009804447,0.024110794955629084
2009-02-09,NIFTY 50,2843.05,2926.75,2840.15,2919.9,0.02665436295629881,0.02461367776087092
2009-02-10,NIFTY 50,2919.70,2957.40,2891.75,2934.5,0.004987711897831603,0.023097370523182646
2009-02-11,NIFTY 50,2933.00,2937.50,2877.60,2925.7,-0.0030033127246794746,0.02293914168090516
2009-02-12,NIFTY 50,2927.40,2939.00,2886.55,2893.05,-0.011222459349794581,0.022074098373792813
2009-02-13,NIFTY 50,2896.95,2969.75,2896.85,2948.35,0.0189343828971324,0.020655863052223052
2009-02-16,NIFTY 50,2948.25,2953.20,2839.10,2848.5,-0.03445315190059737,0.02112767426901041
2009-02-17,NIFTY 50,2853.85,2854.65,2757.30,2770.5,-0.027764730613045917,0.021979773585934854
2009-02-18,NIFTY 50,2755.15,2806.50,2736.65,2776.15,0.002037266441608038,0.021652543156705926
2009-02-19,NIFTY 50,2776.70,2802.15,2767.60,2789.35,0.004743518013134503,0.020269551512243158
2009-02-20,NIFTY 50,2789.30,2789.30,2709.30,2736.45,-0.019147133859808728,0.02078369594299282
2009-02-24,NIFTY 50,2737.25,2746.20,2677.55,2733.9,-0.0009322987321471795,0.020544877539356493
2009-02-25,NIFTY 50,2733.45,2789.35,2733.45,2762.5,0.01040690565581741,0.019178448006945348
2009-02-26,NIFTY 50,2762.20,2797.80,2731.90,2785.65,0.008345172481163423,0.018150800873519113
2009-02-27,NIFTY 50,2785.70,2787.20,2708.45,2763.65,-0.00792896951287599,0.018127775302521645
2009-03-02,NIFTY 50,2764.60,2764.60,2659.55,2674.6,-0.03275243335559956,0.01886336755916585
2009-03-03,NIFTY 50,2672.15,2688.50,2611.55,2622.4,-0.019709907449130874,0.017465656274065027
2009-03-04,NIFTY 50,2611.95,2655.70,2611.95,2645.2,0.00865674781094186,0.017539448465603017
2009-03-05,NIFTY 50,2645.90,2663.90,2564.10,2576.7,-0.026237166360218545,0.018155075297134827
2009-03-06,NIFTY 50,2576.75,2628.10,2539.45,2620.15,0.016722057584422974,0.018712911841308064
2009-03-09,NIFTY 50,2620.10,2621.25,2555.60,2573.15,-0.018100738735255827,0.01799971347829721
2009-03-12,NIFTY 50,2574.50,2646.10,2574.50,2617.45,0.017069732076034114,0.017223776666937612
2009-03-13,NIFTY 50,2616.60,2726.15,2616.60,2719.25,0.03815554560846973,0.019701937667158113
2009-03-16,NIFTY 50,2716.05,2781.95,2701.95,2777.25,0.02110512248787214,0.020476130509406578
2009-03-17,NIFTY 50,2776.35,2805.60,2738.70,2757.45,-0.007154889864841403,0.020406099395393323
2009-03-18,NIFTY 50,2757.65,2836.05,2752.25,2794.7,0.013418426705507592,0.020138091241672318
2009-03-19,NIFTY 50,2797.05,2822.25,2771.35,2807.15,0.004444967465621064,0.018737217212661812
2009-03-20,NIFTY 50,2807.35,2816.10,2773.65,2807.05,-3.562395355012316e-05,0.017624454361102656
2009-03-23,NIFTY 50,2807.25,2949.75,2807.25,2939.9,0.04624145733424076,0.02036546676590497
2009-03-24,NIFTY 50,2923.80,3017.40,2914.50,2938.7,-0.0004082604758507316,0.020373042383637505
2009-03-25,NIFTY 50,2938.80,2996.50,2923.30,2984.35,0.015414660997698669,0.019890700743416333
2009-03-26,NIFTY 50,2982.25,3103.35,2982.25,3082.25,0.03227788207800483,0.020793478046289292
2009-03-27,NIFTY 50,3079.40,3123.35,3055.90,3108.65,0.008528698581771547,0.020776745545537312
2009-03-30,NIFTY 50,3108.75,3110.20,2962.40,2978.15,-0.04288624597955413,0.023446405672744967
2009-03-31,NIFTY 50,2981.70,3054.30,2966.40,3020.95,0.01426904908783632,0.023410203492063193
2009-04-01,NIFTY 50,3023.85,3069.30,2965.70,3060.35,0.012957937051888855,0.021760079028874592
2009-04-02,NIFTY 50,3061.05,3228.75,3061.05,3211.05,0.04806869795073635,0.02268289944151772
2009-04-06,NIFTY 50,3211.35,3303.90,3211.35,3256.6,0.014085719888778566,0.02269687909301237
2009-04-08,NIFTY 50,3255.35,3357.05,3149.25,3342.95,0.026169944352342146,0.021222173141418617
2009-04-09,NIFTY 50,3346.00,3401.15,3307.05,3342.05,-0.00026925953790193045,0.02140536216242439
2009-04-13,NIFTY 50,3342.20,3417.80,3334.15,3382.6,0.012060253395381658,0.020188523961792378
2009-04-15,NIFTY 50,3381.45,3497.55,3311.80,3484.15,0.029579467466621125,0.020490741707055834
2009-04-16,NIFTY 50,3484.35,3511.25,3354.20,3369.5,-0.03345974662029098,0.02228189838117434
2009-04-17,NIFTY 50,3369.50,3489.85,3359.25,3384.4,0.004412272664074241,0.02218486301494848
2009-04-20,NIFTY 50,3384.75,3441.10,3339.45,3377.1,-0.00215928502147792,0.022010339970845436
2009-04-21,NIFTY 50,3376.85,3414.70,3309.35,3365.3,-0.0035002408778739345,0.02220181561743185
2009-04-22,NIFTY 50,3364.60,3401.10,3296.90,3330.3,-0.010454722144282762,0.022618995263439388
2009-04-23,NIFTY 50,3330.50,3439.90,3310.50,3423.7,0.027659447593913495,0.022911918843130083
2009-04-24,NIFTY 50,3423.60,3491.35,3402.90,3480.75,0.01652595018877023,0.021343015701942625
2009-04-27,NIFTY 50,3481.30,3517.25,3435.30,3470.0,-0.003093193848489998,0.021409963076878116
2009-04-28,NIFTY 50,3469.50,3471.95,3351.50,3362.35,-0.03151445969127863,0.023095543502403393
2009-04-29,NIFTY 50,3371.65,3486.40,3366.70,3473.95,0.03265214081687611,0.023118127710177766
2009-05-04,NIFTY 50,3478.70,3664.50,3478.70,3654.0,0.05053018287144973,0.025177673120823776
2009-05-05,NIFTY 50,3664.50,3682.20,3618.75,3661.9,0.0021596804413977553,0.022219327389157734
2009-05-06,NIFTY 50,3662.00,3717.05,3608.65,3625.05,-0.01011405708225031,0.02265668591559629
2009-05-07,NIFTY 50,3617.15,3692.05,3617.15,3683.9,0.01610389230142991,0.022695658690303384
2009-05-08,NIFTY 50,3681.80,3711.25,3582.85,3620.7,-0.01730459630656766,0.02148957080838366
2009-05-11,NIFTY 50,3615.75,3660.20,3534.55,3554.6,-0.018424837966070574,0.022067842805307977
2009-05-12,NIFTY 50,3554.65,3691.65,3534.20,3681.1,0.0349690812149602,0.02260630935816863
2009-05-13,NIFTY 50,3668.75,3709.60,3610.20,3635.25,-0.01253373614725658,0.022915793693752334
2009-05-14,NIFTY 50,3631.90,3631.90,3537.60,3593.45,-0.011565140593308,0.023097741294896366
2009-05-15,NIFTY 50,3597.85,3686.25,3597.85,3671.65,0.0215284084931052,0.02267688032941406
2009-05-18,NIFTY 50,3673.15,4384.30,3673.15,4323.15,0.16334315089857462,0.04127179224375704
2009-05-19,NIFTY 50,4324.95,4509.40,4167.65,4318.45,-0.0010877616328988883,0.04134650131078463
2009-05-20,NIFTY 50,4318.75,4362.85,4244.70,4270.3,-0.011212459193106783,0.04156081963567388
2009-05-21,NIFTY 50,4270.35,4319.00,4199.20,4210.9,-0.014007680814431276,0.04182906986160142
2009-05-22,NIFTY 50,4211.85,4249.50,4155.85,4238.5,0.006533031496930294,0.04153749380633329
2009-05-25,NIFTY 50,4238.10,4270.05,4205.10,4237.55,-0.00022416101933744678,0.04145412165696049
2009-05-26,NIFTY 50,4239.55,4256.05,4092.25,4116.7,-0.02893340050789922,0.04235229974326151
2009-05-27,NIFTY 50,4117.30,4286.45,4115.25,4276.05,0.03797781472653573,0.04275994526181884
2009-05-28,NIFTY 50,4276.15,4354.85,4254.85,4337.1,0.014176235734747168,0.04160522686176631
2009-05-29,NIFTY 50,4340.75,4488.05,4340.75,4448.95,0.02546219127982554,0.04145480149642736
2009-06-01,NIFTY 50,4450.40,4545.40,4450.40,4529.9,0.018031750915902266,0.04050632225874299
2009-06-02,NIFTY 50,4530.45,4586.40,4451.30,4525.25,-0.0010270399515720837,0.040548112402694285
2009-06-03,NIFTY 50,4525.50,4574.90,4478.60,4530.7,0.0012036286989131504,0.0403223877825869
2009-06-04,NIFTY 50,4530.30,4582.20,4453.45,4572.65,0.00921645261275162,0.040307264367145955
2009-06-05,NIFTY 50,4573.30,4636.85,4561.95,4586.9,0.003111509079980136,0.03981337546319175
2009-06-08,NIFTY 50,4582.35,4611.40,4404.65,4429.9,-0.034827404197339165,0.040629905444323156
2009-06-09,NIFTY 50,4427.75,4562.45,4365.10,4550.95,0.026958991938968516,0.04042020554996959
2009-06-10,NIFTY 50,4551.70,4688.95,4551.70,4655.25,0.022659612601935487,0.04012478266491665
2009-06-11,NIFTY 50,4657.40,4679.55,4586.15,4637.7,-0.0037770612914738524,0.03991756867561975
2009-06-12,NIFTY 50,4637.55,4693.20,4566.15,4583.4,-0.011777472895029005,0.04022584812083843
2009-06-15,NIFTY 50,4584.65,4601.05,4469.60,4484.0,-0.021925575583318424,0.019107780422357723
2009-06-16,NIFTY 50,4478.10,4537.95,4405.95,4517.8,0.007509644481124168,0.01913545426418457
2009-06-17,NIFTY 50,4515.35,4517.80,4332.80,4356.15,-0.036436509951495846,0.020826433858093272
2009-06-18,NIFTY 50,4352.95,4375.30,4222.15,4251.4,-0.02434029928265393,0.02134001691227611
2009-06-19,NIFTY 50,4251.10,4326.20,4206.70,4313.6,0.0145244818389082,0.021533288373438125
2009-06-22,NIFTY 50,4314.20,4352.25,4221.90,4235.25,-0.018330464056877528,0.0219584921996603
2009-06-23,NIFTY 50,4223.30,4267.45,4143.25,4247.0,0.0027704930922153406,0.020879769339422087
2009-06-24,NIFTY 50,4247.30,4307.00,4218.25,4292.95,0.010761290976471289,0.019200594774457836
2009-06-25,NIFTY 50,4293.85,4337.95,4221.15,4241.85,-0.011974647469243267,0.019088632802189434
2009-06-26,NIFTY 50,4243.95,4383.75,4243.95,4375.5,0.0310213041553865,0.019531270320515163
2009-06-29,NIFTY 50,4375.40,4439.95,4350.90,4390.95,0.0035248055931930973,0.01905745793889489
2009-06-30,NIFTY 50,4391.50,4426.75,4267.35,4291.1,-0.02300249425809751,0.019649559201357646
2009-07-01,NIFTY 50,4292.30,4362.30,4249.70,4340.9,0.011538589556493587,0.01989083029521367
2009-07-02,NIFTY 50,4373.50,4383.65,4288.75,4348.85,0.0018297424478315484,0.019736851729154743
2009-07-03,NIFTY 50,4347.30,4434.45,4298.95,4424.25,0.017189330235987735,0.020193602304529122
2009-07-06,NIFTY 50,4429.60,4479.80,4133.70,4165.7,-0.060216443845174744,0.022984008269104947
2009-07-07,NIFTY 50,4166.00,4231.80,4155.50,4202.15,0.008711970348699243,0.022073186577750398
2009-07-08,NIFTY 50,4201.85,4201.85,4061.10,4078.9,-0.029768954850476988,0.021854202055602595
2009-07-09,NIFTY 50,4078.75,4114.90,4039.85,4080.95,0.0005024602273643946,0.021904276267426897
2009-07-10,NIFTY 50,4081.40,4129.95,3976.80,4003.9,-0.019060918333451037,0.022058486009407477
2009-07-13,NIFTY 50,4003.40,4003.40,3918.75,3974.05,-0.007483160284062552,0.021770354357237988
2009-07-14,NIFTY 50,3974.10,4128.90,3974.10,4111.4,0.03397787727737999,0.023382001237154802
2009-07-15,NIFTY 50,4120.80,4249.55,4118.75,4233.5,0.029265470990759344,0.023305713901620728
2009-07-16,NIFTY 50,4223.50,4305.00,4205.50,4231.4,-0.000496166533114924,0.022673235316914814
2009-07-17,NIFTY 50,4231.45,4390.40,4230.15,4374.95,0.03336218360576254,0.023687272797075783
2009-07-20,NIFTY 50,4377.90,4510.30,4377.90,4502.25,0.028682180645082562,0.024028941512171113
2009-07-21,NIFTY 50,4501.50,4524.00,4436.60,4469.1,-0.007390225746405107,0.024142456416647078
2009-07-22,NIFTY 50,4469.30,4557.95,4380.45,4398.9,-0.015832536402513954,0.024397333731652246
2009-07-23,NIFTY 50,4409.70,4532.40,4405.95,4523.75,0.02798678622680915,0.02489130342722679
2009-07-24,NIFTY 50,4524.80,4578.75,4504.85,4568.55,0.009854572012159866,0.024083782550919426
2009-07-27,NIFTY 50,4568.65,4596.75,4528.50,4572.3,0.0008204926698015945,0.024083300870164838
2009-07-28,NIFTY 50,4572.80,4599.90,4529.15,4564.1,-0.001795018213248462,0.023380033623763532
2009-07-29,NIFTY 50,4565.80,4573.85,4420.80,4513.5,-0.011148436608455603,0.02349830516975434
2009-07-30,NIFTY 50,4513.10,4582.35,4474.50,4571.45,0.012757535477354429,0.02362209459650706
2009-07-31,NIFTY 50,4571.60,4669.75,4571.60,4636.45,0.014118545970019887,0.023531369362691745
2009-08-03,NIFTY 50,4633.80,4723.75,4617.75,4711.4,0.016036116572922195,0.018501729908824174
2009-08-04,NIFTY 50,4706.25,4731.45,4642.60,4680.5,-0.006580161946706624,0.018705362522578456
2009-08-05,NIFTY 50,4680.95,4717.20,4629.85,4694.15,0.0029121107767096765,0.016803004330003726
2009-08-06,NIFTY 50,4694.35,4718.15,4559.20,4585.5,-0.023417901589510192,0.018093428676967074
2009-08-07,NIFTY 50,4591.90,4591.90,4463.95,4481.4,-0.022963653407922942,0.018394527497541915
2009-08-10,NIFTY 50,4486.50,4562.50,4399.85,4437.65,-0.009810540561805721,0.018488992719116824
2009-08-11,NIFTY 50,4435.00,4510.80,4398.90,4471.35,0.007565419404289844,0.01725094313691208
2009-08-12,NIFTY 50,4473.80,4473.80,4359.40,4457.5,-0.003102305696264451,0.016265447570726732
2009-08-13,NIFTY 50,4458.55,4614.15,4458.55,4605.0,0.03255459895211175,0.017563812310785857
2009-08-14,NIFTY 50,4605.15,4619.00,4559.35,4580.05,-0.005432754610199212,0.016271920875354815
2009-08-17,NIFTY 50,4578.80,4578.80,4374.60,4387.9,-0.042859162369476664,0.01794264297009474
2009-08-18,NIFTY 50,4389.50,4491.45,4372.65,4458.9,0.016051346113227456,0.018285300702433966
2009-08-19,NIFTY 50,4457.75,4477.55,4353.45,4394.1,-0.014639366830587645,0.0182331905518817
2009-08-20,NIFTY 50,4394.35,4492.80,4394.35,4453.45,0.013416344691794911,0.01732213059905916
2009-08-21,NIFTY 50,4453.45,4538.70,4400.90,4528.8,0.016777927038284048,0.01761264658620734
2009-08-24,NIFTY 50,4536.95,4656.30,4536.95,4642.8,0.024860628772017543,0.01850091131691018
2009-08-25,NIFTY 50,4641.65,4672.90,4582.50,4659.35,0.003558320917749005,0.018500648675914076
2009-08-26,NIFTY 50,4659.45,4697.80,4659.10,4680.85,0.004603763939470462,0.018288867597646353
2009-08-27,NIFTY 50,4679.00,4707.90,4645.15,4688.2,0.0015689961112002372,0.018106923150025267
2009-08-28,NIFTY 50,4688.40,4743.75,4651.40,4732.35,0.009373194397193038,0.017960068463219788
2009-08-31,NIFTY 50,4730.85,4730.85,4635.00,4662.1,-0.014955917472976234,0.017933596807061403
2009-09-01,NIFTY 50,4662.20,4735.90,4600.65,4625.35,-0.007913946628162275,0.017959756243230058
2009-09-02,NIFTY 50,4624.00,4650.45,4576.60,4608.35,-0.003682168406527923,0.017952556861174487
2009-09-03,NIFTY 50,4608.75,4647.35,4581.05,4593.55,-0.003216729754013859,0.017171582992995007
2009-09-04,NIFTY 50,4608.70,4697.20,4580.35,4680.4,0.01873043074640276,0.016751541473156564
2009-09-07,NIFTY 50,4682.40,4790.00,4679.30,4782.9,0.021663480736626516,0.017042437909185425
2009-09-08,NIFTY 50,4782.85,4842.20,4782.65,4805.25,0.004662013105811371,0.017020543847808534
2009-09-09,NIFTY 50,4804.90,4825.05,4783.50,4814.25,0.0018711996727566542,0.016953653710262372
2009-09-10,NIFTY 50,4814.35,4889.05,4807.90,4819.4,0.0010691691084043764,0.015551762384218725
2009-09-11,NIFTY 50,4819.40,4856.15,4791.55,4829.55,0.002103856635973619,0.01544610942936184
2009-09-14,NIFTY 50,4830.35,4832.25,4786.25,4808.6,-0.004347314161895907,0.011324442568930835
2009-09-15,NIFTY 50,4808.35,4899.45,4808.35,4892.1,0.017215677692862183,0.011389337093158544
2009-09-16,NIFTY 50,4894.65,4966.30,4894.65,4958.4,0.01346144889814244,0.010591680484272397
2009-09-17,NIFTY 50,4958.55,5003.05,4944.15,4965.55,0.0014409587386406421,0.010490810117000487
2009-09-18,NIFTY 50,4963.95,4980.85,4931.90,4976.05,0.0021123368279190873,0.010164234503441448
2009-09-22,NIFTY 50,4977.10,5036.30,4977.10,5020.2,0.00883336992956451,0.00906409710368873
2009-09-23,NIFTY 50,5019.95,5030.75,4957.05,4969.95,-0.010059993851712367,0.009588090801488152
2009-09-24,NIFTY 50,4977.15,5016.70,4904.05,4986.55,0.003334508186853822,0.00958269537976552
2009-09-25,NIFTY 50,4985.10,4994.35,4931.25,4958.95,-0.00555026310440524,0.009775323741827161
2009-09-29,NIFTY 50,4959.15,5020.25,4959.10,5006.85,0.00961295006213148,0.00978394274416063
2009-09-30,NIFTY 50,5007.65,5087.60,5004.35,5083.95,0.015281543662740446,0.009212182883692374
2009-10-01,NIFTY 50,5087.20,5110.50,5057.05,5083.4,-0.00010818944966718126,0.008823238382650053
2009-10-05,NIFTY 50,5076.05,5076.05,4991.95,5003.2,-0.015902621331971862,0.00980441588119873
2009-10-06,NIFTY 50,5003.65,5034.70,4921.05,5027.4,0.004825244143718891,0.009651821437020267
2009-10-07,NIFTY 50,5031.70,5077.00,4972.95,4985.75,-0.008319108413964691,0.009447672231387729
2009-10-08,NIFTY 50,5011.25,5043.05,4971.75,5002.25,0.003303967763271161,0.008387649231929004
2009-10-09,NIFTY 50,4993.00,5032.60,4934.55,4945.2,-0.011470402063830269,0.00890257950690096
2009-10-12,NIFTY 50,4945.45,5068.05,4945.45,5054.25,0.021812064361664083,0.010002627193567794
2009-10-14,NIFTY 50,5054.35,5127.40,5054.35,5118.2,0.01257334122653395,0.010247875445298787
2009-10-15,NIFTY 50,5118.55,5152.25,5077.10,5108.85,-0.0018284847742078445,0.010303699925971074
2009-10-16,NIFTY 50,5108.65,5149.65,5093.20,5142.15,0.006496949982179874,0.010191901201304452
2009-10-17,NIFTY 50,5159.35,5176.80,5124.25,5141.8,-6.806723100259994e-05,0.009674232693272108
2009-10-20,NIFTY 50,5145.60,5181.95,5102.65,5114.45,-0.005333345975362617,0.009462835759950128
2009-10-21,NIFTY 50,5114.85,5117.45,5051.65,5063.6,-0.009992173959903579,0.00980874710698898
2009-10-22,NIFTY 50,5063.35,5064.25,4968.45,4988.6,-0.014922383503988,0.010425258823284603
2009-10-23,NIFTY 50,4986.55,5054.95,4983.25,4997.05,0.0016924290390621015,0.010231837270470388
2009-10-26,NIFTY 50,4997.15,5033.75,4961.35,4970.9,-0.005246828082143012,0.010043357184636312
2009-10-27,NIFTY 50,4970.55,4970.55,4829.50,4846.7,-0.02530284924076214,0.011482639338557995
2009-10-28,NIFTY 50,4846.55,4867.00,4784.10,4826.15,-0.004249012631778895,0.01146168608246015
2009-10-29,NIFTY 50,4826.10,4826.10,4738.40,4750.55,-0.01578864754377595,0.011588771009552216
2009-10-30,NIFTY 50,4751.10,4853.65,4687.50,4711.7,-0.008211623727306806,0.010844724287623089
2009-11-03,NIFTY 50,4712.25,4729.85,4538.50,4563.9,-0.03187125593478797,0.012478081723970214
2009-11-04,NIFTY 50,4567.30,4717.80,4565.00,4710.8,0.031680223830200804,0.01470560444065669
2009-11-05,NIFTY 50,4711.65,4776.35,4610.60,4765.55,0.011555210433726402,0.014968993135046207
2009-11-06,NIFTY 50,4767.50,4836.20,4764.85,4796.15,0.006400557320585155,0.015038557430277084
2009-11-09,NIFTY 50,4796.15,4905.25,4789.90,4898.4,0.021095108442039528,0.015868280153790548
2009-11-10,NIFTY 50,4898.90,4947.70,4860.10,4881.7,-0.0034151013242992834,0.015691083210893034
2009-11-11,NIFTY 50,4882.30,5016.70,4870.05,5003.95,0.02473408069104103,0.015923087876264726
2009-11-12,NIFTY 50,5004.40,5014.40,4924.75,4952.65,-0.010304813682976725,0.015755361927264976
2009-11-13,NIFTY 50,4952.35,5017.90,4942.65,4998.95,0.009305103515640213,0.01594406040952681
2009-11-16,NIFTY 50,4996.50,5073.20,4994.00,5058.05,0.011753143148071042,0.01611802385967597
2009-11-17,NIFTY 50,5058.95,5074.00,5010.15,5062.25,0.0008300149681578161,0.016121492835203692
2009-11-18,NIFTY 50,5061.50,5079.30,5041.65,5054.7,-0.001492544966929531,0.016087233017531007
2009-11-19,NIFTY 50,5043.95,5053.45,4963.70,4989.0,-0.013083014651411866,0.016196806321004457
2009-11-20,NIFTY 50,4988.75,5063.30,4932.80,5052.45,0.012637785276727957,0.01609896608573402
2009-11-23,NIFTY 50,5052.95,5113.10,5052.10,5103.55,0.010063101855796803,0.016236103327575663
2009-11-24,NIFTY 50,5105.00,5112.85,5053.50,5090.55,-0.0025504962766926416,0.016192161998664464
2009-11-25,NIFTY 50,5091.55,5138.00,5078.35,5108.15,0.0034514237052577987,0.014944602754635695
2009-11-26,NIFTY 50,5116.45,5116.45,4986.05,5005.55,-0.02029000660039215,0.01574220714584063
2009-11-27,NIFTY 50,5005.05,5005.05,4806.70,4941.75,-0.01282777735969636,0.015580943347184698
2009-11-30,NIFTY 50,4942.25,5066.35,4942.25,5032.7,0.018237099941313974,0.015792020110851478
2009-12-01,NIFTY 50,5039.70,5130.35,5038.85,5122.0,0.01758836835611769,0.013733657076715753
2009-12-02,NIFTY 50,5122.75,5161.75,5111.75,5123.25,0.00024401552059781837,0.012340212764955432
2009-12-03,NIFTY 50,5124.55,5181.00,5106.60,5131.7,0.001647985004785776,0.012227609119680433
2009-12-04,NIFTY 50,5131.70,5161.80,5081.85,5108.9,-0.004452871447631843,0.012341812994872832
2009-12-07,NIFTY 50,5108.85,5131.30,5051.55,5066.7,-0.008294398745237038,0.011832933964827994
2009-12-08,NIFTY 50,5068.55,5152.55,5058.90,5147.95,0.0159088590671527,0.012178125012765356
2009-12-09,NIFTY 50,5147.65,5147.65,5090.60,5112.0,-0.007007860101767232,0.011176458862831251
2009-12-10,NIFTY 50,5112.40,5146.45,5084.65,5134.65,0.004420964293897927,0.010868607337909564
2009-12-11,NIFTY 50,5136.05,5182.55,5088.40,5117.3,-0.003384725162333005,0.010777710669135925
2009-12-14,NIFTY 50,5117.45,5156.70,5090.15,5105.7,-0.0022693935201946905,0.010505676461345365
2009-12-15,NIFTY 50,5105.75,5129.45,5018.25,5033.05,-0.014331400508983112,0.011013002734724447
2009-12-16,NIFTY 50,5032.95,5067.25,5001.80,5042.05,0.0017865832386596801,0.011018553369936193
2009-12-17,NIFTY 50,5046.65,5064.20,5013.15,5041.75,-5.950137846623251e-05,0.010588928924287543
2009-12-18,NIFTY 50,5042.00,5043.40,4979.05,4987.7,-0.010778362375199309,0.010473161465416547
2009-12-21,NIFTY 50,4983.65,4997.85,4943.95,4952.6,-0.0070621904535858844,0.010249290012805057
2009-12-22,NIFTY 50,4953.35,4997.30,4953.35,4985.85,0.006691209203937125,0.010406614212903051
2009-12-23,NIFTY 50,4990.05,5150.60,4990.05,5144.6,0.03134372046685001,0.012664159867371046
2009-12-24,NIFTY 50,5144.80,5197.90,5129.05,5178.4,0.006548507369347207,0.011750337535361843
2009-12-29,NIFTY 50,5180.75,5214.60,5175.85,5187.95,0.0018425005333028207,0.011242813883038067
2009-12-30,NIFTY 50,5188.75,5197.05,5160.10,5169.45,-0.0035723288999222028,0.010672244071250754
2009-12-31,NIFTY 50,5171.20,5221.85,5168.75,5201.05,0.006094228398040244,0.010042115667276334
2010-01-04,NIFTY 50,5200.90,5238.45,5167.10,5232.2,0.005971311443401157,0.0101078992351387
2010-01-05,NIFTY 50,5277.15,5288.35,5242.40,5277.9,0.008696451606987676,0.010251621979330446
2010-01-06,NIFTY 50,5278.15,5310.85,5260.05,5281.8,0.0007386573818054325,0.010160826691401335
2010-01-07,NIFTY 50,5281.80,5302.55,5244.75,5263.1,-0.0035467419516279314,0.009969583614274398
2010-01-08,NIFTY 50,5264.25,5276.75,5234.70,5244.75,-0.003492630491201669,0.009466088908698463
2010-01-11,NIFTY 50,5263.80,5287.20,5227.80,5249.4,0.0008862080881879381,0.00928037979130252
2010-01-12,NIFTY 50,5251.10,5300.50,5200.95,5210.4,-0.0074571561080820515,0.00945041830242481
2010-01-13,NIFTY 50,5212.60,5239.20,5169.55,5233.95,0.004509622889075364,0.009434262257597303
2010-01-14,NIFTY 50,5234.50,5272.85,5232.50,5259.9,0.0049457640229250205,0.009435503601529283
2010-01-15,NIFTY 50,5259.90,5279.85,5242.45,5252.2,-0.0014649787154080952,0.00871098031855734
2010-01-18,NIFTY 50,5253.65,5292.50,5228.95,5274.85,0.004303206492214547,0.00872390953096358
2010-01-19,NIFTY 50,5274.20,5287.80,5218.65,5225.65,-0.009371050911387818,0.00909462873295711
2010-01-20,NIFTY 50,5226.10,5256.70,5201.40,5221.7,-0.0007561726539679993,0.008629826510721245
2010-01-21,NIFTY 50,5220.20,5220.35,5085.45,5094.15,-0.024730196842239333,0.0103672279827041
2010-01-22,NIFTY 50,5094.15,5094.15,4954.85,5036.0,-0.011480706349165783,0.010671755672284195
2010-01-25,NIFTY 50,5034.55,5035.70,4983.05,5007.9,-0.005595450634785838,0.007885582012828959
2010-01-27,NIFTY 50,5008.50,5008.50,4833.05,4853.1,-0.03139898952569383,0.010131458054760876
2010-01-28,NIFTY 50,4863.00,4929.90,4824.95,4867.25,0.002911419855261475,0.010162474354317943
2010-01-29,NIFTY 50,4866.15,4893.70,4766.00,4882.05,0.003036117745659316,0.0102564046826021
2010-02-01,NIFTY 50,4882.05,4918.80,4827.15,4899.7,0.0036087651299473015,0.010156772365963794
2010-02-02,NIFTY 50,4907.85,4951.15,4814.10,4830.1,-0.014306807368584017,0.010227608277046064
2010-02-03,NIFTY 50,4831.00,4949.15,4831.00,4931.85,0.020846999830384804,0.011323529871949366
2010-02-04,NIFTY 50,4931.30,4931.30,4832.35,4845.35,-0.017694689058617236,0.011713211440158092
2010-02-05,NIFTY 50,4819.65,4827.00,4692.35,4718.65,-0.026496740418009975,0.01271553536530741
2010-02-06,NIFTY 50,4712.75,4768.15,4712.75,4757.25,0.008147028462316413,0.013071696221502291
2010-02-08,NIFTY 50,4755.35,4799.05,4675.40,4760.4,0.0006619281261683714,0.013066586239088244
2010-02-09,NIFTY 50,4760.55,4810.40,4739.35,4792.65,0.006751796026252708,0.013303736707468981
2010-02-10,NIFTY 50,4793.00,4826.85,4748.10,4757.2,-0.007424234481447079,0.01316039817567545
2010-02-11,NIFTY 50,4757.25,4843.80,4757.25,4826.85,0.014534821122569845,0.013696927554947893
2010-02-15,NIFTY 50,4827.90,4845.60,4783.90,4801.95,-0.005171995576866831,0.01368167621753512
2010-02-16,NIFTY 50,4801.80,4880.00,4791.35,4855.75,0.01114148431344897,0.013994626852752394
2010-02-17,NIFTY 50,4858.65,4929.70,4857.60,4914.0,0.011924704368882228,0.014380449130994859
2010-02-18,NIFTY 50,4915.10,4922.05,4873.70,4887.75,-0.005356199200524958,0.014378203720014998
2010-02-19,NIFTY 50,4887.30,4887.30,4805.55,4844.9,-0.008805469603618544,0.0135461082790452
2010-02-22,NIFTY 50,4849.35,4912.05,4845.90,4856.4,0.002370817392839316,0.01341670741020522
2010-02-23,NIFTY 50,4856.60,4884.10,4833.15,4870.05,0.002806781294562519,0.013423671634698238
2010-02-24,NIFTY 50,4869.55,4880.55,4834.65,4858.6,-0.0023538734123993983,0.011429968803175185
2010-02-25,NIFTY 50,4859.00,4880.15,4835.60,4859.75,0.00023666569023900636,0.011410439441742536
2010-02-26,NIFTY 50,4858.50,4992.00,4858.45,4922.3,0.012788904684347055,0.011753724254411587
2010-03-02,NIFTY 50,4935.60,5029.45,4935.35,5017.0,0.019056244557683587,0.012461209793051644
2010-03-03,NIFTY 50,5015.80,5093.25,5015.10,5088.1,0.014072334430616385,0.01221795587286701
2010-03-04,NIFTY 50,5096.95,5096.95,5049.00,5080.25,-0.0015440069548168518,0.011460517894288744
2010-03-05,NIFTY 50,5080.55,5118.65,5068.05,5088.7,0.001661922213187777,0.010535820574486219
2010-03-08,NIFTY 50,5092.15,5147.10,5092.15,5124.0,0.006912988843384482,0.00806307713275902
2010-03-09,NIFTY 50,5121.05,5131.80,5094.35,5101.5,-0.004400769901265003,0.008219940794741615
2010-03-10,NIFTY 50,5101.60,5137.40,5092.05,5116.25,0.002887134691252988,0.008194621331097749
2010-03-11,NIFTY 50,5116.35,5152.60,5102.10,5133.4,0.0033464588556544913,0.008161094710273353
2010-03-12,NIFTY 50,5131.80,5158.10,5122.10,5137.0,0.0007010438050006855,0.0077857117004539456
2010-03-15,NIFTY 50,5134.45,5151.05,5101.20,5128.9,-0.0015780402460364594,0.0074471459475151745
2010-03-16,NIFTY 50,5128.95,5209.25,5125.70,5198.1,0.013401962963679308,0.007527544335293968
2010-03-17,NIFTY 50,5198.45,5260.50,5177.15,5231.9,0.006481326619618108,0.007364013481876004
2010-03-18,NIFTY 50,5232.55,5255.65,5214.40,5245.9,0.0026723182980201592,0.007108336429193884
2010-03-19,NIFTY 50,5246.80,5269.95,5237.10,5262.8,0.0032163853891340865,0.006813273145715996
2010-03-22,NIFTY 50,5260.95,5260.95,5187.05,5205.2,-0.011005078589080997,0.007039694340446987
2010-03-23,NIFTY 50,5205.85,5243.60,5193.40,5225.3,0.0038540865501014206,0.007034023031600334
2010-03-25,NIFTY 50,5225.30,5267.30,5202.95,5260.4,0.006694857015106151,0.007062849015485768
2010-03-26,NIFTY 50,5260.55,5293.75,5260.55,5282.0,0.004097744389267857,0.006910018228921446
2010-03-29,NIFTY 50,5283.90,5329.55,5242.15,5302.85,0.00393959800408031,0.0068481955492539276
2010-03-30,NIFTY 50,5302.95,5325.00,5251.35,5262.45,-0.007647714103306066,0.007046578848455858
2010-03-31,NIFTY 50,5260.40,5293.90,5235.15,5249.1,-0.0025400644391679198,0.006103195435953941
2010-04-01,NIFTY 50,5249.20,5298.60,5249.20,5290.5,0.007856126025532519,0.005608261939476801
2010-04-05,NIFTY 50,5291.40,5377.55,5291.40,5368.4,0.014617153179434456,0.006210244453881065
2010-04-06,NIFTY 50,5369.65,5388.65,5351.70,5366.0,-0.0004471605380813289,0.006247638856323714
2010-04-07,NIFTY 50,5365.70,5399.65,5345.05,5374.65,0.0016107036110672272,0.006169364843518189
2010-04-08,NIFTY 50,5376.30,5383.65,5290.25,5304.45,-0.013147364700826558,0.006938047335455805
2010-04-09,NIFTY 50,5302.40,5377.45,5302.25,5361.75,0.010744323419260678,0.007210955227131161
2010-04-12,NIFTY 50,5354.15,5382.15,5324.90,5339.7,-0.004120942714253985,0.007348303143823902
2010-04-13,NIFTY 50,5340.85,5356.50,5301.70,5322.95,-0.0031418106714996602,0.007432985128467484
2010-04-15,NIFTY 50,5323.30,5373.15,5265.30,5273.6,-0.009314419654219351,0.0078086357367467794
2010-04-16,NIFTY 50,5273.40,5283.05,5237.55,5262.6,-0.0020880400897069214,0.007306693660682341
2010-04-19,NIFTY 50,5279.05,5279.05,5160.90,5203.65,-0.011264898771734635,0.007627499727073277
2010-04-20,NIFTY 50,5208.30,5257.25,5208.30,5230.1,0.005070095921409568,0.007694740564377234
2010-04-21,NIFTY 50,5230.30,5266.30,5230.30,5244.9,0.002825777536646705,0.007686235290696504
2010-04-22,NIFTY 50,5248.60,5331.80,5221.10,5269.35,0.004650839398290155,0.007312869787162837
2010-04-23,NIFTY 50,5269.65,5311.05,5269.65,5304.1,0.006573091113291327,0.007401047727055125
2010-04-26,NIFTY 50,5299.35,5342.35,5299.35,5322.45,0.0034536172584872953,0.007298764044434575
2010-04-27,NIFTY 50,5322.10,5330.55,5301.40,5308.35,-0.002652671157030381,0.007283904041029789
2010-04-28,NIFTY 50,5308.20,5308.25,5202.45,5215.45,-0.01765567822323043,0.008245193086358167
2010-04-29,NIFTY 50,5215.25,5264.75,5214.80,5254.15,0.007392866252867173,0.008276577465148746
2010-04-30,NIFTY 50,5254.20,5294.80,5254.20,5278.0,0.004528997548881494,0.008316787357281818
2010-05-03,NIFTY 50,5278.40,5278.70,5210.05,5222.75,-0.010523154984110675,0.008449321367638334
2010-05-04,NIFTY 50,5223.90,5250.15,5134.85,5148.5,-0.014318672982353193,0.008171304983178052
2010-05-05,NIFTY 50,5148.35,5148.35,5056.50,5124.9,-0.004594397475683968,0.008180005218776085
2010-05-06,NIFTY 50,5124.40,5124.90,5037.75,5090.85,-0.006666201912426308,0.00818118950114785
2010-05-07,NIFTY 50,5072.30,5085.65,4984.60,5018.05,-0.0144033987028341,0.008269848123443089
2010-05-10,NIFTY 50,5026.60,5203.30,5026.60,5193.6,0.03438568631441109,0.011400893854411249
2010-05-11,NIFTY 50,5189.75,5206.70,5126.50,5136.15,-0.011123326769473975,0.011588583028971918
2010-05-12,NIFTY 50,5133.75,5172.85,5098.80,5156.65,0.003983372280925126,0.011659105921618349
2010-05-13,NIFTY 50,5157.55,5212.70,5147.95,5178.9,0.004305534658889504,0.011581506955038744
2010-05-14,NIFTY 50,5180.55,5192.75,5070.95,5093.5,-0.016627461460491728,0.01210413443583968
2010-05-17,NIFTY 50,5093.90,5094.55,4966.25,5059.9,-0.006618496789747306,0.011953184078635916
2010-05-18,NIFTY 50,5059.55,5105.20,5024.25,5066.2,0.001244309420776211,0.011874534418465185
2010-05-19,NIFTY 50,5065.10,5065.10,4908.15,4919.65,-0.02935363991662091,0.013334768492330134
2010-05-20,NIFTY 50,4924.30,4980.25,4924.30,4947.6,0.005665220756325772,0.013368092177959775
2010-05-21,NIFTY 50,4946.70,4946.70,4842.30,4931.15,-0.0033303839462558295,0.013170936136445047
2010-05-24,NIFTY 50,4944.30,5029.55,4923.45,4943.95,0.002592380263179894,0.013147892358539076
2010-05-25,NIFTY 50,4945.30,4946.60,4786.45,4806.75,-0.028143426765332942,0.014232945876005959
2010-05-26,NIFTY 50,4807.30,4925.45,4807.30,4917.4,0.022758755467648516,0.01517387475325389
2010-05-27,NIFTY 50,4915.15,5016.60,4897.60,5003.1,0.017277784775548685,0.01568075095017643
2010-05-28,NIFTY 50,5005.60,5077.25,5005.60,5066.55,0.012602392289715672,0.01597104337791567
2010-05-31,NIFTY 50,5076.10,5097.60,5038.55,5086.3,0.003890538107388262,0.015893321207892837
2010-06-01,NIFTY 50,5086.25,5086.95,4961.05,4970.2,-0.023090569963046176,0.01638426076513153
2010-06-02,NIFTY 50,4970.75,5031.20,4967.05,5019.85,0.009939972031555666,0.01657327436535005
2010-06-03,NIFTY 50,5020.15,5125.70,5020.15,5110.5,0.01789719400787405,0.01703768497331464
2010-06-04,NIFTY 50,5112.60,5147.90,5091.60,5135.5,0.004879962836728166,0.016710706346679205
2010-06-07,NIFTY 50,5132.95,5132.95,5004.25,5034.0,-0.019962312910597833,0.015389466867645607
2010-06-08,NIFTY 50,5036.70,5071.35,4967.30,4987.1,-0.009360318214627506,0.015336768007643546
2010-06-09,NIFTY 50,4985.05,5050.60,4980.10,5000.3,0.002643332135675688,0.015314589638402914
2010-06-10,NIFTY 50,4999.60,5085.20,4997.60,5078.6,0.015537722422982656,0.015740251105159538
2010-06-11,NIFTY 50,5078.75,5139.05,5078.75,5119.35,0.007991844810031372,0.015411195995414816
2010-06-14,NIFTY 50,5120.15,5201.25,5120.15,5197.7,0.015188742180986824,0.01566872595959243
2010-06-15,NIFTY 50,5201.30,5231.45,5171.05,5222.35,0.0047312721114335975,0.01568695381658273
2010-06-16,NIFTY 50,5225.05,5255.65,5214.90,5233.35,0.002104116234850469,0.013904461361027179
2010-06-17,NIFTY 50,5233.65,5285.55,5206.55,5274.85,0.007898634544404362,0.013935160926378313
2010-06-18,NIFTY 50,5274.95,5302.30,5245.50,5262.6,-0.0023250417356077235,0.013912149817214043
2010-06-21,NIFTY 50,5266.50,5366.75,5266.50,5353.3,0.017087991977804064,0.014249441297520468
2010-06-22,NIFTY 50,5353.95,5354.35,5311.05,5316.55,-0.0068885964327455515,0.01240037711233747
2010-06-23,NIFTY 50,5316.15,5333.30,5288.15,5323.15,0.00124063664324156,0.011695600713158621
2010-06-24,NIFTY 50,5323.25,5348.30,5284.55,5320.6,-0.00047915444252019445,0.011299005927370378
2010-06-25,NIFTY 50,5320.50,5320.50,5259.90,5269.05,-0.009735998300217765,0.011411321251778628
2010-06-28,NIFTY 50,5271.10,5339.45,5270.75,5333.5,0.012157602434584422,0.011632536030227097
2010-06-29,NIFTY 50,5333.55,5334.15,5235.80,5256.15,-0.014608863495529896,0.010778628556786263
2010-06-30,NIFTY 50,5254.25,5320.35,5210.00,5312.5,0.010663714662664756,0.010805054589560086
2010-07-01,NIFTY 50,5312.05,5312.55,5232.10,5251.4,-0.011567826529572119,0.010650640436659375
2010-07-02,NIFTY 50,5251.25,5277.25,5225.60,5237.1,-0.0027267977042565424,0.010654140282215759
2010-07-05,NIFTY 50,5237.00,5252.75,5225.85,5235.9,-0.00022916069994316968,0.009459424383594891
2010-07-06,NIFTY 50,5236.10,5297.45,5231.50,5289.05,0.010099896305302544,0.009231142296336495
2010-07-07,NIFTY 50,5293.10,5296.75,5233.45,5241.1,-0.009107245655882218,0.009616847508158529
2010-07-08,NIFTY 50,5242.00,5320.50,5242.00,5296.85,0.010580904279444874,0.009318378061397401
2010-07-09,NIFTY 50,5297.20,5359.05,5297.20,5352.45,0.01044209576320221,0.00941546593813805
2010-07-12,NIFTY 50,5352.25,5402.70,5351.60,5383.0,0.005691439569989525,0.00895556927779457
2010-07-13,NIFTY 50,5370.20,5406.20,5357.85,5400.65,0.003273477117847098,0.008935951218569898
2010-07-14,NIFTY 50,5402.00,5453.45,5371.70,5386.15,-0.002688472713630353,0.008988047589405494
2010-07-15,NIFTY 50,5387.10,5399.20,5360.60,5378.75,-0.0013748388123646033,0.008875766018991555
2010-07-16,NIFTY 50,5376.65,5401.35,5374.40,5393.9,0.002812680257476265,0.008849529423966601
2010-07-19,NIFTY 50,5392.70,5409.10,5361.50,5386.45,-0.0013821445845436462,0.008033940037430177
2010-07-20,NIFTY 50,5387.00,5416.45,5353.60,5368.0,-0.0034311411742243047,0.007907117113024395
2010-07-21,NIFTY 50,5368.85,5409.10,5368.85,5399.35,0.00582317628538332,0.007996164822216314
2010-07-22,NIFTY 50,5399.15,5447.15,5372.20,5441.95,0.007858876565478921,0.0081468090949193
2010-07-23,NIFTY 50,5441.90,5477.50,5435.15,5449.1,0.0013130049035137118,0.007735607163777592
2010-07-26,NIFTY 50,5446.55,5466.25,5409.20,5418.6,-0.00561297792108555,0.007485322877667649
2010-07-27,NIFTY 50,5420.20,5450.95,5407.20,5430.6,0.002212145576372013,0.006550496872549976
2010-07-28,NIFTY 50,5436.10,5447.85,5386.25,5397.55,-0.006104478167185235,0.006405227738541315
2010-07-29,NIFTY 50,5397.85,5415.85,5381.55,5408.9,0.0021005981008565223,0.005708071321561428
2010-07-30,NIFTY 50,5408.40,5413.25,5349.20,5367.6,-0.007664863768048645,0.00599889230787836
2010-08-02,NIFTY 50,5369.55,5438.85,5351.30,5431.65,0.011862073946144216,0.0064372834020894635
2010-08-03,NIFTY 50,5432.50,5459.20,5426.40,5439.55,0.0014533816672694165,0.006136330044295081
2010-08-04,NIFTY 50,5441.35,5481.90,5428.40,5467.85,0.005189149293773221,0.005661922678077103
2010-08-05,NIFTY 50,5470.15,5487.15,5443.10,5447.1,-0.0038021291892586856,0.005439451850118439
2010-08-06,NIFTY 50,5448.25,5471.90,5431.35,5439.25,-0.001442173246419225,0.00503350537536429
2010-08-09,NIFTY 50,5439.80,5492.30,5433.25,5486.15,0.008585550751362575,0.005219558663544668
2010-08-10,NIFTY 50,5486.80,5491.45,5445.35,5460.7,-0.0046497478000936815,0.005333295010170115
2010-08-11,NIFTY 50,5460.70,5474.60,5412.00,5420.6,-0.007370476235793017,0.00558010497534245
2010-08-12,NIFTY 50,5418.70,5431.10,5372.45,5416.45,-0.0007658911240351205,0.005572032989266367
2010-08-13,NIFTY 50,5420.65,5476.50,5415.50,5452.1,0.006560236251343688,0.005720274553702058
2010-08-16,NIFTY 50,5452.10,5465.25,5397.40,5418.3,-0.006218742443368605,0.005904916762702204
2010-08-17,NIFTY 50,5422.15,5443.55,5408.80,5414.15,-0.0007662163597404435,0.005846190565205247
2010-08-18,NIFTY 50,5416.25,5487.95,5416.25,5479.15,0.011934082684302,0.006286139671159282
2010-08-19,NIFTY 50,5478.25,5544.70,5478.10,5540.2,0.011080621750444355,0.00651543911510716
2010-08-20,NIFTY 50,5540.80,5546.60,5513.35,5530.65,-0.0017252518765574528,0.006540542993573896
2010-08-23,NIFTY 50,5531.15,5549.80,5519.40,5543.5,0.0023207209162302,0.00637322925698424
2010-08-24,NIFTY 50,5541.10,5547.25,5488.45,5505.1,-0.006951134916344244,0.006616769763942044
2010-08-25,NIFTY 50,5505.30,5506.15,5452.55,5462.35,-0.007795835223481295,0.006718094518520665
2010-08-26,NIFTY 50,5462.10,5486.55,5454.70,5477.9,0.002842715746288974,0.006728878959636377
2010-08-27,NIFTY 50,5489.60,5495.20,5391.95,5408.7,-0.012713047602605719,0.00713875552091044
2010-08-30,NIFTY 50,5408.90,5469.00,5390.35,5415.45,0.0012472112590806426,0.006615709560486499
2010-08-31,NIFTY 50,5413.55,5413.90,5348.90,5402.4,-0.0024126802147126925,0.0066228919161249525
2010-09-01,NIFTY 50,5403.05,5478.60,5403.05,5471.85,0.012773468385329183,0.00715227950814358
2010-09-02,NIFTY 50,5471.90,5513.95,5471.85,5486.15,0.0026099668037131373,0.007114766068417716
2010-09-03,NIFTY 50,5486.30,5510.40,5473.65,5479.4,-0.001231128553071871,0.007112112935040827
2010-09-06,NIFTY 50,5479.55,5589.40,5479.55,5576.95,0.0176464260591809,0.007907281139142961
2010-09-07,NIFTY 50,5575.90,5625.50,5571.65,5604.0,0.004838596501114125,0.007846191947348884
2010-09-08,NIFTY 50,5604.25,5625.30,5567.75,5607.85,0.0006867733962413363,0.007580176351058974
2010-09-09,NIFTY 50,5608.30,5647.45,5608.10,5640.05,0.005725528847896599,0.007608046711649382
2010-09-13,NIFTY 50,5639.20,5770.60,5639.20,5760.0,0.021044543988901446,0.008677008705235852
2010-09-14,NIFTY 50,5760.30,5838.45,5760.30,5795.55,0.006152906984961695,0.008442019225171323
2010-09-15,NIFTY 50,5795.25,5869.45,5792.20,5860.95,0.011221324797729955,0.008557994123503549
2010-09-16,NIFTY 50,5861.10,5901.65,5815.80,5828.7,-0.005517715555451663,0.008592303914306265
2010-09-17,NIFTY 50,5828.70,5898.40,5828.70,5884.95,0.009604253564387061,0.008526148703805731
2010-09-20,NIFTY 50,5885.05,5989.50,5885.05,5980.45,0.016097571468031785,0.00892627552424129
2010-09-21,NIFTY 50,5980.50,6032.80,5961.85,6009.05,0.004770850201769429,0.008920133743804586
2010-09-22,NIFTY 50,6008.40,6037.40,5946.45,5991.0,-0.0030083230674402563,0.008705613153567745
2010-09-23,NIFTY 50,5991.05,6006.80,5932.40,5959.55,-0.005263368230755932,0.008538313549813848
2010-09-24,NIFTY 50,5959.45,6029.10,5951.20,6018.3,0.009809852542983255,0.008615113616538392
2010-09-27,NIFTY 50,6018.30,6073.50,6018.30,6035.65,0.0028787263895591083,0.007601944626761473
2010-09-28,NIFTY 50,6036.05,6049.80,5991.30,6029.5,-0.001019465242064287,0.0076848733452474505
2010-09-29,NIFTY 50,6029.15,6071.55,5979.65,5991.3,-0.006355671600769934,0.007941348784508714
2010-09-30,NIFTY 50,5991.35,6048.45,5963.60,6029.95,0.00643030187001247,0.007746104407351121
2010-10-01,NIFTY 50,6030.30,6153.10,6030.30,6143.4,0.018639615995936245,0.008310213534508025
2010-10-04,NIFTY 50,6144.70,6222.10,6144.70,6159.45,0.0026091530182471515,0.008186106792872412
2010-10-05,NIFTY 50,6159.45,6188.35,6118.05,6145.8,-0.002218566156529091,0.007878797710141132
2010-10-06,NIFTY 50,6150.95,6223.40,6148.60,6186.45,0.006592494836544892,0.007888344862985067
2010-10-07,NIFTY 50,6186.85,6199.45,6107.50,6120.3,-0.010750301594295648,0.00859602539772763
2010-10-08,NIFTY 50,6121.40,6148.60,6067.00,6103.45,-0.002756929857465299,0.008733892075679942
2010-10-11,NIFTY 50,6105.95,6187.75,6105.95,6135.85,0.005294432799868514,0.007767870010232791
2010-10-12,NIFTY 50,6135.95,6144.95,6057.95,6090.9,-0.007352763818891204,0.008075016339275728
2010-10-13,NIFTY 50,6091.45,6240.25,6089.75,6233.9,0.023206286097191185,0.009132854778766143
2010-10-14,NIFTY 50,6234.30,6284.10,6157.90,6177.35,-0.009112763232876742,0.009344012288241159
2010-10-15,NIFTY 50,6175.90,6200.60,6050.35,6062.65,-0.01874237869292459,0.010368068631921728
2010-10-18,NIFTY 50,6112.75,6115.10,5985.10,6075.95,0.0021913573760184626,0.00978670002514034
2010-10-19,NIFTY 50,6114.45,6127.05,6008.15,6027.3,-0.008039206331489426,0.009930727917527318
2010-10-20,NIFTY 50,6002.95,6038.10,5966.75,5982.1,-0.0075274723849369585,0.010057021386392938
2010-10-21,NIFTY 50,6008.90,6113.50,5984.90,6101.5,0.019762965704607293,0.010899073798110386
2010-10-22,NIFTY 50,6113.40,6121.10,6041.35,6066.05,-0.00582699069330933,0.010807672866939204
2010-10-25,NIFTY 50,6101.25,6151.30,6094.60,6105.8,0.006531487212252284,0.010882456855216634
2010-10-26,NIFTY 50,6116.30,6120.25,6074.65,6082.0,-0.003905549853527308,0.010923808022796428
2010-10-27,NIFTY 50,6075.45,6075.95,5987.55,6012.65,-0.01146800610954214,0.011148537774882143
2010-10-28,NIFTY 50,6039.95,6071.10,5968.10,5987.7,-0.004158218043706576,0.01108723938351838
2010-10-29,NIFTY 50,6021.15,6032.65,5937.10,6017.7,0.004997761414700352,0.010245039673075983
2010-11-01,NIFTY 50,6092.30,6132.40,6084.75,6117.55,0.01645656305806023,0.010947977966048671
2010-11-02,NIFTY 50,6127.55,6138.10,6094.40,6119.0,0.00023699490571874144,0.010939582806414739
2010-11-03,NIFTY 50,6150.60,6182.50,6146.80,6160.5,0.0067592586021823315,0.010945109567590537
2010-11-04,NIFTY 50,6209.60,6290.15,6199.35,6281.8,0.01949862053247328,0.011488450615558008
2010-11-05,NIFTY 50,6321.85,6338.50,6303.10,6312.45,0.004867310162970098,0.01147315257997491
2010-11-08,NIFTY 50,6335.25,6335.90,6265.35,6273.2,-0.006237282499896811,0.011571475705838405
2010-11-09,NIFTY 50,6281.00,6310.90,6243.55,6301.55,0.004509043604539654,0.011418027129710915
2010-11-10,NIFTY 50,6303.20,6307.65,6269.25,6275.7,-0.0041106023016247595,0.010287926153549546
2010-11-11,NIFTY 50,6286.35,6296.55,6179.50,6194.25,-0.013063590204248366,0.010514305655781712
2010-11-12,NIFTY 50,6182.30,6202.50,6056.75,6071.65,-0.019991045578541648,0.01063531895152421
2010-11-15,NIFTY 50,6079.90,6128.75,6039.40,6121.6,0.008193103465539366,0.010781865198699227
2010-11-16,NIFTY 50,6143.45,6144.05,5970.60,5988.7,-0.02194914007114019,0.011757633827733113
2010-11-18,NIFTY 50,6075.95,6076.20,5906.75,5998.8,0.0016850890327313288,0.011640331673380256
2010-11-19,NIFTY 50,6011.30,6013.25,5863.95,5890.3,-0.018252519072895698,0.011367932146537996
2010-11-22,NIFTY 50,5920.90,6020.25,5905.15,6010.0,0.020117818394623923,0.012320033989070474
2010-11-23,NIFTY 50,5971.55,5973.35,5824.95,5934.75,-0.01259984437184087,0.01248982205158103
2010-11-24,NIFTY 50,5946.80,5976.65,5833.60,5865.75,-0.01169455300758192,0.012691193399265097
2010-11-25,NIFTY 50,5883.95,5907.10,5780.35,5799.75,-0.011315537992575984,0.012685131092022198
2010-11-26,NIFTY 50,5828.55,5838.50,5690.35,5751.95,-0.008275885422803976,0.012758579570882393
2010-11-29,NIFTY 50,5789.95,5843.15,5754.70,5830.0,0.013478072610087481,0.013138923339263694
2010-11-30,NIFTY 50,5811.60,5892.25,5768.35,5862.7,0.0055932479666812845,0.012565902879310866
2010-12-01,NIFTY 50,5871.00,5971.00,5865.55,5960.9,0.01661122805921959,0.013243234749053642
2010-12-02,NIFTY 50,6023.05,6029.50,5980.60,6011.7,0.008486094057768843,0.013304094257685164
2010-12-03,NIFTY 50,6013.35,6025.40,5964.25,5992.8,-0.00314882179453475,0.01237926802474438
2010-12-06,NIFTY 50,6033.65,6069.45,5981.70,5992.25,-9.17810105734242e-05,0.0122762310137599
2010-12-07,NIFTY 50,5995.05,6001.00,5939.70,5976.55,-0.002623489239499179,0.012246480541763697
2010-12-08,NIFTY 50,5954.40,5960.00,5878.60,5903.7,-0.012264205402446911,0.012320942278247008
2010-12-09,NIFTY 50,5924.25,5927.30,5742.30,5766.5,-0.02351396231516027,0.013128815139747799
2010-12-10,NIFTY 50,5761.00,5865.50,5721.15,5857.35,0.01563197219343978,0.01366959823851011
2010-12-13,NIFTY 50,5882.65,5913.80,5795.90,5907.65,0.008550838330816948,0.013263843744796756
2010-12-14,NIFTY 50,5928.70,5953.95,5888.75,5944.1,0.006151009753580716,0.013194036170331519
2010-12-15,NIFTY 50,5931.15,5942.75,5865.80,5892.3,-0.008752717160565747,0.012423527954489488
2010-12-16,NIFTY 50,5910.55,5956.15,5855.05,5948.75,0.009534699652055223,0.012628841987540496
2010-12-20,NIFTY 50,5926.85,5985.00,5900.25,5947.05,-0.00028581516359932433,0.011912190951686389
2010-12-21,NIFTY 50,5960.40,6007.45,5960.05,6000.65,0.0089724984041726,0.011183541285478615
2010-12-22,NIFTY 50,6019.00,6023.80,5958.00,5984.4,-0.0027117133358163866,0.01081326769502736
2010-12-23,NIFTY 50,6005.90,6006.45,5964.60,5980.0,-0.000735515395399652,0.010438419984342568
2010-12-24,NIFTY 50,5940.25,6017.35,5940.25,6011.6,0.005270368115261831,0.01006358159823682
2010-12-27,NIFTY 50,6013.30,6045.75,5991.10,5998.1,-0.0022481836658901203,0.009833776784335412
2010-12-28,NIFTY 50,6005.35,6010.90,5982.25,5996.0,-0.00035017217156083227,0.009470755394444115
2010-12-29,NIFTY 50,6005.15,6067.55,6002.85,6060.35,0.010674973948648895,0.009655435218062287
2010-12-30,NIFTY 50,6062.35,6106.40,6062.35,6101.85,0.006824449699104914,0.009089098851248057
2010-12-31,NIFTY 50,6105.10,6147.30,6103.55,6134.5,0.005336571360995537,0.008982299752934743
2011-01-03,NIFTY 50,6177.45,6178.55,6147.20,6157.6,0.0037585159888701408,0.008946657520850937
2011-01-04,NIFTY 50,6172.75,6181.05,6124.40,6146.35,-0.0018286815429306952,0.008969854982220337
2011-01-05,NIFTY 50,6141.35,6141.35,6062.35,6079.8,-0.010886608994850154,0.00934122308146729
2011-01-06,NIFTY 50,6107.00,6116.15,6022.30,6048.25,-0.0052028266984299855,0.008944216259701432
2011-01-07,NIFTY 50,6030.90,6051.20,5883.60,5904.6,-0.024037265850901966,0.00902078586438537
2011-01-10,NIFTY 50,5901.30,5907.25,5740.95,5762.85,-0.024299564145424824,0.010018415724473557
2011-01-11,NIFTY 50,5767.95,5842.60,5698.20,5754.1,-0.001519499812634031,0.009773073459645374
2011-01-12,NIFTY 50,5800.05,5874.20,5711.30,5863.25,0.01879141316675056,0.010650744316348954
2011-01-13,NIFTY 50,5850.75,5857.75,5736.70,5751.9,-0.019173822349231248,0.011301263062187391
2011-01-14,NIFTY 50,5752.10,5833.65,5639.65,5654.55,-0.017069704205357306,0.011533857076548502
2011-01-17,NIFTY 50,5648.80,5696.15,5624.15,5654.75,3.5369120992478426e-05,0.0115373781348132
2011-01-18,NIFTY 50,5682.55,5730.50,5671.25,5724.05,0.01218069688034434,0.011726328764557963
2011-01-19,NIFTY 50,5737.35,5747.65,5662.55,5691.05,-0.005781831421762244,0.011751249850859636
2011-01-20,NIFTY 50,5656.00,5729.45,5634.50,5711.6,0.0036044291894675113,0.01182563649672535
2011-01-21,NIFTY 50,5692.05,5717.55,5674.50,5696.5,-0.0026472434179697956,0.01169076518581797
2011-01-24,NIFTY 50,5717.10,5756.00,5697.75,5743.25,0.008173301034109938,0.011941154379888555
2011-01-25,NIFTY 50,5763.30,5801.55,5680.65,5687.4,-0.009772050485229432,0.012050893198547656
2011-01-27,NIFTY 50,5725.30,5726.10,5594.95,5604.3,-0.014719041472425117,0.011910915876974069
2011-01-28,NIFTY 50,5614.00,5614.40,5459.55,5512.15,-0.016579413538722818,0.011950223202340533
2011-01-31,NIFTY 50,5452.55,5526.85,5416.65,5505.9,-0.0011345021433669593,0.011739032961445399
2011-02-01,NIFTY 50,5537.30,5539.15,5402.00,5417.2,-0.016241167751319757,0.011769115425699401
2011-02-02,NIFTY 50,5469.55,5490.60,5415.65,5432.0,0.0027283134573158102,0.011905703070064963
2011-02-03,NIFTY 50,5430.45,5532.65,5418.00,5526.75,0.017292549076686366,0.012941440307880928
2011-02-04,NIFTY 50,5519.90,5556.30,5369.05,5395.75,-0.023988332676138546,0.013637606167486849
2011-02-07,NIFTY 50,5430.15,5440.35,5376.95,5396.0,4.633168856676948e-05,0.012981453896872889
2011-02-08,NIFTY 50,5432.35,5432.35,5303.40,5312.55,-0.015585992374558714,0.012416010907048742
2011-02-09,NIFTY 50,5293.05,5339.45,5225.65,5253.55,-0.011167907405001168,0.012498943665817979
2011-02-10,NIFTY 50,5246.05,5272.60,5196.80,5225.8,-0.005296142387375059,0.011227204218761356
2011-02-11,NIFTY 50,5219.65,5319.45,5177.70,5310.0,0.015983939075273,0.011755518188798834
2011-02-14,NIFTY 50,5340.25,5463.80,5340.25,5456.0,0.027124085287313617,0.01322998325277854
2011-02-15,NIFTY 50,5467.75,5506.50,5408.35,5481.0,0.00457164552281843,0.013301565450693002
2011-02-16,NIFTY 50,5467.60,5504.80,5460.35,5481.7,0.0001277057660888628,0.012913617966686953
2011-02-17,NIFTY 50,5501.70,5553.00,5463.40,5546.45,0.011742811631925358,0.01324543888396921
2011-02-18,NIFTY 50,5557.55,5599.25,5441.95,5458.95,-0.01590161989098277,0.013580238318803289
2011-02-21,NIFTY 50,5456.60,5526.25,5413.10,5518.6,0.010867741361787475,0.01389272287569675
2011-02-22,NIFTY 50,5504.40,5519.45,5437.30,5469.2,-0.008991851480008755,0.013787875087296323
2011-02-23,NIFTY 50,5452.45,5495.20,5427.55,5437.35,-0.0058405436253899596,0.013705690150556065
2011-02-24,NIFTY 50,5408.75,5423.40,5242.50,5262.7,-0.03264760679046823,0.015081546683580284
2011-02-25,NIFTY 50,5321.05,5338.20,5232.75,5303.55,0.007732204618416279,0.014920598470498644
2011-02-28,NIFTY 50,5330.15,5477.00,5308.60,5333.25,0.005584400794252342,0.015014769187758778
2011-03-01,NIFTY 50,5382.00,5533.05,5373.55,5522.3,0.03483363172462017,0.01664698269581861
2011-03-03,NIFTY 50,5478.45,5570.75,5468.25,5536.2,0.002513904656207938,0.01664585351034217
2011-03-04,NIFTY 50,5586.20,5608.20,5524.10,5538.75,0.0004604987011341976,0.016195517174785873
2011-03-07,NIFTY 50,5490.05,5491.25,5408.45,5463.15,-0.013743297053963786,0.015542080020869082
2011-03-08,NIFTY 50,5466.10,5530.55,5464.75,5520.8,0.010497230846656594,0.015696670342475814
2011-03-09,NIFTY 50,5542.40,5563.30,5477.45,5531.0,0.0018458536882859746,0.015194799415580414
2011-03-10,NIFTY 50,5516.10,5516.30,5468.45,5494.4,-0.006639239291521715,0.0150207567366161
2011-03-11,NIFTY 50,5456.15,5502.70,5411.55,5445.45,-0.008948994122875429,0.015138973350632193
2011-03-14,NIFTY 50,5436.50,5537.30,5434.25,5531.5,0.015678628894684736,0.015124339466109336
2011-03-15,NIFTY 50,5420.00,5497.85,5373.65,5449.65,-0.01490764006336634,0.01435660040763365
2011-03-16,NIFTY 50,5475.95,5535.10,5475.95,5511.15,0.011221926391916567,0.014545251269372934
2011-03-17,NIFTY 50,5455.40,5510.05,5435.30,5446.65,-0.011772572037833485,0.014792862538124268
2011-03-18,NIFTY 50,5475.35,5483.05,5366.40,5373.7,-0.013484056487894143,0.014785610745226795
2011-03-21,NIFTY 50,5408.75,5413.30,5348.20,5364.75,-0.0016669076211852283,0.014397546853475997
2011-03-22,NIFTY 50,5390.85,5428.15,5376.15,5413.85,0.009110708186283338,0.014327342617301484
2011-03-23,NIFTY 50,5411.40,5484.95,5401.95,5480.25,0.012190235496550678,0.014484273412589116
2011-03-24,NIFTY 50,5501.80,5529.00,5496.10,5522.4,0.007661828049828827,0.01450742102782353
2011-03-25,NIFTY 50,5588.65,5667.10,5560.95,5654.25,0.023594926370655172,0.013067115539115421
2011-03-28,NIFTY 50,5645.25,5709.10,5643.20,5687.25,0.005819352489233676,0.01304216409113834
2011-03-29,NIFTY 50,5686.50,5770.35,5680.70,5736.35,0.008596292299873102,0.013084908513699998
2011-03-30,NIFTY 50,5755.80,5803.15,5753.90,5787.65,0.008903217436164032,0.01094070824005286
2011-03-31,NIFTY 50,5803.05,5872.00,5778.65,5833.75,0.007933681278833598,0.011011959246387931
2011-04-01,NIFTY 50,5835.00,5860.20,5810.40,5826.05,-0.001320777563827426,0.011037497592145729
2011-04-04,NIFTY 50,5842.00,5918.70,5833.20,5908.45,0.014044288958366092,0.010622553276919924
2011-04-05,NIFTY 50,5923.85,5928.65,5855.85,5910.05,0.00027076194267892104,0.010534952090477749
2011-04-06,NIFTY 50,5908.00,5944.45,5868.80,5891.75,-0.0031012243330383756,0.010631163288814105
2011-04-07,NIFTY 50,5888.55,5906.10,5866.25,5885.7,-0.0010273871733118038,0.010431112962683885
2011-04-08,NIFTY 50,5886.75,5926.95,5822.00,5842.0,-0.007452476147206548,0.01034255815233008
2011-04-11,NIFTY 50,5805.35,5830.30,5777.90,5785.7,-0.009683848047219851,0.010327470747509785
2011-04-13,NIFTY 50,5747.95,5923.60,5735.55,5911.5,0.02151025040270159,0.010354225199198494
2011-04-15,NIFTY 50,5898.75,5907.35,5806.45,5824.55,-0.014817863072334443,0.011022829334668078
2011-04-18,NIFTY 50,5824.35,5897.90,5722.25,5729.1,-0.01652329292135554,0.011397426636983581
2011-04-19,NIFTY 50,5716.00,5762.95,5693.25,5740.75,0.0020314134895016763,0.010760436924883194
2011-04-20,NIFTY 50,5786.05,5857.35,5759.65,5851.65,0.019133808939988714,0.011248875215311479
2011-04-21,NIFTY 50,5882.85,5912.90,5864.35,5884.7,0.005632089595711393,0.01119806652430315
2011-04-25,NIFTY 50,5859.60,5906.60,5857.00,5874.5,-0.0017348123270524785,0.011105659749613432
2011-04-26,NIFTY 50,5876.85,5893.20,5791.55,5868.4,-0.0010389257421384095,0.011103372719550817
2011-04-27,NIFTY 50,5884.20,5892.35,5819.95,5833.9,-0.005896293882912197,0.010146787296912218
2011-04-28,NIFTY 50,5851.35,5856.40,5776.95,5785.45,-0.008339585398923132,0.010326601543978436
2011-04-29,NIFTY 50,5782.50,5804.30,5706.05,5749.5,-0.006233250494934193,0.010273839692361763
2011-05-02,NIFTY 50,5766.90,5775.25,5687.70,5701.3,-0.008418675494688074,0.010223951753578644
2011-05-03,NIFTY 50,5689.70,5710.80,5554.85,5565.25,-0.024152311663592992,0.011254795163932073
2011-05-04,NIFTY 50,5567.70,5578.80,5503.00,5537.15,-0.005061979392201208,0.011267768157143981
2011-05-05,NIFTY 50,5531.60,5560.30,5443.65,5459.85,-0.014058611104135746,0.010834335797957626
2011-05-06,NIFTY 50,5477.65,5564.40,5472.45,5551.45,0.016637838044859847,0.01174927130975706
2011-05-09,NIFTY 50,5575.20,5586.05,5502.40,5551.1,-6.304857895085434e-05,0.011769283190913613
2011-05-10,NIFTY 50,5555.55,5592.90,5514.55,5541.25,-0.001775999240747179,0.011763942750402783
2011-05-11,NIFTY 50,5547.20,5574.70,5525.00,5565.05,0.00428586233598548,0.011823582902186974
2011-05-12,NIFTY 50,5537.80,5572.50,5476.30,5486.15,-0.014279234945574216,0.012015100970970487
2011-05-13,NIFTY 50,5492.35,5605.00,5472.15,5544.75,0.010624799655644779,0.011072230102017284
2011-05-16,NIFTY 50,5541.70,5541.80,5487.65,5499.0,-0.008285276597504446,0.010804663403974039
2011-05-17,NIFTY 50,5496.10,5523.85,5421.05,5438.95,-0.010980229993444356,0.010503045759438761
2011-05-18,NIFTY 50,5448.20,5460.50,5401.25,5420.6,-0.0033795171005826714,0.010447044668012218
2011-05-19,NIFTY 50,5448.15,5452.60,5411.25,5428.1,0.0013826543631648277,0.009153273616584497
2011-05-20,NIFTY 50,5450.65,5517.55,5432.75,5486.35,0.010674024446023072,0.009488751176289254
2011-05-23,NIFTY 50,5456.70,5456.70,5373.00,5386.55,-0.01835808346638717,0.010037738767262504
2011-05-24,NIFTY 50,5385.10,5422.60,5367.45,5394.85,0.0015396890273424305,0.010098690066711444
2011-05-25,NIFTY 50,5389.10,5389.10,5328.70,5348.95,-0.008544514837965617,0.010139287012554886
2011-05-26,NIFTY 50,5372.75,5422.20,5356.35,5412.35,0.011783099354884748,0.010704106273240562
2011-05-27,NIFTY 50,5413.70,5485.80,5413.60,5476.1,0.01170978944549857,0.011189189615537214
2011-05-30,NIFTY 50,5493.75,5509.30,5458.60,5473.1,-0.0005479852546435725,0.011105797230318357
2011-05-31,NIFTY 50,5492.00,5571.60,5489.70,5560.15,0.015779902806278476,0.010494352469208061
2011-06-01,NIFTY 50,5561.05,5597.35,5559.45,5592.0,0.005711918615662891,0.010499833456904022
2011-06-02,NIFTY 50,5529.90,5568.20,5521.95,5550.35,-0.007476016098494227,0.010115841609605896
2011-06-03,NIFTY 50,5565.70,5604.95,5507.20,5516.75,-0.006072070051961966,0.009503114463291122
2011-06-06,NIFTY 50,5504.30,5542.65,5479.85,5532.05,0.00276953330310092,0.00952811840058391
2011-06-07,NIFTY 50,5509.15,5570.10,5507.80,5556.15,0.0043469702836812065,0.009572130790725766
2011-06-08,NIFTY 50,5535.25,5556.60,5514.90,5526.85,-0.005287389382006479,0.009592936827724627
2011-06-09,NIFTY 50,5523.55,5540.10,5502.05,5521.05,-0.0010499733945543062,0.009020537267599927
2011-06-10,NIFTY 50,5518.05,5521.45,5457.45,5485.8,-0.006405124174975384,0.008797336081246703
2011-06-13,NIFTY 50,5469.85,5496.70,5436.95,5482.8,-0.000547016041209739,0.008606606461897624
2011-06-14,NIFTY 50,5485.60,5520.15,5484.20,5500.5,0.0032230778222641816,0.008244061209823303
2011-06-15,NIFTY 50,5494.45,5499.35,5438.95,5447.5,-0.00968220936071541,0.008518576004243642
2011-06-16,NIFTY 50,5419.65,5447.50,5389.80,5396.75,-0.009359867303788395,0.008777962076634354
2011-06-17,NIFTY 50,5412.50,5421.15,5355.85,5366.4,-0.005639627886096902,0.00845767892274677
2011-06-20,NIFTY 50,5372.20,5377.40,5195.90,5257.9,-0.020425585158185232,0.008689120532438631
2011-06-21,NIFTY 50,5280.80,5322.45,5257.00,5275.85,0.0034080963330783425,0.00873017152823436
2011-06-22,NIFTY 50,5304.65,5310.50,5262.50,5278.3,0.0004642723561836026,0.008557376004960707
2011-06-23,NIFTY 50,5269.10,5330.60,5252.25,5320.0,0.0078692271757238,0.008298568106261481
2011-06-24,NIFTY 50,5343.40,5477.85,5343.40,5471.25,0.028033806169414976,0.010187721246792871
2011-06-27,NIFTY 50,5441.20,5552.65,5434.25,5526.6,0.010065688717139904,0.010433572713998161
2011-06-28,NIFTY 50,5548.85,5558.30,5496.35,5545.3,0.003377923894030098,0.009827748316492729
2011-06-29,NIFTY 50,5566.50,5608.65,5566.50,5600.45,0.009896229521360456,0.010001739483381018
2011-06-30,NIFTY 50,5614.50,5657.90,5606.10,5647.4,0.008348310597775015,0.009998828035304046
2011-07-01,NIFTY 50,5705.75,5705.80,5609.75,5627.2,-0.0035832795156925243,0.009923127412906872
2011-07-04,NIFTY 50,5679.55,5679.65,5633.10,5650.5,0.004132054080487368,0.009940640916580031
2011-07-05,NIFTY 50,5659.85,5659.85,5612.30,5632.1,-0.003261662438139163,0.00995378149448063
2011-07-06,NIFTY 50,5622.70,5655.40,5610.75,5625.45,-0.0011814294892748425,0.009866208295687203
2011-07-07,NIFTY 50,5633.35,5737.15,5632.95,5728.95,0.018231322971082205,0.010583240434288137
2011-07-08,NIFTY 50,5734.65,5740.40,5651.05,5660.65,-0.011993541250967457,0.01088216701704417
2011-07-11,NIFTY 50,5648.05,5652.90,5601.70,5616.1,-0.007901253777982509,0.011079878556223765
2011-07-12,NIFTY 50,5556.90,5580.25,5496.95,5526.15,-0.01614610229171276,0.011721748519645327
2011-07-13,NIFTY 50,5542.05,5596.15,5541.40,5585.45,0.01067363169755775,0.01169926066898514
2011-07-14,NIFTY 50,5569.00,5653.95,5541.70,5599.8,0.0025658805789873286,0.01143085066571037
2011-07-15,NIFTY 50,5602.95,5631.70,5562.75,5581.1,-0.003344993235992904,0.011363070161892055
2011-07-18,NIFTY 50,5581.75,5596.60,5550.95,5567.05,-0.002520598922474872,0.010146683723291567
2011-07-19,NIFTY 50,5569.85,5627.65,5557.20,5613.55,0.008318027316835772,0.010219860728071227
2011-07-20,NIFTY 50,5642.05,5645.40,5555.10,5567.05,-0.008318027316835872,0.010523336414031935
2011-07-21,NIFTY 50,5554.60,5578.90,5532.70,5541.6,-0.004582022932892865,0.010567345339561574
2011-07-22,NIFTY 50,5576.95,5642.20,5567.10,5633.95,0.016527526999156446,0.009316960156594747
2011-07-25,NIFTY 50,5633.80,5700.55,5616.70,5680.3,0.008193253514290453,0.009235036611007035
2011-07-26,NIFTY 50,5688.45,5702.25,5560.15,5574.85,-0.0187386370850873,0.010250467642109426
2011-07-27,NIFTY 50,5588.55,5591.70,5521.50,5546.8,-0.005044226257045647,0.010054216285599993
2011-07-28,NIFTY 50,5492.40,5512.10,5475.65,5487.75,-0.010702849447460137,0.010076103038568505
2011-07-29,NIFTY 50,5479.00,5520.30,5453.95,5482.0,-0.0010483375695179318,0.010063578033618294
2011-08-01,NIFTY 50,5527.50,5551.90,5486.45,5516.8,0.006327984166588267,0.01013774982373183
2011-08-02,NIFTY 50,5493.20,5496.30,5433.65,5456.55,-0.010981260135037224,0.010364895435072885
2011-08-03,NIFTY 50,5402.00,5422.60,5378.85,5404.8,-0.009529274280801086,0.0105148593154865
2011-08-04,NIFTY 50,5412.40,5434.50,5323.15,5331.8,-0.013598555395720288,0.009666009628747804
2011-08-05,NIFTY 50,5204.35,5229.65,5116.45,5211.25,-0.022869142022754082,0.010438561617206259
2011-08-08,NIFTY 50,5083.85,5204.20,5054.05,5118.5,-0.0179583228351812,0.010863098022247084
2011-08-09,NIFTY 50,4947.90,5167.00,4946.45,5072.85,-0.008958637533065717,0.010577511185343074
2011-08-10,NIFTY 50,5196.55,5197.95,5123.35,5161.0,0.017227569321967295,0.01115111597619995
2011-08-11,NIFTY 50,5128.00,5184.95,5121.00,5138.3,-0.004408073705432095,0.011045116884231621
2011-08-12,NIFTY 50,5194.40,5194.45,5053.35,5072.95,-0.012799783026103245,0.011203274956325086
2011-08-16,NIFTY 50,5125.75,5132.20,5015.40,5035.8,-0.007350101100354887,0.011204215194276165
2011-08-17,NIFTY 50,5030.30,5112.15,5017.25,5056.6,0.004121919355099983,0.01097842530113241
2011-08-18,NIFTY 50,5077.95,5078.60,4932.15,4944.15,-0.02248926118882758,0.011626767924202547
2011-08-19,NIFTY 50,4859.30,4893.60,4796.10,4845.65,-0.020123664230018132,0.012043616429215085
2011-08-22,NIFTY 50,4843.70,4910.05,4808.75,4898.8,0.010908881894041092,0.011527514144405095
2011-08-23,NIFTY 50,4925.15,4965.80,4863.80,4948.9,0.010175052498364664,0.01167251290862766
2011-08-24,NIFTY 50,4934.35,4962.40,4875.30,4888.9,-0.012198000356628257,0.011411846544213643
2011-08-25,NIFTY 50,4914.65,4915.85,4825.05,4839.6,-0.010135256621546032,0.011432901772883893
2011-08-26,NIFTY 50,4839.25,4872.00,4720.00,4747.8,-0.019150719824120185,0.01173596501029821
2011-08-29,NIFTY 50,4806.20,4934.40,4806.05,4919.6,0.03554587352505288,0.015117778711051383
2011-08-30,NIFTY 50,4973.25,5016.25,4927.55,5001.0,0.016410666050648243,0.01568727061230048
2011-09-02,NIFTY 50,5109.80,5113.70,4993.35,5040.0,0.007768189646510544,0.015864463923387667
2011-09-05,NIFTY 50,4998.90,5030.30,4964.45,5017.2,-0.004534072914894734,0.015811577132048265
2011-09-06,NIFTY 50,4993.35,5072.90,4942.90,5064.3,0.009343915624933002,0.01588927321418084
2011-09-07,NIFTY 50,5080.15,5154.50,5076.30,5124.65,0.011846305216177869,0.015445457426799215
2011-09-08,NIFTY 50,5139.20,5169.25,5098.25,5153.25,0.005565353587664385,0.0149611856227169
2011-09-09,NIFTY 50,5161.30,5163.75,5046.80,5059.45,-0.01836980185775827,0.015410242840158296
2011-09-12,NIFTY 50,4981.70,4985.60,4911.25,4946.8,-0.022516878853634743,0.015615045536834795
2011-09-13,NIFTY 50,4977.80,5030.15,4911.05,4940.95,-0.0011832824823800887,0.01560681715015061
2011-09-14,NIFTY 50,4965.05,5026.15,4917.40,5012.55,0.014387147241896197,0.015795665449354703
2011-09-15,NIFTY 50,5062.35,5091.45,4967.45,5075.7,0.01251967880544217,0.01597256752208852
2011-09-16,NIFTY 50,5123.35,5143.60,5068.10,5084.25,0.0016830795463243862,0.01595191002537361
2011-09-19,NIFTY 50,5068.40,5068.40,5019.25,5031.95,-0.01033994305526991,0.015255624019208455
2011-09-20,NIFTY 50,5042.55,5149.90,5035.25,5140.2,0.02128440627413856,0.015063708986520466
2011-09-21,NIFTY 50,5153.75,5168.40,5109.85,5133.25,-0.001353002362445158,0.014972006454864543
2011-09-22,NIFTY 50,5054.45,5059.85,4907.75,4923.65,-0.041688861480017714,0.017772616242102298
2011-09-23,NIFTY 50,4873.75,4930.25,4829.60,4867.75,-0.011418307359859903,0.017745876966352353
2011-09-26,NIFTY 50,4878.60,4879.80,4758.85,4835.4,-0.0066679624372099,0.01766061225012208
2011-09-27,NIFTY 50,4905.15,4982.95,4905.15,4971.25,0.02770746196337973,0.01809519346196703
2011-09-28,NIFTY 50,5005.50,5006.05,4918.45,4945.9,-0.005112367003202035,0.016364666932219708
2011-09-29,NIFTY 50,4924.20,5034.25,4906.00,5015.45,0.0139641976593466,0.01624635689910957
2011-09-30,NIFTY 50,4990.15,5025.55,4924.30,4943.25,-0.014500138577106057,0.016458046257832943
2011-10-03,NIFTY 50,4874.40,4879.15,4823.90,4849.5,-0.019147402767341518,0.01694191480477849
2011-10-04,NIFTY 50,4823.50,4869.75,4728.30,4772.15,-0.016078669748534502,0.017023223909349034
2011-10-05,NIFTY 50,4791.30,4827.80,4741.00,4751.3,-0.0043786722905414435,0.016662723995750126
2011-10-07,NIFTY 50,4883.65,4922.60,4861.20,4888.05,0.02837518613716203,0.018058366293889
2011-10-10,NIFTY 50,4886.85,4991.15,4882.05,4979.6,0.01855611557594736,0.018252304524897598
2011-10-11,NIFTY 50,5019.90,5045.10,4964.00,4974.35,-0.001054857717150947,0.017524419065331656
2011-10-12,NIFTY 50,5011.20,5109.80,4997.65,5099.4,0.024828176942155337,0.01835578520592823
2011-10-13,NIFTY 50,5130.80,5136.95,5067.65,5077.85,-0.0042349420929590955,0.018142925106999237
2011-10-14,NIFTY 50,5057.35,5141.40,5056.60,5132.3,0.010665958129332851,0.01808371860342935
2011-10-17,NIFTY 50,5156.20,5160.20,5084.50,5118.25,-0.002741318036321233,0.01809624330175373
2011-10-18,NIFTY 50,5049.45,5057.50,5011.05,5037.5,-0.015902656477749584,0.018310403806153806
2011-10-19,NIFTY 50,5080.45,5148.05,5075.30,5139.15,0.019977768869398598,0.018232837399749756
2011-10-20,NIFTY 50,5086.55,5099.00,5033.95,5091.9,-0.009236654288741758,0.018348250087782417
2011-10-21,NIFTY 50,5106.60,5120.75,5037.95,5049.95,-0.008272699605303975,0.015724902385882953
2011-10-24,NIFTY 50,5114.70,5145.65,5084.75,5098.35,0.00953861572343019,0.015532218149579642
2011-10-25,NIFTY 50,5137.90,5211.00,5085.55,5191.6,0.018124976859882454,0.015765235433000364
2011-10-26,NIFTY 50,5214.95,5219.25,5196.15,5201.8,0.001962784704648022,0.014704650522783585
2011-10-28,NIFTY 50,5341.90,5399.70,5322.80,5360.7,0.030089844034473155,0.01583804086282886
2011-10-31,NIFTY 50,5358.90,5360.25,5314.60,5326.6,-0.006381427623446227,0.015819555766581603
2011-11-01,NIFTY 50,5278.60,5310.85,5238.30,5257.95,-0.012971919003799107,0.015733989502750338
2011-11-02,NIFTY 50,5216.75,5300.10,5204.95,5258.45,9.508957445081776e-05,0.014867345369382544
2011-11-03,NIFTY 50,5241.55,5281.60,5201.85,5265.75,0.001387279065537409,0.014116924554384692
2011-11-04,NIFTY 50,5325.40,5326.45,5256.80,5284.2,0.003497650474000899,0.01395273709838999
2011-11-08,NIFTY 50,5292.25,5304.25,5252.00,5289.35,0.0009741289173925699,0.01287273086792277
2011-11-09,NIFTY 50,5309.70,5317.50,5211.75,5221.05,-0.012996833882722747,0.012921227832390764
2011-11-11,NIFTY 50,5159.75,5198.60,5142.25,5168.85,-0.010048304451803719,0.01320007790578223
2011-11-14,NIFTY 50,5217.35,5228.90,5140.55,5148.35,-0.003973951649379944,0.012093815131373543
2011-11-15,NIFTY 50,5131.20,5158.75,5052.85,5068.5,-0.015631359150500634,0.012586009574729096
2011-11-16,NIFTY 50,5059.10,5065.20,4989.50,5030.45,-0.007535472509588804,0.012424183989409133
2011-11-17,NIFTY 50,5027.10,5036.80,4919.45,4934.75,-0.019207430289768734,0.013074070539720536
2011-11-18,NIFTY 50,4899.15,4915.90,4837.95,4905.8,-0.005883834444114229,0.012692684517743026
2011-11-21,NIFTY 50,4873.80,4873.80,4764.80,4778.35,-0.02632287996918948,0.012824559716552691
2011-11-22,NIFTY 50,4794.85,4854.00,4782.55,4812.35,0.0070902316693196785,0.012968366098944877
2011-11-23,NIFTY 50,4779.50,4779.50,4640.95,4706.45,-0.022251621953920622,0.013636996453969326
2011-11-24,NIFTY 50,4707.55,4771.10,4639.10,4756.45,0.010567683335026883,0.013690705210592295
2011-11-25,NIFTY 50,4731.30,4767.30,4693.10,4710.05,-0.009803067994849372,0.01276507529659726
2011-11-28,NIFTY 50,4769.30,4859.10,4766.40,4851.3,0.02954818658663807,0.014860255359868253
2011-11-29,NIFTY 50,4864.20,4866.10,4787.10,4805.1,-0.00956885640964782,0.012621179091357475
2011-11-30,NIFTY 50,4766.15,4851.55,4754.80,4832.05,0.005592954400873228,0.012857514797993077
2011-12-01,NIFTY 50,4970.85,5011.90,4916.70,4936.85,0.02145666773048537,0.013972397112076831
2011-12-02,NIFTY 50,4940.85,5062.55,4918.40,5050.15,0.022690469824859328,0.01511540257013411
2011-12-05,NIFTY 50,5036.50,5055.40,5002.55,5039.15,-0.0021805287499587853,0.015094100813092929
2011-12-07,NIFTY 50,5050.10,5099.25,5032.25,5062.6,0.0046427682575056264,0.015118999576444145
2011-12-08,NIFTY 50,5037.40,5049.05,4921.45,4943.65,-0.023776260554791248,0.01584596594259452
2011-12-09,NIFTY 50,4870.75,4918.35,4841.75,4866.7,-0.015687835431403438,0.015943052676846488
2011-12-12,NIFTY 50,4906.85,4910.25,4755.55,4764.6,-0.0212025011907098,0.016372955967816374
2011-12-13,NIFTY 50,4733.60,4824.70,4728.50,4800.6,0.007527321954912903,0.016577278172887584
2011-12-14,NIFTY 50,4788.70,4839.55,4750.40,4763.25,-0.007810701732939477,0.016366880023498398
2011-12-15,NIFTY 50,4712.80,4768.65,4673.85,4746.35,-0.003554306761926206,0.016334346495923507
2011-12-16,NIFTY 50,4752.50,4818.85,4628.20,4651.6,-0.020164655170379474,0.01638594402803124
2011-12-19,NIFTY 50,4623.15,4623.15,4555.90,4613.1,-0.00831116422913129,0.016417740951257698
2011-12-20,NIFTY 50,4635.80,4637.25,4531.15,4544.2,-0.01504838767285404,0.01575781330699685
2011-12-21,NIFTY 50,4636.45,4707.35,4601.95,4693.15,0.03225230426406143,0.01747565448794659
2011-12-22,NIFTY 50,4636.90,4740.60,4632.95,4733.85,0.008634826112889857,0.016876901602915724
2011-12-23,NIFTY 50,4763.20,4763.45,4693.20,4714.0,-0.0042020203977776735,0.016725986515320465
2011-12-26,NIFTY 50,4718.15,4787.25,4718.15,4779.0,0.013694515082081788,0.016859031215716344
2011-12-27,NIFTY 50,4780.20,4800.50,4723.65,4750.5,-0.005981443931353989,0.015477506314755857
2011-12-28,NIFTY 50,4756.20,4756.20,4685.65,4705.8,-0.00945408520012839,0.015474202421950568
2011-12-29,NIFTY 50,4681.15,4701.80,4639.05,4646.25,-0.012735347835213916,0.015602641825568085
2011-12-30,NIFTY 50,4659.95,4690.45,4608.90,4624.3,-0.004735434471059263,0.01460072178289768
2012-01-02,NIFTY 50,4640.20,4645.95,4588.05,4636.75,0.0026886816289935583,0.01336135794315833
2012-01-03,NIFTY 50,4675.80,4773.10,4675.80,4765.3,0.027346804413666992,0.01511998966787711
2012-01-04,NIFTY 50,4774.95,4782.85,4728.85,4749.65,-0.0032895630797175834,0.015018346799288807
2012-01-05,NIFTY 50,4749.00,4779.80,4730.15,4749.95,6.316055414964499e-05,0.014223514930518585
2012-01-06,NIFTY 50,4724.15,4794.90,4686.85,4754.1,0.000873311959376912,0.013862092773973746
2012-01-07,NIFTY 50,4755.60,4759.40,4743.05,4746.9,-0.0015156302238252383,0.0130393160878025
2012-01-09,NIFTY 50,4747.55,4758.70,4695.45,4742.8,-0.0008640948091316509,0.012912445398302566
2012-01-10,NIFTY 50,4771.85,4855.90,4768.25,4849.55,0.022258238537803177,0.013752572856627034
2012-01-11,NIFTY 50,4863.15,4877.20,4841.60,4860.95,0.0023479749214429533,0.013715285405786455
2012-01-12,NIFTY 50,4840.95,4869.20,4803.90,4831.25,-0.006128658707429464,0.012899778933429024
2012-01-13,NIFTY 50,4861.95,4898.85,4834.20,4866.0,0.0071670110077358545,0.012718284718863495
2012-01-16,NIFTY 50,4844.00,4880.80,4827.05,4873.9,0.001622193602072216,0.012023328612237568
2012-01-17,NIFTY 50,4904.50,4975.55,4904.00,4967.3,0.018981994968850842,0.010639788832426255
2012-01-18,NIFTY 50,4977.75,4980.65,4931.05,4955.8,-0.0023178251047487374,0.0106075741344505
2012-01-19,NIFTY 50,4995.00,5023.80,4991.40,5018.4,0.012552549972891121,0.010728703820272762
2012-01-20,NIFTY 50,5044.85,5064.15,5004.30,5048.6,0.005999819329391126,0.010464585289042589
2012-01-23,NIFTY 50,5025.35,5059.55,5021.35,5046.25,-0.0004655839447739775,0.010293816157977757
2012-01-24,NIFTY 50,5064.80,5141.05,5049.80,5127.35,0.015943563329049875,0.010240439482844551
2012-01-25,NIFTY 50,5151.50,5174.15,5130.25,5158.3,0.006018111332066577,0.00942565792645518
2012-01-27,NIFTY 50,5216.75,5217.00,5162.40,5204.7,0.008954995672124898,0.009157352256501982
2012-01-30,NIFTY 50,5163.55,5166.15,5076.70,5087.3,-0.022814825561591985,0.011181744234413761
2012-01-31,NIFTY 50,5125.25,5215.40,5120.15,5199.25,0.021767146459230443,0.010641881389153753
2012-02-01,NIFTY 50,5198.15,5244.60,5159.00,5235.7,0.006986166344771137,0.010500355721499629
2012-02-02,NIFTY 50,5272.10,5289.95,5225.75,5269.9,0.006510836280504286,0.010443786492272157
2012-02-03,NIFTY 50,5276.10,5334.85,5255.55,5325.85,0.010560936228844764,0.010457499514742433
2012-02-06,NIFTY 50,5379.45,5390.05,5327.25,5361.65,0.006699440261867905,0.010320503964790968
2012-02-07,NIFTY 50,5412.95,5413.35,5322.95,5335.15,-0.004954762959734846,0.010504449508878539
2012-02-08,NIFTY 50,5343.80,5396.90,5325.20,5368.15,0.006166342074932765,0.009775256905470445
2012-02-09,NIFTY 50,5343.05,5423.40,5338.90,5412.35,0.008200036671633291,0.009776763932556954
2012-02-10,NIFTY 50,5399.80,5427.75,5341.05,5381.6,-0.005697651589453538,0.009750518164932125
2012-02-13,NIFTY 50,5382.10,5421.05,5351.40,5390.2,0.0015967622546367746,0.009776728070406965
2012-02-14,NIFTY 50,5380.80,5428.05,5377.95,5416.05,0.004784277488929636,0.00974277147930098
2012-02-15,NIFTY 50,5460.60,5542.10,5460.60,5531.95,0.021173607966353154,0.009915857199390957
2012-02-16,NIFTY 50,5513.75,5531.40,5483.75,5521.95,-0.0018093166625393602,0.009895703049767222
2012-02-17,NIFTY 50,5574.20,5606.70,5545.20,5564.3,0.007640131875604093,0.009769208286560598
2012-02-21,NIFTY 50,5561.90,5621.50,5561.75,5607.15,0.007671378405399713,0.009783883539119197
2012-02-22,NIFTY 50,5609.75,5629.95,5491.35,5505.35,-0.01832222233909003,0.01106364316281895
2012-02-23,NIFTY 50,5490.05,5537.40,5460.80,5483.3,-0.004013237221114778,0.01086144488707299
2012-02-24,NIFTY 50,5479.15,5521.40,5405.90,5429.3,-0.009896897305476866,0.01123278531185796
2012-02-27,NIFTY 50,5448.10,5449.80,5268.15,5281.2,-0.027656867569052366,0.012982755876767588
2012-02-28,NIFTY 50,5310.50,5391.10,5306.45,5375.5,0.0176982483202368,0.012256082396417988
2012-02-29,NIFTY 50,5424.95,5458.80,5352.25,5385.2,0.001802857179796915,0.011409932131146779
2012-03-01,NIFTY 50,5366.00,5372.45,5297.50,5339.75,-0.008475614726165488,0.01155980664763521
2012-03-02,NIFTY 50,5369.45,5392.55,5315.05,5359.35,0.0036638636755789494,0.011505567219763983
2012-03-03,NIFTY 50,5360.05,5369.60,5353.40,5359.4,9.32944606412547e-06,0.01127606476537266
2012-03-05,NIFTY 50,5342.55,5344.50,5265.70,5280.35,-0.014859645118406522,0.011657544226643831
2012-03-06,NIFTY 50,5266.00,5382.05,5206.40,5222.4,-0.011035317052417684,0.011850288893533912
2012-03-07,NIFTY 50,5207.05,5243.85,5171.45,5220.45,-0.0003734612720980155,0.0117297773585826
2012-03-09,NIFTY 50,5294.10,5342.30,5291.60,5333.55,0.021433452671000483,0.012637627340491205
2012-03-12,NIFTY 50,5420.10,5421.90,5327.30,5359.55,0.004862958587894445,0.012639912162124723
2012-03-13,NIFTY 50,5391.05,5438.65,5390.80,5429.5,0.0129670323404252,0.012976453656592866
2012-03-14,NIFTY 50,5490.55,5499.40,5437.80,5463.9,0.00631577181565256,0.013008394994413352
2012-03-15,NIFTY 50,5462.50,5462.50,5362.30,5380.5,-0.015381513832160772,0.012500016825661183
2012-03-16,NIFTY 50,5380.35,5445.65,5305.00,5317.9,-0.011702818075957865,0.012711542225360483
2012-03-19,NIFTY 50,5337.35,5340.70,5238.55,5257.05,-0.01150845566225179,0.012677628393468964
2012-03-20,NIFTY 50,5257.15,5297.35,5233.25,5274.85,0.0033802100187614315,0.012525770709689167
2012-03-21,NIFTY 50,5267.20,5372.35,5256.00,5364.95,0.016936813435879636,0.012743215314560984
2012-03-22,NIFTY 50,5361.10,5385.95,5205.65,5228.45,-0.02577218933613224,0.013867071432340151
2012-03-23,NIFTY 50,5255.65,5312.00,5220.00,5278.2,0.009470263465937679,0.01399017204141972
2012-03-26,NIFTY 50,5274.35,5274.95,5174.90,5184.25,-0.01795994730873406,0.013177131043755825
2012-03-27,NIFTY 50,5242.95,5277.95,5184.65,5243.15,0.01129727956000793,0.01277248473929049
2012-03-28,NIFTY 50,5231.70,5236.55,5169.60,5194.75,-0.009273962557968205,0.01287306184594922
2012-03-29,NIFTY 50,5145.95,5194.30,5135.95,5178.85,-0.0030654762958307012,0.012781928118052618
2012-03-30,NIFTY 50,5206.60,5307.10,5203.65,5295.55,0.022283821334028727,0.013816380378292411
2012-04-02,NIFTY 50,5296.35,5331.55,5278.80,5317.9,0.004211643346301507,0.013858006385502693
2012-04-03,NIFTY 50,5353.20,5378.75,5344.45,5358.5,0.007605596588562619,0.0135299037538212
2012-04-04,NIFTY 50,5328.65,5338.40,5305.30,5322.9,-0.00666581755540844,0.013364108162808617
2012-04-09,NIFTY 50,5282.50,5287.90,5228.00,5234.4,-0.016766043042114386,0.013940020901429526
2012-04-10,NIFTY 50,5254.10,5255.80,5211.85,5243.6,0.001756060768125316,0.013021725747663492
2012-04-11,NIFTY 50,5209.45,5263.65,5190.80,5226.85,-0.0031994831719198294,0.01296019501516506
2012-04-12,NIFTY 50,5246.75,5290.60,5246.75,5276.85,0.009520526608314294,0.012782859025709296
2012-04-13,NIFTY 50,5255.70,5306.75,5185.40,5207.45,-0.013239036207262323,0.012906803467036957
2012-04-16,NIFTY 50,5190.60,5233.50,5183.50,5226.2,0.0035941439830106635,0.012596302395492354
2012-04-17,NIFTY 50,5266.60,5298.20,5208.35,5289.7,0.01207709693338424,0.012699954533848376
2012-04-18,NIFTY 50,5320.70,5342.00,5293.45,5300.0,0.001945287071032184,0.012426480178812994
2012-04-19,NIFTY 50,5320.60,5342.45,5291.30,5332.4,0.006094597699308601,0.012475390616737175
2012-04-20,NIFTY 50,5313.95,5336.15,5245.45,5290.85,-0.00782250476560977,0.011981616531777067
2012-04-23,NIFTY 50,5277.40,5310.55,5187.15,5200.6,-0.01720490994530138,0.011163079002265429
2012-04-24,NIFTY 50,5215.90,5232.35,5180.35,5222.65,0.0042309323661408665,0.010982561385741621
2012-04-25,NIFTY 50,5222.20,5236.10,5160.65,5202.0,-0.003961768886154681,0.01023375538886078
2012-04-26,NIFTY 50,5214.75,5215.60,5179.05,5189.0,-0.002502166640857171,0.009903994257739666
2012-04-27,NIFTY 50,5189.00,5223.05,5154.30,5190.6,0.0003082970466440305,0.009687589484071668
2012-04-28,NIFTY 50,5209.60,5216.40,5196.35,5209.0,0.0035386013308079185,0.009691586346521437
2012-04-30,NIFTY 50,5201.45,5262.15,5201.45,5248.15,0.00748773478733983,0.008403477618340231
2012-05-02,NIFTY 50,5254.30,5279.60,5226.45,5239.15,-0.0017163621159734354,0.008334680832954362
2012-05-03,NIFTY 50,5211.20,5217.30,5180.65,5188.4,-0.009733906950040058,0.008322047227885472
2012-05-04,NIFTY 50,5166.65,5177.20,5070.60,5086.85,-0.01976658600596298,0.009209019663599887
2012-05-07,NIFTY 50,5017.80,5124.75,4988.00,5114.15,0.005352429207980084,0.00868977026740435
2012-05-08,NIFTY 50,5114.70,5119.95,4983.60,4999.95,-0.022583295302297857,0.009882105477640941
2012-05-09,NIFTY 50,4967.90,5016.25,4956.45,4974.8,-0.005042743586651093,0.009898741421380247
2012-05-10,NIFTY 50,4984.15,5039.30,4950.30,4965.7,-0.0018308943296746754,0.009492054060416913
2012-05-11,NIFTY 50,4938.85,4976.25,4906.15,4928.9,-0.007438435041230335,0.009249500094578091
2012-05-14,NIFTY 50,4934.35,4957.20,4874.50,4907.8,-0.004290063204425368,0.00913220883325843
2012-05-15,NIFTY 50,4869.85,4955.20,4868.55,4942.8,0.007106196025779927,0.008756072680591238
2012-05-16,NIFTY 50,4875.30,4882.25,4837.05,4858.25,-0.017253681485222598,0.009182239633204454
2012-05-17,NIFTY 50,4878.60,4922.25,4850.20,4870.2,0.002456713250372203,0.008998615695145679
2012-05-18,NIFTY 50,4796.40,4908.50,4788.95,4891.45,0.004353779036705683,0.009174550957025228
2012-05-21,NIFTY 50,4888.50,4937.50,4888.50,4906.05,0.002980354336729748,0.008736526660455327
2012-05-22,NIFTY 50,4954.70,4956.35,4849.90,4860.5,-0.009327824107496795,0.008678686644445096
2012-05-23,NIFTY 50,4843.00,4853.75,4803.95,4835.65,-0.005125757008251225,0.008685188917268417
2012-05-24,NIFTY 50,4863.40,4931.90,4830.15,4921.4,0.01757748660152738,0.009900563800440366
2012-05-25,NIFTY 50,4905.95,4935.80,4889.35,4920.4,-0.00020321485976985154,0.009893184585692575
2012-05-28,NIFTY 50,4931.70,4994.95,4931.30,4985.65,0.013173958074639088,0.010431547537712483
2012-05-29,NIFTY 50,5005.35,5020.15,4982.15,4990.1,0.0008921635556560755,0.010211388627895881
2012-05-30,NIFTY 50,4964.25,4982.25,4944.90,4950.75,-0.007916869387935099,0.010279572339782444
2012-05-31,NIFTY 50,4896.10,4949.25,4883.55,4924.25,-0.005367101491185887,0.010171039543954128
2012-06-01,NIFTY 50,4910.85,4925.00,4831.75,4841.6,-0.016926734151767195,0.009936067258934606
2012-06-04,NIFTY 50,4797.30,4858.30,4770.35,4848.15,0.0013519442705224897,0.009809754731659053
2012-06-05,NIFTY 50,4869.45,4898.95,4847.70,4863.3,0.0031200309510777476,0.008682658405039956
2012-06-06,NIFTY 50,4886.65,5010.45,4886.15,4997.1,0.027140524335534547,0.010713875185894537
2012-06-07,NIFTY 50,5035.35,5059.65,5007.75,5049.65,0.010461189785704197,0.010939996950597877
2012-06-08,NIFTY 50,5044.25,5084.45,4994.80,5068.35,0.003696386893048802,0.010778765014968338
2012-06-11,NIFTY 50,5096.70,5124.45,5040.70,5054.1,-0.0028155257696568263,0.010742815657483763
2012-06-12,NIFTY 50,5015.50,5128.90,5015.15,5115.9,0.012153541926710134,0.010939701640720138
2012-06-13,NIFTY 50,5117.55,5144.90,5095.45,5121.45,0.001084265077140014,0.009993194380960817
2012-06-14,NIFTY 50,5105.10,5130.00,5047.60,5054.75,-0.013109206816707936,0.010596028146255786
2012-06-15,NIFTY 50,5069.55,5146.20,5069.15,5139.05,0.016539842216849808,0.011086032742402094
2012-06-18,NIFTY 50,5174.00,5190.20,5041.70,5064.25,-0.01466218577034419,0.011726610396412174
2012-06-19,NIFTY 50,5050.80,5113.60,5048.10,5103.85,0.007789105184119933,0.011510734070792944
2012-06-20,NIFTY 50,5114.55,5141.70,5100.70,5120.55,0.003266698261201548,0.011372447951407063
2012-06-21,NIFTY 50,5097.35,5170.40,5093.45,5165.0,0.00864324741450181,0.010930909211408223
2012-06-22,NIFTY 50,5101.75,5159.80,5094.00,5146.05,-0.003675672474759335,0.011002041148663688
2012-06-25,NIFTY 50,5158.50,5194.60,5105.65,5114.65,-0.006120459231890257,0.010837706597667203
2012-06-26,NIFTY 50,5107.45,5134.55,5095.50,5120.8,0.0012017059807043623,0.010837348725173068
2012-06-27,NIFTY 50,5149.45,5160.10,5129.25,5141.9,0.004111984123206869,0.010631163412355867
2012-06-28,NIFTY 50,5148.95,5159.05,5125.30,5149.15,0.0014089915410821494,0.010494671617138218
2012-06-29,NIFTY 50,5191.25,5286.25,5189.00,5278.9,0.024886090170487603,0.010640729462663675
2012-07-02,NIFTY 50,5283.85,5302.15,5263.35,5278.6,-5.6831636292734266e-05,0.01066606924017759
2012-07-03,NIFTY 50,5298.85,5317.00,5265.95,5287.95,0.0017697360898918308,0.010677886510426449
2012-07-04,NIFTY 50,5310.40,5317.65,5273.30,5302.55,0.002757189792590608,0.009210165667390777
2012-07-05,NIFTY 50,5297.05,5333.65,5288.85,5327.3,0.004656706298794131,0.00905165804979204
2012-07-06,NIFTY 50,5324.70,5327.20,5287.75,5316.95,-0.001944712546566404,0.00910592523893505
2012-07-09,NIFTY 50,5283.70,5300.60,5257.75,5275.15,-0.00789271570205905,0.00932690046309481
2012-07-10,NIFTY 50,5286.60,5348.55,5284.55,5345.35,0.01321990911503332,0.009389989348353103
2012-07-11,NIFTY 50,5315.25,5336.45,5300.25,5306.3,-0.007332230208286892,0.009627910268859594
2012-07-12,NIFTY 50,5240.00,5261.75,5217.70,5235.25,-0.013480195209413388,0.00965840066666797
2012-07-13,NIFTY 50,5242.75,5267.15,5216.85,5227.25,-0.001529271504729059,0.009027019886249031
2012-07-16,NIFTY 50,5232.35,5246.85,5190.45,5197.25,-0.005755687624308978,0.008420777460469233
2012-07-17,NIFTY 50,5228.05,5236.70,5181.70,5192.85,-0.0008469601376357434,0.00829072483727206
2012-07-18,NIFTY 50,5199.10,5222.85,5169.05,5216.3,0.00450565890038093,0.008314215112018237
2012-07-19,NIFTY 50,5249.85,5257.75,5233.15,5242.7,0.005048294496144215,0.008176316363496222
2012-07-20,NIFTY 50,5233.55,5238.70,5197.50,5205.1,-0.007197718625727939,0.008313356833309735
2012-07-23,NIFTY 50,5163.25,5164.20,5108.10,5117.95,-0.016884945929560018,0.009082242732603614
2012-07-24,NIFTY 50,5128.80,5144.00,5103.25,5128.2,0.0020007521692025445,0.009089412516458006
2012-07-25,NIFTY 50,5118.40,5121.60,5076.60,5109.6,-0.0036335971526477904,0.009073223726557545
2012-07-26,NIFTY 50,5126.30,5126.30,5032.40,5043.0,-0.013119980170654156,0.00949953730815911
2012-07-27,NIFTY 50,5124.30,5149.95,5077.50,5099.85,0.011209984438451514,0.007890998939926045
2012-07-30,NIFTY 50,5129.75,5206.60,5129.75,5199.8,0.019409035776216315,0.009199602339464175
2012-07-31,NIFTY 50,5214.85,5234.55,5154.05,5229.0,0.00559989189673726,0.009294240266114076
2012-08-01,NIFTY 50,5220.70,5246.35,5212.65,5240.5,0.0021968584221014834,0.009284552446598484
2012-08-02,NIFTY 50,5233.10,5236.90,5209.95,5227.75,-0.0024359384433229802,0.009208806634182016
2012-08-03,NIFTY 50,5195.60,5220.20,5164.65,5215.7,-0.002307667551913949,0.009211241547467452
2012-08-06,NIFTY 50,5260.85,5293.20,5260.85,5282.55,0.01273562804575548,0.009543193802237514
2012-08-07,NIFTY 50,5295.40,5350.10,5281.65,5336.7,0.010198548738583144,0.009345953022238411
2012-08-08,NIFTY 50,5345.25,5377.60,5331.05,5338.0,0.00024356656513568176,0.009188794492649395
2012-08-09,NIFTY 50,5348.30,5368.20,5312.10,5322.95,-0.0028233900351521605,0.008640403763617467
2012-08-10,NIFTY 50,5308.20,5330.10,5294.10,5320.4,-0.0004791724501762271,0.008628490842522383
2012-08-13,NIFTY 50,5316.35,5352.45,5309.05,5347.9,0.0051554719889639845,0.008531032991420391
2012-08-14,NIFTY 50,5343.25,5387.05,5328.80,5380.35,0.006049467333772453,0.008573479791212405
2012-08-16,NIFTY 50,5385.95,5390.65,5356.65,5362.95,-0.0032392310024467485,0.008618373128866258
2012-08-17,NIFTY 50,5368.60,5399.95,5341.70,5366.3,0.0006244611895262504,0.008576106248767949
2012-08-21,NIFTY 50,5368.70,5425.15,5368.70,5421.0,0.010141642271381186,0.008562621431117178
2012-08-22,NIFTY 50,5395.75,5433.35,5394.80,5412.85,-0.0015045439132712385,0.0073837572771944925
2012-08-23,NIFTY 50,5426.15,5448.60,5393.85,5415.35,0.00046175727164640646,0.007400537209941448
2012-08-24,NIFTY 50,5392.60,5399.65,5371.00,5386.7,-0.0053045611120711884,0.007485040103267135
2012-08-27,NIFTY 50,5387.85,5399.15,5346.65,5350.25,-0.006789663736391752,0.006894013922090258
2012-08-28,NIFTY 50,5348.05,5359.25,5312.60,5334.6,-0.0029293834151020407,0.006726091523548534
2012-08-29,NIFTY 50,5343.85,5345.50,5282.70,5287.8,-0.008811625021478536,0.005838530953845539
2012-08-30,NIFTY 50,5268.60,5342.80,5255.05,5315.05,0.0051401387358533165,0.005819674713902639
2012-08-31,NIFTY 50,5298.20,5303.25,5238.90,5258.5,-0.010696604109439971,0.006348758370922977
2012-09-03,NIFTY 50,5276.50,5295.80,5243.15,5253.75,-0.0009037076407566584,0.006324838430251309
2012-09-04,NIFTY 50,5249.15,5278.35,5233.20,5274.0,0.003846980593905577,0.0063436440855410385
2012-09-05,NIFTY 50,5243.90,5259.50,5215.70,5225.7,-0.009200327761706284,0.006014756473517876
2012-09-06,NIFTY 50,5217.65,5260.60,5217.65,5238.4,0.002427348025289982,0.005514679366313165
2012-09-07,NIFTY 50,5309.45,5347.15,5309.20,5342.1,0.019602725898562805,0.007179217479279986
2012-09-08,NIFTY 50,5343.65,5366.30,5343.45,5358.7,0.003102574259105582,0.0071771776678907166
2012-09-10,NIFTY 50,5361.90,5375.45,5349.10,5363.45,0.0008860163886420154,0.007175521675896052
2012-09-11,NIFTY 50,5336.10,5393.35,5332.10,5390.0,0.004937960179916717,0.00716810038780762
2012-09-12,NIFTY 50,5404.45,5435.55,5393.95,5431.0,0.007577894131802447,0.007239383209866119
2012-09-13,NIFTY 50,5435.20,5447.45,5421.85,5435.35,0.0008006368711426108,0.007186653547848692
2012-09-14,NIFTY 50,5528.35,5586.65,5526.95,5577.65,0.025843624808678814,0.009128314209638451
2012-09-17,NIFTY 50,5631.75,5652.20,5585.15,5610.0,0.005783178802075362,0.008972692438185966
2012-09-18,NIFTY 50,5602.40,5620.55,5586.45,5600.05,-0.0017751932619322246,0.008978003837030851
2012-09-20,NIFTY 50,5536.95,5581.35,5534.90,5554.25,-0.008212125797572759,0.00924645447234948
2012-09-21,NIFTY 50,5577.00,5720.00,5575.45,5691.15,0.024348936204967742,0.010438055890520416
2012-09-24,NIFTY 50,5691.95,5709.85,5662.75,5669.6,-0.0037937681661583916,0.010314732256867121
2012-09-25,NIFTY 50,5674.90,5702.70,5652.45,5673.9,0.0007581434664719255,0.010237740782949922
2012-09-26,NIFTY 50,5653.40,5672.80,5638.65,5663.45,-0.0018434648236857623,0.009925442117104893
2012-09-27,NIFTY 50,5673.75,5693.70,5639.70,5649.5,-0.002466201489531634,0.010001960267114071
2012-09-28,NIFTY 50,5684.80,5735.15,5683.45,5703.3,0.009477909016389681,0.009549575996032613
2012-10-01,NIFTY 50,5704.75,5722.95,5694.00,5718.8,0.0027140384893184436,0.009484648976943745
2012-10-03,NIFTY 50,5727.70,5743.25,5715.80,5731.25,0.002174663849765929,0.009495669092976285
2012-10-04,NIFTY 50,5751.55,5807.25,5751.35,5787.6,0.009784040858151611,0.009027453146992966
2012-10-05,NIFTY 50,5815.00,5815.35,4888.20,5746.95,-0.00704841858443621,0.0094157677730122
2012-10-08,NIFTY 50,5751.85,5751.85,5666.20,5676.0,-0.012422519998557096,0.009458976112500732
2012-10-09,NIFTY 50,5708.15,5728.65,5677.90,5704.6,0.005026107623001418,0.009469511077590245
2012-10-10,NIFTY 50,5671.15,5686.50,5647.05,5652.15,-0.00923686317254542,0.00985818449915136
2012-10-11,NIFTY 50,5663.50,5721.10,5636.95,5708.05,0.009841455463571574,0.009979063565867734
2012-10-12,NIFTY 50,5681.70,5725.00,5659.35,5676.05,-0.005621890932389748,0.010086987581896181
2012-10-15,NIFTY 50,5674.25,5693.70,5651.05,5687.25,0.00197125898758347,0.01008179482892216
2012-10-16,NIFTY 50,5705.60,5714.00,5635.60,5648.0,-0.006925327076076647,0.008602444714208065
2012-10-17,NIFTY 50,5681.10,5684.35,5633.90,5660.25,0.0021665606600093767,0.008526018791951495
2012-10-18,NIFTY 50,5675.30,5722.50,5650.55,5718.7,0.010273445983123283,0.008782628324341513
2012-10-19,NIFTY 50,5703.30,5711.70,5660.00,5684.25,-0.006042314455962586,0.008674956614339091
2012-10-22,NIFTY 50,5667.60,5721.55,5658.05,5717.15,0.005771237096694652,0.006867173972940591
2012-10-23,NIFTY 50,5715.65,5720.80,5681.45,5691.4,-0.004514165906643647,0.006891226005741565
2012-10-25,NIFTY 50,5688.80,5718.75,5685.70,5705.3,0.0024393038146688193,0.006908727698716679
2012-10-26,NIFTY 50,5683.55,5697.20,5641.75,5664.3,-0.007212246292371928,0.0070971445186346445
2012-10-29,NIFTY 50,5665.20,5698.30,5645.10,5665.6,0.00022948128504318425,0.007073250081039847
2012-10-30,NIFTY 50,5656.35,5689.90,5589.90,5597.9,-0.012021274964481923,0.007212102981976168
2012-10-31,NIFTY 50,5596.75,5624.40,5583.05,5619.7,0.0038867542868564163,0.007247989800307388
2012-11-01,NIFTY 50,5609.85,5649.75,5601.95,5645.05,0.0045007732604476465,0.007317812548272869
2012-11-02,NIFTY 50,5696.35,5711.30,5682.55,5697.7,0.009283529678679254,0.007280625575981463
2012-11-05,NIFTY 50,5693.05,5709.20,5679.50,5704.2,0.0011401609738987848,0.007138587142941552
2012-11-06,NIFTY 50,5694.10,5730.80,5693.65,5724.4,0.003534994843681045,0.006591816717854324
2012-11-07,NIFTY 50,5718.60,5777.30,5711.40,5760.1,0.006217095213625036,0.0066407721188686914
2012-11-08,NIFTY 50,5709.00,5744.50,5693.95,5738.75,-0.003713419086913995,0.006322449014911667
2012-11-09,NIFTY 50,5731.10,5751.70,5677.75,5686.25,-0.009190436679217989,0.006315944242720838
2012-11-12,NIFTY 50,5688.45,5718.90,5665.75,5683.7,-0.000448550792704368,0.0061864402548706485
2012-11-13,NIFTY 50,5689.70,5698.25,5660.35,5666.95,-0.0029513749712243176,0.006204603400407173
2012-11-15,NIFTY 50,5650.35,5651.65,5603.55,5631.0,-0.0063640078656666,0.006173672309114851
2012-11-16,NIFTY 50,5624.80,5650.15,5559.80,5574.05,-0.010165147034083775,0.006535271539346023
2012-11-19,NIFTY 50,5577.30,5592.75,5549.25,5571.4,-0.00047553038234208106,0.005999541943262942
2012-11-20,NIFTY 50,5604.80,5613.70,5548.35,5571.55,2.692285256773382e-05,0.005899967459005225
2012-11-21,NIFTY 50,5582.50,5620.20,5561.40,5614.8,0.007732676969410651,0.006033264881617339
2012-11-22,NIFTY 50,5628.60,5643.35,5608.00,5627.75,0.0023037488341019676,0.006011073026400599
2012-11-23,NIFTY 50,5635.45,5637.75,5593.55,5626.6,-0.00020436542385867933,0.005970523549444566
2012-11-26,NIFTY 50,5648.65,5649.20,5623.45,5635.9,0.0016514987105475506,0.005787420400320612
2012-11-27,NIFTY 50,5658.50,5733.20,5658.00,5727.45,0.016113554696274793,0.006849330889737181
2012-11-29,NIFTY 50,5736.70,5833.50,5736.10,5825.0,0.01688859395666489,0.007104071030109702
2012-11-30,NIFTY 50,5836.00,5885.25,5827.85,5879.85,0.009372251929298931,0.007284814611389926
2012-12-03,NIFTY 50,5878.25,5899.15,5854.60,5870.95,-0.0015147907720023243,0.007311679369382477
2012-12-04,NIFTY 50,5866.80,5894.95,5859.00,5889.25,0.0031121944815179717,0.007113977085015061
2012-12-05,NIFTY 50,5906.60,5917.80,5891.35,5900.5,0.0019084379930875174,0.007113134608447508
2012-12-06,NIFTY 50,5926.30,5942.55,5838.90,5930.9,0.005138879067639401,0.007143983942645685
2012-12-07,NIFTY 50,5934.00,5949.85,5888.65,5907.4,-0.003970169850017081,0.007173476174586328
2012-12-10,NIFTY 50,5916.05,5919.95,5888.10,5908.9,0.0002538865817655179,0.00708291725202412
2012-12-11,NIFTY 50,5923.80,5965.15,5865.45,5898.8,-0.0017107484884053181,0.006676736950497094
2012-12-12,NIFTY 50,5917.80,5924.60,5874.25,5888.0,-0.0018325589680735816,0.006708744639714246
2012-12-13,NIFTY 50,5900.35,5907.45,5841.35,5851.5,-0.006218342793891255,0.006867537334261367
2012-12-14,NIFTY 50,5846.90,5886.10,5839.15,5879.6,0.004790693753011786,0.006635548757068752
2012-12-17,NIFTY 50,5860.50,5886.05,5850.15,5857.9,-0.0036975547984440713,0.006142555441433872
2012-12-18,NIFTY 50,5873.60,5905.80,5823.15,5896.8,0.006618653305690393,0.0061674721067840575
2012-12-19,NIFTY 50,5917.30,5939.40,5910.80,5929.6,0.0055469262159616225,0.006158550859892697
2012-12-20,NIFTY 50,5934.45,5937.60,5881.45,5916.4,-0.002228601293825879,0.0061681718505081
2012-12-21,NIFTY 50,5888.00,5888.00,5841.65,5847.7,-0.01167973427307273,0.006948597819837924
2012-12-24,NIFTY 50,5869.00,5871.90,5844.70,5855.75,0.0013756629488771534,0.006932173109573069
2012-12-26,NIFTY 50,5864.95,5917.30,5859.55,5905.6,0.008476968802714974,0.007080742025417877
2012-12-27,NIFTY 50,5930.20,5930.80,5864.70,5870.1,-0.00602938382357134,0.006522422794957238
2012-12-28,NIFTY 50,5887.15,5915.75,5879.50,5908.35,0.006494935150548205,0.005550845678626808
2012-12-31,NIFTY 50,5901.20,5919.00,5897.15,5905.1,-0.0005502203136243577,0.005166003175620801
2013-01-01,NIFTY 50,5937.65,5963.90,5935.20,5950.85,0.007717682190336117,0.005410098011906237
2013-01-02,NIFTY 50,5982.60,6006.05,5982.00,5993.25,0.0070997694432592285,0.005575556317510145
2013-01-03,NIFTY 50,6015.80,6017.00,5986.55,6009.5,0.0027077144701615867,0.005586205890409689
2013-01-04,NIFTY 50,6011.95,6020.75,5981.55,6016.15,0.0011059694366355455,0.005497808765861654
2013-01-07,NIFTY 50,6042.15,6042.15,5977.15,5988.4,-0.004623255253797732,0.005528943421092677
2013-01-08,NIFTY 50,5983.45,6007.05,5964.40,6001.7,0.0022184978365351626,0.005538401264070164
2013-01-09,NIFTY 50,6006.20,6020.10,5958.45,5971.5,-0.00504461030373507,0.005665987000270259
2013-01-10,NIFTY 50,5998.80,6005.15,5947.30,5968.65,-0.0004773809464914405,0.00564326600858071
2013-01-11,NIFTY 50,6012.40,6018.85,5940.60,5951.3,-0.0029110880922514648,0.005476471229995658
2013-01-14,NIFTY 50,5967.20,6036.90,5962.15,6024.05,0.012150107508347054,0.0059796292084124255
2013-01-15,NIFTY 50,6037.85,6068.50,6018.60,6056.6,0.005388795928791816,0.005931845061271447
2013-01-16,NIFTY 50,6049.00,6055.95,5992.05,6001.85,-0.009080831488305557,0.006271277809959131
2013-01-17,NIFTY 50,6001.25,6053.20,5988.10,6039.2,0.006203797806843134,0.006298649921840703
2013-01-18,NIFTY 50,6059.85,6083.40,6048.30,6064.4,0.004164056382011566,0.006292887389261517
2013-01-21,NIFTY 50,6085.75,6094.35,6065.10,6082.3,0.002947304693047183,0.005514771611553723
2013-01-22,NIFTY 50,6080.15,6101.30,6040.50,6048.5,-0.005572606500570733,0.005767055483462497
2013-01-23,NIFTY 50,6052.85,6069.80,6021.15,6054.3,0.0009584559678765093,0.005536969099226093
2013-01-24,NIFTY 50,6046.20,6065.30,6007.85,6019.35,-0.005789483316389172,0.005520620206622913
2013-01-25,NIFTY 50,6024.50,6080.55,6014.45,6074.65,0.009145094328932173,0.005682434549944749
2013-01-28,NIFTY 50,6082.10,6088.40,6061.40,6074.8,2.4692475792511133e-05,0.005673561479064145
2013-01-29,NIFTY 50,6064.70,6111.80,6042.45,6049.9,-0.004107323893451924,0.005598007466857309
2013-01-30,NIFTY 50,6065.00,6071.95,6044.15,6055.75,0.0009664909286782028,0.005400717327754049
2013-01-31,NIFTY 50,6045.65,6058.05,6025.15,6034.75,-0.003473805238461769,0.005445544803202493
2013-02-01,NIFTY 50,6040.95,6052.95,5983.20,5998.9,-0.005958309583630635,0.005610939760196487
2013-02-04,NIFTY 50,6025.20,6038.50,5981.25,5987.25,-0.0019439108752308206,0.0055297518648108395
2013-02-05,NIFTY 50,5948.20,5970.35,5946.90,5956.9,-0.005081996679542057,0.005615227623339063
2013-02-06,NIFTY 50,5988.05,5990.90,5953.15,5959.2,0.0003860323475906094,0.005507794068409149
2013-02-07,NIFTY 50,5936.45,5978.50,5927.60,5938.8,-0.003429151116225816,0.005557673803554962
2013-02-08,NIFTY 50,5929.10,5953.70,5883.65,5903.5,-0.005961697398676241,0.0056751519235850026
2013-02-11,NIFTY 50,5920.05,5924.15,5879.10,5897.85,-0.0009575176452996722,0.0048453477818691335
2013-02-12,NIFTY 50,5894.35,5927.65,5886.45,5922.5,0.004170779331075775,0.004767068136451792
2013-02-13,NIFTY 50,5943.15,5969.50,5922.95,5932.95,0.0017629027504479208,0.00441778627103514
2013-02-14,NIFTY 50,5933.20,5940.20,5884.55,5896.95,-0.006086291706400162,0.004277437885313772
2013-02-15,NIFTY 50,5869.95,5899.95,5853.90,5887.4,-0.0016207940345684428,0.004087583710707466
2013-02-18,NIFTY 50,5888.65,5911.00,5878.45,5898.2,0.0018327455578097385,0.004031241546981391
2013-02-19,NIFTY 50,5900.20,5947.55,5883.15,5939.7,0.00701140743053319,0.0043385246154202025
2013-02-20,NIFTY 50,5966.30,5971.00,5937.55,5943.05,0.000563842559803581,0.004330481472508558
2013-02-21,NIFTY 50,5909.65,5921.15,5844.40,5852.25,-0.015396266925585678,0.005318308528052037
2013-02-22,NIFTY 50,5837.95,5873.80,5835.80,5850.3,-0.0003332607026754814,0.00471674269757279
2013-02-25,NIFTY 50,5870.55,5878.40,5825.00,5854.75,0.0007603556096545207,0.004735223267675093
2013-02-26,NIFTY 50,5838.30,5838.85,5748.60,5761.35,-0.016081475343551938,0.0056958878060557145
2013-02-27,NIFTY 50,5784.90,5818.20,5749.70,5796.9,0.00615146966065685,0.005970633591066141
2013-02-28,NIFTY 50,5834.35,5849.90,5671.90,5693.05,-0.018077159260934554,0.006949364391309015
2013-03-01,NIFTY 50,5702.45,5739.45,5679.90,5719.7,0.004670223817845182,0.007108900295601155
2013-03-04,NIFTY 50,5704.70,5712.00,5663.60,5698.5,-0.003713374150185078,0.007114157097506445
2013-03-05,NIFTY 50,5722.45,5790.10,5722.40,5784.25,0.014935724292001495,0.008071304435011582
2013-03-06,NIFTY 50,5816.40,5828.70,5795.05,5818.6,0.0059209763727628316,0.008231612407382132
2013-03-07,NIFTY 50,5801.30,5878.00,5801.30,5863.3,0.00765290203845691,0.008443486379310023
2013-03-08,NIFTY 50,5883.65,5952.85,5883.00,5945.7,0.013955684199400423,0.00894257784847135
2013-03-11,NIFTY 50,5946.10,5971.20,5930.35,5942.35,-0.0005635911842013986,0.008939965619189583
2013-03-12,NIFTY 50,5944.60,5952.00,5893.65,5914.1,-0.004765347715322015,0.008963593759791309
2013-03-13,NIFTY 50,5884.80,5893.85,5842.25,5851.2,-0.01069256190377155,0.00925735137548524
2013-03-14,NIFTY 50,5845.95,5920.15,5791.75,5908.95,0.009821382246116702,0.009451003842564233
2013-03-15,NIFTY 50,5914.90,5945.65,5861.00,5872.6,-0.0061706847303734285,0.0095488997432594
2013-03-18,NIFTY 50,5816.75,5850.20,5814.35,5835.25,-0.006380356206563413,0.009636439155759131
2013-03-19,NIFTY 50,5859.50,5863.60,5724.30,5745.95,-0.01542185090845602,0.01000999026504786
2013-03-20,NIFTY 50,5740.55,5745.30,5682.30,5694.4,-0.009012023039912278,0.010126450986495528
2013-03-21,NIFTY 50,5705.90,5757.75,5647.95,5658.75,-0.006280216005759802,0.00969415842514285
2013-03-22,NIFTY 50,5659.80,5691.45,5631.80,5651.35,-0.0013085650977346678,0.00968947306981365
2013-03-25,NIFTY 50,5707.30,5718.40,5624.40,5633.85,-0.003101409638700106,0.009675703959159399
2013-03-26,NIFTY 50,5613.75,5655.30,5612.05,5641.6,0.0013746681898175704,0.00910159754616019
2013-03-28,NIFTY 50,5647.75,5692.95,5604.85,5682.55,0.0072323624285634365,0.009149693321753215
2013-04-01,NIFTY 50,5697.35,5720.95,5675.90,5704.4,0.0038377312304974324,0.008266017155868575
2013-04-02,NIFTY 50,5701.70,5754.60,5687.15,5748.1,0.007631558540573446,0.008377963486611436
2013-04-03,NIFTY 50,5740.20,5744.95,5650.10,5672.9,-0.013168914589641015,0.0088658401530403
2013-04-04,NIFTY 50,5640.65,5644.45,5565.65,5574.75,-0.017452977540031757,0.008908763752523176
2013-04-05,NIFTY 50,5568.10,5577.30,5534.70,5553.25,-0.003864131335780677,0.008726677261040846
2013-04-08,NIFTY 50,5550.50,5569.20,5537.05,5542.95,-0.0018564919446836662,0.008407123786081232
2013-04-09,NIFTY 50,5568.75,5603.05,5487.00,5495.1,-0.008670063958767125,0.007506499328801311
2013-04-10,NIFTY 50,5536.25,5569.25,5477.20,5558.7,0.011507481922197417,0.0082416017657919
2013-04-11,NIFTY 50,5601.65,5610.65,5542.85,5594.0,0.0063303268054265855,0.008509492468483669
2013-04-12,NIFTY 50,5520.70,5544.50,5494.90,5528.55,-0.01176901977584898,0.008565379723454673
2013-04-15,NIFTY 50,5508.50,5592.85,5500.30,5568.4,0.007182184528356023,0.008378402620831489
2013-04-16,NIFTY 50,5562.45,5699.25,5555.85,5688.95,0.021417937306770714,0.009947536599780636
2013-04-17,NIFTY 50,5708.65,5732.15,5669.00,5688.7,-4.394580603902801e-05,0.0098876147449829
2013-04-18,NIFTY 50,5682.70,5794.35,5681.85,5783.1,0.016458120056511653,0.010054695248133107
2013-04-22,NIFTY 50,5789.85,5844.85,5789.80,5834.4,0.008831561598367855,0.00997418188445607
2013-04-23,NIFTY 50,5843.10,5844.30,5791.55,5836.9,0.00042840129861017225,0.00982049386821109
2013-04-25,NIFTY 50,5856.10,5924.60,5853.30,5916.3,0.013511419515499574,0.010147146819699342
2013-04-26,NIFTY 50,5899.75,5907.05,5860.50,5871.45,-0.007609631426743816,0.010321806139443097
2013-04-29,NIFTY 50,5877.60,5918.65,5868.80,5904.1,0.005545402748855274,0.010349211193728251
2013-04-30,NIFTY 50,5932.60,5962.30,5867.80,5930.2,0.004410914429606642,0.010297163883817266
2013-05-02,NIFTY 50,5911.40,6019.45,5910.95,5999.35,0.011593190772528243,0.010508601732505896
2013-05-03,NIFTY 50,5993.50,6000.30,5930.15,5944.0,-0.00926882261078428,0.010752657388517658
2013-05-06,NIFTY 50,5944.90,5976.50,5928.45,5971.05,0.0045404839210698355,0.010179800214835067
2013-05-07,NIFTY 50,5983.45,6050.50,5982.95,6043.55,0.012068796298157458,0.009220096880486504
2013-05-08,NIFTY 50,6064.15,6083.55,6024.95,6069.3,0.004251689534655493,0.009030693544180712
2013-05-09,NIFTY 50,6078.35,6084.70,6040.45,6050.15,-0.0031602120455120042,0.009083111377964751
2013-05-10,NIFTY 50,6046.25,6105.30,6045.60,6094.75,0.007344679740941062,0.00856334603199579
2013-05-11,NIFTY 50,6088.20,6114.55,6084.15,6107.25,0.0020488451684434477,0.008455933306661714
2013-05-13,NIFTY 50,6098.20,6104.95,5972.90,5980.45,-0.0209807740657547,0.01020425478116476
2013-05-14,NIFTY 50,5989.70,6026.20,5970.05,5995.4,0.0024966925547445407,0.009571506278845477
2013-05-15,NIFTY 50,6018.85,6157.10,6018.85,6146.75,0.024930978329964257,0.01064003316570392
2013-05-16,NIFTY 50,6128.25,6187.30,6128.25,6169.9,0.003759143478357494,0.009908273885451738
2013-05-17,NIFTY 50,6172.95,6199.95,6146.15,6187.3,0.0028161738095538033,0.009866508933421163
2013-05-20,NIFTY 50,6198.00,6229.45,6146.05,6156.9,-0.004925400019043949,0.009623975295623576
2013-05-21,NIFTY 50,6152.35,6180.25,6102.35,6114.1,-0.006975824881666554,0.009779076306600682
2013-05-22,NIFTY 50,6127.05,6147.60,6074.45,6094.5,-0.0032108541256139498,0.009850144036137749
2013-05-23,NIFTY 50,6050.40,6081.45,5955.70,5967.05,-0.021134057188772256,0.010753650345469323
2013-05-24,NIFTY 50,6010.70,6015.30,5936.80,5983.55,0.002761369384732888,0.010594589992923432
2013-05-27,NIFTY 50,5989.40,6099.90,5975.55,6083.15,0.016508616610246392,0.011115898163840052
2013-05-28,NIFTY 50,6086.35,6127.65,6055.40,6111.25,0.004608680990757039,0.011118717330733127
2013-05-29,NIFTY 50,6120.45,6125.05,6069.80,6104.3,-0.0011378940366838014,0.010872386621559633
2013-05-30,NIFTY 50,6072.15,6133.75,6072.15,6124.05,0.003230201486374597,0.010615288574527367
2013-05-31,NIFTY 50,6098.70,6106.25,5975.55,5985.95,-0.02280858578804106,0.01188726201171219
2013-06-03,NIFTY 50,5997.35,6011.00,5916.35,5939.3,-0.007823775259940869,0.011665424882494536
2013-06-04,NIFTY 50,5941.10,5981.60,5910.25,5919.45,-0.0033477421378926547,0.011613468400799559
2013-06-05,NIFTY 50,5908.30,5935.20,5883.70,5923.85,0.0007430361812058601,0.011612474533853905
2013-06-06,NIFTY 50,5895.00,5956.55,5869.50,5921.4,-0.0004136679318609036,0.011445503699314248
2013-06-07,NIFTY 50,5900.05,5972.70,5871.30,5881.0,-0.006846091946060427,0.01147546710512846
2013-06-10,NIFTY 50,5907.90,5931.65,5857.40,5878.0,-0.0005102474810933533,0.010559185788631693
2013-06-11,NIFTY 50,5848.75,5868.05,5780.35,5788.8,-0.015291551777886669,0.011001128979432881
2013-06-12,NIFTY 50,5771.75,5792.90,5738.60,5760.2,-0.004952819891619282,0.009040847729783306
2013-06-13,NIFTY 50,5709.35,5729.85,5683.10,5699.1,-0.01066392869024349,0.009027760914918317
2013-06-14,NIFTY 50,5748.95,5819.40,5739.40,5808.4,0.018996878037468995,0.010302789517466816
2013-06-17,NIFTY 50,5820.40,5854.90,5770.25,5850.05,0.007145062541341452,0.01054460995732586
2013-06-18,NIFTY 50,5841.90,5863.40,5804.30,5813.6,-0.006250207895497536,0.010529840828958727
2013-06-19,NIFTY 50,5805.75,5828.40,5777.90,5822.25,0.001486784651473171,0.010565948099937687
2013-06-20,NIFTY 50,5754.15,5755.00,5645.65,5655.9,-0.028987536873252298,0.011415134538650614
2013-06-21,NIFTY 50,5639.90,5686.15,5616.85,5667.65,0.0020753216468742787,0.01139894935118295
2013-06-24,NIFTY 50,5638.05,5640.00,5566.25,5590.25,-0.013750560859266079,0.010700278704981818
2013-06-25,NIFTY 50,5606.95,5666.25,5570.25,5609.1,0.0033662699710830164,0.01064978322471318
2013-06-26,NIFTY 50,5627.95,5635.25,5579.35,5588.7,-0.0036435768755657123,0.010625497412369518
2013-06-27,NIFTY 50,5647.95,5699.35,5630.95,5682.35,0.01661817758214304,0.011516658329154685
2013-06-28,NIFTY 50,5749.50,5852.95,5749.50,5842.2,0.02774255866684981,0.012607645218116812
2013-07-01,NIFTY 50,5834.10,5904.35,5822.20,5898.85,0.009649978428361185,0.01273044464326458
2013-07-02,NIFTY 50,5885.50,5898.80,5852.30,5857.55,-0.00702598923073381,0.012802522784642632
2013-07-03,NIFTY 50,5811.95,5815.00,5760.40,5770.9,-0.014903379868965724,0.013193015751906728
2013-07-04,NIFTY 50,5794.75,5848.20,5786.05,5836.95,0.011380352581474363,0.01349521437017288
2013-07-05,NIFTY 50,5889.95,5900.45,5858.45,5867.9,0.00528841841330263,0.013477978355708662
2013-07-08,NIFTY 50,5833.15,5833.85,5775.55,5811.55,-0.00964950185872029,0.013646091198133701
2013-07-09,NIFTY 50,5834.60,5864.95,5834.60,5859.0,0.008131623867304753,0.013317163805968136
2013-07-10,NIFTY 50,5869.90,5879.35,5802.85,5816.7,-0.007245849939719502,0.013377245415190748
2013-07-11,NIFTY 50,5894.50,5948.85,5887.95,5935.1,0.020150786496416183,0.013793291223996218
2013-07-12,NIFTY 50,6000.50,6019.00,5951.15,6009.0,0.012374468232442534,0.013439468343379944
2013-07-15,NIFTY 50,5991.20,6038.20,5980.95,6030.8,0.0036213265708355154,0.013387292365005726
2013-07-16,NIFTY 50,5930.80,5966.05,5910.95,5955.25,-0.012606488468435003,0.013654288894334322
2013-07-17,NIFTY 50,5972.25,5989.80,5926.75,5973.3,0.0030263550517703216,0.013660307551092283
2013-07-18,NIFTY 50,5984.70,6051.10,5974.55,6038.05,0.010781573632110348,0.011788715235879288
2013-07-19,NIFTY 50,6057.20,6066.85,6020.25,6029.2,-0.001466780183834785,0.011834113075236345
2013-07-22,NIFTY 50,6009.75,6064.15,6004.25,6031.8,0.0004311417030552758,0.011178529765630087
2013-07-23,NIFTY 50,6064.30,6093.35,6061.30,6077.8,0.007597314734869316,0.01120986016938876
2013-07-24,NIFTY 50,6032.20,6047.25,5962.60,5990.5,-0.014467907294344995,0.011842414151818982
2013-07-25,NIFTY 50,5970.40,5990.65,5896.40,5907.5,-0.013952151018890876,0.012027661874677175
2013-07-26,NIFTY 50,5937.95,5944.50,5869.50,5886.2,-0.0036121019118541737,0.010424434369280948
2013-07-29,NIFTY 50,5869.95,5886.00,5825.80,5831.65,-0.009310648979030941,0.010398697176755638
2013-07-30,NIFTY 50,5836.05,5861.30,5747.60,5755.05,-0.013222248954629234,0.010689319538406272
2013-07-31,NIFTY 50,5738.35,5752.10,5675.75,5742.0,-0.0022701485345391855,0.010178239771039635
2013-08-01,NIFTY 50,5776.90,5808.50,5676.85,5727.85,-0.002467339534255018,0.009809688969798265
2013-08-02,NIFTY 50,5750.05,5761.85,5649.00,5677.9,-0.008758796104081156,0.009842839710671354
2013-08-05,NIFTY 50,5682.40,5721.00,5661.50,5685.4,0.0013200392648377345,0.0096776141768465
2013-08-06,NIFTY 50,5664.90,5664.90,5521.80,5542.25,-0.025500929833448135,0.010841623868429982
2013-08-07,NIFTY 50,5549.30,5561.45,5486.85,5519.1,-0.004185751974215141,0.010796765725649379
2013-08-08,NIFTY 50,5510.05,5577.60,5510.05,5565.65,0.008398975826597089,0.009762165693961615
2013-08-12,NIFTY 50,5606.70,5644.10,5557.10,5612.4,0.008364656193396325,0.009461730897836841
2013-08-13,NIFTY 50,5600.25,5704.75,5578.90,5699.3,0.015364924743857724,0.010252648345523915
2013-08-14,NIFTY 50,5715.40,5754.55,5690.20,5742.3,0.0075164666564753345,0.010229765607737633
2013-08-16,NIFTY 50,5705.45,5716.60,5496.05,5507.85,-0.04168547955792463,0.013483061809366809
2013-08-19,NIFTY 50,5497.55,5499.65,5360.65,5414.75,-0.01704763604464366,0.013306028477669516
2013-08-20,NIFTY 50,5353.45,5417.80,5306.35,5401.45,-0.0024592752913663125,0.013292243782455953
2013-08-21,NIFTY 50,5494.45,5504.10,5268.45,5302.55,-0.01847959911747921,0.01351899700396331
2013-08-22,NIFTY 50,5282.80,5418.95,5254.05,5408.45,0.019774708411446577,0.014428266833727976
2013-08-23,NIFTY 50,5428.75,5478.80,5377.80,5471.75,0.0116359468039878,0.014782471044364748
2013-08-26,NIFTY 50,5499.40,5528.70,5454.45,5476.5,0.0008677186396066932,0.014656145777485429
2013-08-27,NIFTY 50,5426.50,5427.40,5274.25,5287.45,-0.03513012271875409,0.016244657384172946
2013-08-28,NIFTY 50,5233.45,5317.70,5118.85,5285.0,-0.00046346874070923486,0.016251979126664127
2013-08-29,NIFTY 50,5316.50,5428.90,5303.00,5409.05,0.02320085737720279,0.017281009483258013
2013-08-30,NIFTY 50,5407.45,5493.30,5360.20,5471.8,0.011534153245286545,0.01758884246890879
2013-09-02,NIFTY 50,5480.25,5564.90,5478.85,5550.75,0.014325423818858131,0.017982376467604654
2013-09-03,NIFTY 50,5574.70,5580.95,5323.75,5341.45,-0.038435902070034146,0.019744832084720193
2013-09-04,NIFTY 50,5358.65,5460.25,5318.90,5448.1,0.019769772345004544,0.020380705713266157
2013-09-05,NIFTY 50,5553.75,5625.75,5552.70,5592.95,0.026239952014861085,0.020541443139116964
2013-09-06,NIFTY 50,5617.45,5688.60,5566.15,5680.4,0.015514776735340881,0.020778163058382666
2013-09-10,NIFTY 50,5738.50,5904.85,5738.20,5896.75,0.037379698893126916,0.02224756614524255
2013-09-11,NIFTY 50,5887.25,5924.35,5832.70,5913.15,0.0027773326686740965,0.022210242740086795
2013-09-12,NIFTY 50,5931.15,5932.00,5815.80,5850.7,-0.010617372145560269,0.022184779866105946
2013-09-13,NIFTY 50,5828.00,5884.30,5822.90,5850.6,-1.7092117970111807e-05,0.022137776050015618
2013-09-16,NIFTY 50,5930.30,5957.25,5798.15,5840.55,-0.0017192495991409569,0.019764772758094518
2013-09-17,NIFTY 50,5824.20,5857.80,5804.90,5850.2,0.0016508782057052924,0.019204210657516194
2013-09-18,NIFTY 50,5872.75,5916.90,5840.20,5899.45,0.008383277533849305,0.019169218035104806
2013-09-19,NIFTY 50,6044.15,6142.50,6040.15,6115.55,0.03597558163081879,0.019609273575669925
2013-09-20,NIFTY 50,6104.55,6130.95,5932.85,6012.1,-0.017060602705962147,0.020083478212189136
2013-09-23,NIFTY 50,5945.80,5989.40,5871.40,5889.75,-0.020560553211304948,0.020824785831053325
2013-09-24,NIFTY 50,5855.00,5938.40,5854.55,5892.45,0.00045831848844220626,0.020827897453973718
2013-09-25,NIFTY 50,5901.55,5910.55,5811.10,5873.85,-0.0031615742405177224,0.018824630689928807
2013-09-26,NIFTY 50,5872.80,5917.65,5864.10,5882.25,0.0014290455898673998,0.018799092376639622
2013-09-27,NIFTY 50,5905.55,5909.20,5819.30,5833.2,-0.008373606921475459,0.018545476424116695
2013-09-30,NIFTY 50,5801.05,5810.20,5718.50,5735.3,-0.01692567526918795,0.01900491985134489
2013-10-01,NIFTY 50,5756.10,5786.45,5700.95,5780.05,0.007772273577816578,0.018843422600060146
2013-10-03,NIFTY 50,5819.10,5917.60,5802.70,5909.7,0.022182735542380635,0.016752158196264987
2013-10-04,NIFTY 50,5891.30,5950.45,5885.00,5907.3,-0.0004061944711852823,0.016423673087210006
2013-10-07,NIFTY 50,5889.05,5912.00,5825.85,5906.15,-0.00019469333744724163,0.015585893286652304
2013-10-08,NIFTY 50,5975.00,5981.70,5913.00,5928.4,0.0037601812009728417,0.015297146421277007
2013-10-09,NIFTY 50,5893.25,6015.50,5877.10,6007.45,0.013246003563557039,0.01317548333541013
2013-10-10,NIFTY 50,6001.05,6033.95,5979.80,6020.95,0.0022446885152563813,0.013172090493091752
2013-10-11,NIFTY 50,6104.85,6107.60,6046.40,6096.2,0.01242057206567531,0.013118807039536528
2013-10-14,NIFTY 50,6093.00,6124.10,6082.90,6112.7,0.0027029478569975,0.013110289311998754
2013-10-15,NIFTY 50,6147.55,6156.30,6056.55,6089.05,-0.003876497980399709,0.013152959971241862
2013-10-17,NIFTY 50,6098.50,6110.75,6032.55,6045.85,-0.0071199898638086845,0.013313378477480257
2013-10-18,NIFTY 50,6070.90,6201.45,6070.90,6189.35,0.023457986847325626,0.014117402890357048
2013-10-21,NIFTY 50,6202.00,6218.95,6163.30,6204.95,0.0025172875011506336,0.01170547379472443
2013-10-22,NIFTY 50,6192.30,6220.10,6181.80,6202.8,-0.00034655759851997663,0.010940450480093603
2013-10-23,NIFTY 50,6209.55,6217.95,6116.60,6178.35,-0.003949557477772672,0.009736992456625952
2013-10-24,NIFTY 50,6162.80,6252.45,6142.95,6164.35,-0.0022685483733753615,0.009784468325356567
2013-10-25,NIFTY 50,6154.00,6174.75,6125.95,6144.9,-0.0031602276641262833,0.009784429091784253
2013-10-28,NIFTY 50,6155.10,6168.75,6094.10,6101.1,-0.00715338670158021,0.010008231034828006
2013-10-29,NIFTY 50,6107.55,6228.05,6079.20,6220.9,0.019445508026603477,0.010439857595751025
2013-10-30,NIFTY 50,6230.80,6269.20,6222.60,6251.7,0.004938835945410866,0.009302339977654554
2013-10-31,NIFTY 50,6237.15,6309.05,6235.90,6299.15,0.007561276896942039,0.009298326310441325
2013-11-01,NIFTY 50,6289.75,6332.60,6286.95,6307.2,0.001277134316305225,0.008304142293317298
2013-11-03,NIFTY 50,6332.05,6342.95,6311.15,6317.35,0.0016079784526153947,0.00826954764385007
2013-11-05,NIFTY 50,6282.15,6304.75,6244.30,6253.15,-0.010214479645910707,0.008783490972075378
2013-11-06,NIFTY 50,6260.55,6269.70,6208.70,6215.15,-0.006095476954664,0.009003715104100472
2013-11-07,NIFTY 50,6228.90,6288.95,6180.80,6187.25,-0.004499136790165212,0.008745320561270059
2013-11-08,NIFTY 50,6170.15,6185.15,6120.95,6140.75,-0.007543838501638632,0.008970943822925537
2013-11-11,NIFTY 50,6110.40,6141.65,6067.75,6078.8,-0.010139576459187635,0.008875213372006509
2013-11-12,NIFTY 50,6087.25,6108.70,6011.75,6018.05,-0.010044021495865169,0.009114556101075118
2013-11-13,NIFTY 50,5998.85,6042.25,5972.45,5989.6,-0.004738654647109396,0.009131992780654847
2013-11-14,NIFTY 50,6037.00,6101.65,6036.65,6056.15,0.011049652718373403,0.009373217956224991
2013-11-18,NIFTY 50,6111.05,6196.80,6110.40,6189.0,0.02169923810451271,0.009147940762533965
2013-11-19,NIFTY 50,6197.25,6212.40,6180.20,6203.35,0.002315945952781923,0.009145131829731281
2013-11-20,NIFTY 50,6186.85,6204.35,6106.95,6122.9,-0.013053628211020872,0.009599646944032224
2013-11-21,NIFTY 50,6096.50,6097.35,5985.40,5999.05,-0.02043471714030918,0.010557932651834462
2013-11-22,NIFTY 50,6027.35,6049.60,5972.80,5995.45,-0.0006002751441242871,0.010557902609002327
2013-11-25,NIFTY 50,6035.95,6123.50,6035.95,6115.35,0.019801155590819155,0.01155637276553792
2013-11-26,NIFTY 50,6099.25,6112.70,6047.75,6059.1,-0.00924072960505565,0.011631267691810348
2013-11-27,NIFTY 50,6062.70,6074.00,6030.30,6057.1,-0.00033013651444595976,0.010660325213224634
2013-11-28,NIFTY 50,6092.00,6112.95,6068.30,6091.85,0.0057206745882288175,0.010685942089656415
2013-11-29,NIFTY 50,6103.90,6182.50,6103.80,6176.1,0.013735192027137234,0.011038606833801281
2013-12-02,NIFTY 50,6171.15,6228.70,6171.15,6217.85,0.006737183531966671,0.011164335508885634
2013-12-03,NIFTY 50,6204.25,6225.40,6191.40,6201.85,-0.0025765531939580984,0.011157750510866054
2013-12-04,NIFTY 50,6187.95,6209.15,6149.90,6160.95,-0.006616648205396715,0.011028309352356786
2013-12-05,NIFTY 50,6262.45,6300.55,6232.00,6241.1,0.012925462462916109,0.011357644862941175
2013-12-06,NIFTY 50,6234.40,6275.35,6230.75,6259.9,0.003007761646756415,0.011317859072663186
2013-12-09,NIFTY 50,6415.00,6415.25,6345.00,6363.9,0.016477186420757604,0.011678774096274184
2013-12-10,NIFTY 50,6354.70,6362.25,6307.55,6332.85,-0.004891025167618321,0.01145352353828603
2013-12-11,NIFTY 50,6307.20,6326.60,6280.25,6307.9,-0.003947555706750676,0.011192954814631631
2013-12-12,NIFTY 50,6276.75,6286.85,6230.55,6237.05,-0.011295501903372888,0.011503293615885344
2013-12-13,NIFTY 50,6201.30,6208.60,6161.40,6168.4,-0.011067829185171294,0.011652128522182876
2013-12-16,NIFTY 50,6168.35,6183.25,6146.05,6154.7,-0.002223467413910317,0.010585681719545754
2013-12-17,NIFTY 50,6178.20,6190.55,6133.00,6139.05,-0.0025460105262963585,0.010578804752800944
2013-12-18,NIFTY 50,6129.95,6236.00,6129.95,6217.15,0.012641595327615218,0.01053686417674016
2013-12-19,NIFTY 50,6253.90,6263.75,6150.70,6166.65,-0.008155861678958343,0.009548021675006483
2013-12-20,NIFTY 50,6179.95,6284.50,6170.35,6274.25,0.017298215252369548,0.01017132490868485
2013-12-23,NIFTY 50,6267.20,6317.50,6266.95,6284.5,0.0016323284205711835,0.009297191264507971
2013-12-24,NIFTY 50,6296.45,6301.50,6262.00,6268.4,-0.0025651457158312927,0.009011876404528546
2013-12-26,NIFTY 50,6270.10,6302.75,6259.45,6278.9,0.0016736672353441086,0.008999271696632847
2013-12-27,NIFTY 50,6292.80,6324.90,6289.40,6313.8,0.005542908090416466,0.00899528056427154
2013-12-30,NIFTY 50,6336.40,6344.05,6273.15,6291.1,-0.0036017778070772557,0.008610633154864525
2013-12-31,NIFTY 50,6307.35,6317.30,6287.30,6304.0,0.0020484163699707398,0.008507193484374568
2014-01-01,NIFTY 50,6323.80,6327.20,6298.25,6301.65,-0.00037284868725124024,0.008476902733262244
2014-01-02,NIFTY 50,6301.25,6358.30,6211.30,6221.15,-0.012856726747011677,0.008869907016006465
2014-01-03,NIFTY 50,6194.55,6221.70,6171.25,6211.15,-0.001608713135402426,0.008378923282694547
2014-01-06,NIFTY 50,6220.85,6224.70,6170.25,6191.45,-0.003176755933003238,0.008366847159483963
2014-01-07,NIFTY 50,6203.90,6221.50,6144.75,6162.25,-0.004727337458320973,0.007381102415969658
2014-01-08,NIFTY 50,6178.05,6192.10,6160.35,6174.6,0.002002132493375481,0.007380767978460179
2014-01-09,NIFTY 50,6181.70,6188.05,6148.25,6168.35,-0.0010127239491648035,0.0073537591498987545
2014-01-10,NIFTY 50,6178.85,6239.10,6139.60,6171.45,0.0005024392721461814,0.00695691969022974
2014-01-13,NIFTY 50,6189.55,6288.20,6189.55,6272.75,0.016281036569785592,0.007446901501942282
2014-01-14,NIFTY 50,6260.25,6280.35,6234.15,6241.85,-0.004938242180258452,0.00752993521015375
2014-01-15,NIFTY 50,6265.95,6325.20,6265.30,6320.9,0.012584990282946245,0.007935516183608259
2014-01-16,NIFTY 50,6341.35,6346.50,6299.85,6318.9,-0.00031646070613325746,0.007491037496641252
2014-01-17,NIFTY 50,6306.25,6327.10,6246.35,6261.65,-0.009101413721168659,0.007553337104948393
2014-01-20,NIFTY 50,6261.75,6307.45,6243.35,6303.95,0.006732692395925835,0.006651778819968022
2014-01-21,NIFTY 50,6320.15,6330.30,6297.90,6313.8,0.0015612929406419404,0.00665101298756759
2014-01-22,NIFTY 50,6309.05,6349.95,6287.45,6338.95,0.003975425598792202,0.006666989706714062
2014-01-23,NIFTY 50,6325.95,6355.60,6316.40,6345.65,0.0010563991963623248,0.006662988486847187
2014-01-24,NIFTY 50,6301.65,6331.45,6263.90,6266.75,-0.012511659836120561,0.007152932964379935
2014-01-27,NIFTY 50,6186.30,6188.55,6130.25,6135.85,-0.021109261078658903,0.008511081762434796
2014-01-28,NIFTY 50,6131.85,6163.60,6085.95,6126.25,-0.001565800631439209,0.008475672236247556
2014-01-29,NIFTY 50,6161.00,6170.45,6109.80,6120.25,-0.0009798718785080376,0.008472773443406247
2014-01-30,NIFTY 50,6067.00,6082.85,6027.25,6073.7,-0.007634970805552999,0.00817845669018959
2014-01-31,NIFTY 50,6082.75,6097.85,6067.35,6089.5,0.002598001987468999,0.008221356403361873
2014-02-03,NIFTY 50,6058.80,6074.85,5994.45,6001.8,-0.014506552307975153,0.008753173716531205
2014-02-04,NIFTY 50,5947.60,6017.80,5933.30,6000.9,-0.00014996625787316785,0.0087256737179936
2014-02-05,NIFTY 50,6004.25,6028.05,5962.05,6022.4,0.0035763929896889188,0.008764297494778975
2014-02-06,NIFTY 50,6028.35,6048.35,5965.40,6036.3,0.002305390490905147,0.008800315353155768
2014-02-07,NIFTY 50,6077.65,6079.95,6030.90,6063.2,0.0044464720559084766,0.00888150442454704
2014-02-10,NIFTY 50,6072.80,6083.05,6046.40,6053.45,-0.0016093560686157922,0.00790934436459796
2014-02-11,NIFTY 50,6072.45,6081.85,6053.25,6062.7,0.0015268879631088485,0.007905558426631484
2014-02-12,NIFTY 50,6085.35,6106.60,6077.40,6084.0,0.0035071289868710874,0.00729390823088852
2014-02-13,NIFTY 50,6087.55,6094.40,5991.10,6001.1,-0.013719588639159846,0.0077417756244219675
2014-02-14,NIFTY 50,6023.75,6056.40,5984.60,6048.35,0.007842721815290526,0.007915739837448546
2014-02-17,NIFTY 50,6057.10,6080.65,6038.30,6073.3,0.004116607101259631,0.007789088292275248
2014-02-18,NIFTY 50,6071.30,6141.70,6066.80,6127.1,0.008819440137131852,0.00811915579600282
2014-02-19,NIFTY 50,6132.05,6160.35,6125.75,6152.75,0.00417758153463435,0.00812645470658829
2014-02-20,NIFTY 50,6127.15,6129.10,6086.45,6091.45,-0.010012987726474961,0.008318530866332524
2014-02-21,NIFTY 50,6108.30,6159.65,6108.00,6155.45,0.010451719635821382,0.008382231243007568
2014-02-24,NIFTY 50,6140.95,6191.85,6130.80,6186.1,0.0049669714117469115,0.006984095672166867
2014-02-25,NIFTY 50,6205.70,6216.85,6176.60,6200.05,0.0022525168673606616,0.006979492793952126
2014-02-26,NIFTY 50,6202.45,6245.95,6202.10,6238.8,0.006230499660876425,0.007079170669771395
2014-02-28,NIFTY 50,6228.45,6282.70,6228.10,6276.95,0.006096337519478733,0.006864401718148804
2014-03-03,NIFTY 50,6264.35,6277.75,6212.25,6221.45,-0.00888119516086819,0.007249692551459301
2014-03-04,NIFTY 50,6216.75,6302.15,6215.70,6297.95,0.01222118506491175,0.006666906477300918
2014-03-05,NIFTY 50,6328.45,6336.25,6287.80,6328.65,0.0048627596495382595,0.006659892105677944
2014-03-06,NIFTY 50,6344.75,6406.60,6339.70,6401.15,0.01139071845516691,0.006939889171576781
2014-03-07,NIFTY 50,6413.95,6537.80,6413.55,6526.65,0.01941613308108391,0.00783967701427692
2014-03-10,NIFTY 50,6491.70,6562.20,6487.35,6537.25,0.0016227929372118323,0.007854825931804478
2014-03-11,NIFTY 50,6537.35,6562.85,6494.25,6511.9,-0.003885315425082567,0.007952647136980549
2014-03-12,NIFTY 50,6497.50,6546.15,6487.30,6516.9,0.0007675304318831538,0.007965120508094658
2014-03-13,NIFTY 50,6491.75,6561.45,6476.65,6493.1,-0.003658728139811217,0.008129566936529158
2014-03-14,NIFTY 50,6447.25,6518.45,6432.70,6504.2,0.0017080474711854297,0.007101139719851364
2014-03-18,NIFTY 50,6532.45,6574.95,6497.65,6516.65,0.0019123181350059718,0.007057025712250406
2014-03-19,NIFTY 50,6530.00,6541.20,6506.00,6524.05,0.001134908523971568,0.007079858979532507
2014-03-20,NIFTY 50,6508.35,6523.65,6473.25,6483.1,-0.0062965577077323765,0.007294639064359542
2014-03-21,NIFTY 50,6515.20,6522.90,6485.70,6493.2,0.001556684423076205,0.007292581482377327
2014-03-22,NIFTY 50,6497.80,6502.65,6481.35,6494.9,0.00026177809066888315,0.006687171873240041
2014-03-24,NIFTY 50,6510.50,6591.50,6510.50,6583.5,0.01354926526903964,0.0068964010054015056
2014-03-25,NIFTY 50,6550.10,6595.55,6544.85,6589.75,0.0009488927134847534,0.006905687721178841
2014-03-26,NIFTY 50,6615.65,6627.45,6580.60,6601.4,0.0017663362222314941,0.006909906708328313
2014-03-27,NIFTY 50,6613.10,6673.95,6599.50,6641.75,0.00609373523092073,0.006906750313676805
2014-03-28,NIFTY 50,6673.05,6702.60,6643.80,6695.9,0.00811991580563042,0.0069670603173439555
2014-03-31,NIFTY 50,6723.15,6730.05,6662.40,6704.2,0.0012387968838208155,0.006384234075963691
2014-04-01,NIFTY 50,6729.50,6732.25,6675.45,6721.05,0.0025101966589488197,0.006066345414002883
2014-04-02,NIFTY 50,6757.60,6763.50,6723.60,6752.55,0.004675818992859665,0.006063874840369261
2014-04-03,NIFTY 50,6772.05,6776.75,6696.90,6736.1,-0.0024390888866266734,0.005871167969887378
2014-04-04,NIFTY 50,6741.85,6741.85,6685.15,6694.35,-0.006217235384320974,0.0046707094946400384
2014-04-07,NIFTY 50,6694.25,6725.15,6650.40,6695.05,0.00010456032393353425,0.004676981769986854
2014-04-09,NIFTY 50,6722.00,6808.70,6705.10,6796.2,0.01499518507744194,0.00544112866035983
2014-04-10,NIFTY 50,6803.05,6819.05,6777.30,6796.4,2.9427776880780706e-05,0.005453392719814426
2014-04-11,NIFTY 50,6758.35,6789.35,6743.15,6776.3,-0.002961829951863465,0.005416765593911189
2014-04-15,NIFTY 50,6792.70,6813.40,6711.75,6733.1,-0.006395568604345289,0.005743570116400534
2014-04-16,NIFTY 50,6727.25,6748.65,6665.15,6675.3,-0.008621514576662933,0.006191431952909048
2014-04-17,NIFTY 50,6695.45,6783.05,6684.40,6779.4,0.015474455364523729,0.006965102706623175
2014-04-21,NIFTY 50,6789.25,6825.45,6786.90,6817.65,0.005626235234663153,0.00673117340002493
2014-04-22,NIFTY 50,6822.90,6838.00,6806.25,6815.35,-0.0003374165659532361,0.006758646631405818
2014-04-23,NIFTY 50,6823.25,6861.60,6820.75,6840.8,0.0037272627297802005,0.006744782432141448
2014-04-25,NIFTY 50,6855.80,6869.85,6772.85,6782.75,-0.008522059422898664,0.006663166159311301
2014-04-28,NIFTY 50,6778.55,6786.25,6750.30,6761.25,-0.003174840233210194,0.006744128839332853
2014-04-29,NIFTY 50,6769.00,6779.70,6708.65,6715.25,-0.006826724839414866,0.006981373746634275
2014-04-30,NIFTY 50,6724.95,6780.15,6656.80,6696.4,-0.0028109908045921687,0.006913304602059184
2014-05-02,NIFTY 50,6709.95,6737.65,6689.50,6694.8,-0.0002389629021466117,0.0066710770554012045
2014-05-05,NIFTY 50,6681.65,6741.05,6680.45,6699.35,0.0006794011079490664,0.006666744822266301
2014-05-06,NIFTY 50,6719.25,6743.45,6701.90,6715.3,0.0023779983102460538,0.006664152300527995
2014-05-07,NIFTY 50,6708.60,6718.75,6642.90,6652.55,-0.009388265262639386,0.0068786098000801705
2014-05-08,NIFTY 50,6669.90,6688.40,6638.55,6659.85,0.0010967219632376844,0.006878242389926716
2014-05-09,NIFTY 50,6654.15,6871.35,6652.15,6858.8,0.02943553754641982,0.009469404145531672
2014-05-12,NIFTY 50,6863.40,7020.05,6862.90,7014.25,0.02241129475994542,0.010580426350841297
2014-05-13,NIFTY 50,7080.00,7172.35,7067.15,7108.75,0.013382625556367727,0.010484531561678322
2014-05-14,NIFTY 50,7112.00,7142.25,7080.90,7108.75,0.0,0.010484861381213342
2014-05-15,NIFTY 50,7111.30,7152.55,7082.55,7123.15,0.0020236236783652277,0.010413535236301705
2014-05-16,NIFTY 50,7270.20,7563.50,7130.65,7203.0,0.011147562589988237,0.010363895221123267
2014-05-19,NIFTY 50,7276.85,7291.10,7193.55,7263.55,0.008371084133619802,0.010019633094726354
2014-05-20,NIFTY 50,7309.95,7353.65,7247.70,7275.5,0.0016438491773507152,0.009673492919578973
2014-05-21,NIFTY 50,7274.85,7287.15,7206.70,7252.9,-0.0031111503302860472,0.009770706311618712
2014-05-22,NIFTY 50,7289.95,7319.55,7258.15,7276.4,0.0032348455180137327,0.009737264717686387
2014-05-23,NIFTY 50,7306.50,7381.00,7293.90,7367.1,0.01238790724904927,0.00994881116568771
2014-05-26,NIFTY 50,7428.75,7504.00,7269.05,7359.05,-0.0010932933321799185,0.00960084119765092
2014-05-27,NIFTY 50,7363.10,7372.95,7274.75,7318.0,-0.0055937817257782855,0.009711607651021095
2014-05-28,NIFTY 50,7324.95,7344.75,7302.60,7329.65,0.0015906991847185804,0.009396998872596376
2014-05-29,NIFTY 50,7316.60,7325.40,7224.40,7235.65,-0.012907568683302844,0.010051883819580786
2014-05-30,NIFTY 50,7254.85,7272.50,7118.45,7229.95,-0.000788076580992883,0.010064447002255162
2014-06-02,NIFTY 50,7264.05,7368.60,7239.50,7362.5,0.018167428460267053,0.01052412363295594
2014-06-03,NIFTY 50,7375.35,7424.95,7342.15,7415.85,0.007220052544072955,0.010523119181270956
2014-06-04,NIFTY 50,7417.55,7433.30,7391.35,7402.25,-0.001835593472666209,0.010108403108504698
2014-06-05,NIFTY 50,7399.75,7484.70,7360.50,7474.1,0.009659702641022738,0.010100595460325136
2014-06-06,NIFTY 50,7521.50,7592.70,7497.65,7583.4,0.014517937208863853,0.00871683520739725
2014-06-09,NIFTY 50,7621.65,7673.70,7580.25,7654.6,0.009345126416259402,0.007784710176047867
2014-06-10,NIFTY 50,7679.05,7683.20,7579.30,7656.4,0.00023512507455971358,0.007534519853452106
2014-06-11,NIFTY 50,7672.40,7700.05,7589.05,7626.85,-0.0038669833737107378,0.007682912290606958
2014-06-12,NIFTY 50,7641.30,7658.00,7593.80,7649.9,0.0030176598414749147,0.007675952201616851
2014-06-13,NIFTY 50,7668.20,7678.50,7525.35,7542.1,-0.014191918026845586,0.008414588821180775
2014-06-16,NIFTY 50,7534.80,7548.60,7487.55,7533.55,-0.0011342795722500843,0.008321570933390067
2014-06-17,NIFTY 50,7525.05,7637.60,7509.25,7631.7,0.012944246938812196,0.008684362270870926
2014-06-18,NIFTY 50,7636.05,7663.00,7515.50,7558.2,-0.009677558593122937,0.009020885082398261
2014-06-19,NIFTY 50,7580.05,7606.45,7502.55,7540.7,-0.002318050697222683,0.009068203295411551
2014-06-20,NIFTY 50,7543.30,7560.55,7497.30,7511.45,-0.0038864928688601137,0.008792582883696646
2014-06-23,NIFTY 50,7514.00,7534.80,7441.60,7493.35,-0.002412562483897036,0.008813801574257525
2014-06-24,NIFTY 50,7515.20,7593.35,7515.20,7580.2,0.011523623976275392,0.008979142738200505
2014-06-25,NIFTY 50,7588.55,7589.25,7557.05,7569.25,-0.0014455972866207131,0.009007780504859139
2014-06-26,NIFTY 50,7554.10,7570.20,7481.30,7493.2,-0.010098044639083419,0.0087887350462208
2014-06-27,NIFTY 50,7514.20,7538.75,7482.30,7508.8,0.0020797234532494843,0.00876853836832006
2014-06-30,NIFTY 50,7534.05,7623.65,7531.60,7611.35,0.013564888242700746,0.008370270852076239
2014-07-01,NIFTY 50,7629.00,7649.50,7618.15,7634.7,0.0030630908670544912,0.008276074449342087
2014-07-02,NIFTY 50,7683.05,7732.40,7677.30,7725.15,0.011777594903249066,0.008546647525142968
2014-07-03,NIFTY 50,7734.35,7754.65,7706.80,7714.8,-0.001340678117516209,0.008389417579933499
2014-07-04,NIFTY 50,7718.10,7758.00,7661.30,7751.6,0.004758711716452999,0.007865014482726716
2014-07-07,NIFTY 50,7780.40,7792.00,7755.10,7787.15,0.004575665613385596,0.0076716896112330865
2014-07-08,NIFTY 50,7804.05,7808.85,7595.90,7623.2,-0.021278710231501574,0.00913282940400557
2014-07-09,NIFTY 50,7637.95,7650.10,7551.65,7585.0,-0.005023616251345775,0.009160775998098543
2014-07-10,NIFTY 50,7589.50,7731.05,7479.05,7567.75,-0.0022768154231857557,0.009137082870219916
2014-07-11,NIFTY 50,7584.10,7625.85,7447.20,7459.6,-0.014394003902155504,0.009153072436833783
2014-07-14,NIFTY 50,7469.00,7478.45,7422.15,7454.15,-0.0007308691968958904,0.00915216141823402
2014-07-15,NIFTY 50,7491.30,7534.90,7459.15,7526.65,0.009679131423714828,0.008925476791342358
2014-07-16,NIFTY 50,7564.15,7640.10,7532.45,7624.4,0.01290357517080751,0.009154432496271308
2014-07-17,NIFTY 50,7612.70,7655.65,7612.70,7640.45,0.002102871094640876,0.009137790932273985
2014-07-18,NIFTY 50,7630.25,7685.00,7595.50,7663.9,0.00306449059931018,0.009087936136892499
2014-07-21,NIFTY 50,7701.65,7722.10,7674.00,7684.2,0.002645280111212144,0.009058164642309192
2014-07-22,NIFTY 50,7708.20,7773.85,7704.80,7767.85,0.010827148134938352,0.009017868865977871
2014-07-23,NIFTY 50,7794.90,7809.20,7752.90,7795.75,0.0035852925912121456,0.009009684385657708
2014-07-24,NIFTY 50,7796.25,7835.65,7771.65,7830.6,0.004460422015305646,0.008604515378407293
2014-07-25,NIFTY 50,7828.20,7840.95,7748.60,7790.45,-0.005140510838018083,0.008759984507995682
2014-07-28,NIFTY 50,7792.90,7799.90,7722.65,7748.7,-0.005373537221862133,0.008443875512832535
2014-07-30,NIFTY 50,7746.20,7798.70,7707.60,7791.4,0.005495473962515748,0.008494125896903546
2014-07-31,NIFTY 50,7784.65,7791.85,7711.15,7721.3,-0.009037817679608722,0.00838058582353731
2014-08-01,NIFTY 50,7662.50,7716.70,7593.90,7602.6,-0.015492449591646213,0.009066855893731317
2014-08-04,NIFTY 50,7639.55,7694.80,7622.05,7683.65,0.010604400625005004,0.009343202151661033
2014-08-05,NIFTY 50,7706.65,7752.45,7638.05,7746.55,0.008152888285444738,0.009477551710103416
2014-08-06,NIFTY 50,7726.15,7740.95,7658.95,7672.05,-0.00966372819590784,0.00841860736719658
2014-08-07,NIFTY 50,7651.15,7708.95,7630.40,7649.25,-0.002976250948722424,0.0083624789637592
2014-08-08,NIFTY 50,7588.70,7592.45,7540.10,7568.55,-0.010606100289075998,0.008704361894506648
2014-08-11,NIFTY 50,7619.85,7635.55,7598.60,7625.95,0.00755540136917557,0.008160006150129875
2014-08-12,NIFTY 50,7688.80,7735.75,7654.80,7727.05,0.013170254850428461,0.008576984513683765
2014-08-13,NIFTY 50,7717.30,7757.10,7695.70,7739.55,0.0016163866294555754,0.008374132874461822
2014-08-14,NIFTY 50,7756.15,7796.70,7739.10,7791.7,0.006715518195772614,0.008033934303706506
2014-08-18,NIFTY 50,7785.25,7880.50,7779.20,7874.25,0.010538877508667058,0.00830698739435481
2014-08-19,NIFTY 50,7901.00,7918.55,7881.15,7897.5,0.0029483116130798108,0.008305881542876821
2014-08-20,NIFTY 50,7915.80,7922.70,7864.05,7875.3,-0.002814974469916306,0.00835588701467646
2014-08-21,NIFTY 50,7875.35,7919.65,7855.95,7891.1,0.002004262899475061,0.008049737816703727
2014-08-22,NIFTY 50,7904.55,7929.05,7900.05,7913.2,0.0027967090481380323,0.008037231988003421
2014-08-25,NIFTY 50,7931.75,7968.25,7897.95,7906.3,-0.0008723411533313404,0.007995929643716763
2014-08-26,NIFTY 50,7874.50,7915.45,7862.45,7904.75,-0.0001960654105787061,0.007888690105130254
2014-08-27,NIFTY 50,7933.90,7946.85,7916.55,7936.05,0.003951825758060241,0.007783952819303863
2014-08-28,NIFTY 50,7942.25,7967.80,7939.20,7954.35,0.00230327846879431,0.0077236145122399555
2014-09-01,NIFTY 50,7990.35,8035.00,7984.00,8027.7,0.009179112193328278,0.007545319984522592
2014-09-02,NIFTY 50,8038.60,8101.95,8036.55,8083.05,0.00687121552659829,0.006394352935030055
2014-09-03,NIFTY 50,8110.85,8141.90,8092.25,8114.6,0.003895631761407898,0.006149241065281525
2014-09-04,NIFTY 50,8114.20,8114.80,8060.90,8095.95,-0.0023009716793679943,0.006108052531960613
2014-09-05,NIFTY 50,8099.90,8122.70,8049.85,8086.85,-0.0011246509824220565,0.005503194857221174
2014-09-08,NIFTY 50,8132.95,8180.20,8126.15,8173.9,0.010706865500556604,0.00561851448427105
2014-09-09,NIFTY 50,8161.90,8174.55,8126.50,8152.95,-0.0025663262047620214,0.004797567751652209
2014-09-10,NIFTY 50,8135.55,8135.75,8082.10,8094.1,-0.007244423741990964,0.005290711471168373
2014-09-11,NIFTY 50,8115.15,8127.95,8057.30,8085.7,-0.001038331840281539,0.004779461960051978
2014-09-12,NIFTY 50,8087.05,8114.30,8071.60,8105.5,0.0024457742316799933,0.00477710363436323
2014-09-15,NIFTY 50,8070.35,8077.30,8030.00,8042.0,-0.00786503512440859,0.005166113072611427
2014-09-16,NIFTY 50,8036.60,8044.90,7925.15,7932.9,-0.013659139806330059,0.005757483969637977
2014-09-17,NIFTY 50,7971.50,7990.65,7936.95,7975.5,0.005355673961613464,0.0058387918104732825
2014-09-18,NIFTY 50,7950.65,8120.85,7939.70,8114.75,0.01730905071438062,0.006880141412538699
2014-09-19,NIFTY 50,8129.40,8160.90,8105.35,8121.45,0.0008253163154318021,0.006880622474268264
2014-09-22,NIFTY 50,8084.45,8159.90,8064.80,8146.3,0.003055126778901814,0.006883548948943739
2014-09-23,NIFTY 50,8144.40,8159.75,8008.10,8017.55,-0.015930947515386325,0.007899684291993
2014-09-24,NIFTY 50,8015.55,8042.05,7950.05,8002.4,-0.0018913922348600097,0.007918862621794342
2014-09-25,NIFTY 50,8003.30,8019.30,7877.35,7911.85,-0.011379861092122126,0.008311103262948769
2014-09-26,NIFTY 50,7885.85,7993.30,7841.80,7968.85,0.007178555702857498,0.008457140838205352
2014-09-29,NIFTY 50,7978.45,7991.75,7934.70,7958.9,-0.0012493919473012323,0.008184413524614114
2014-09-30,NIFTY 50,7948.80,8030.90,7923.85,7964.8,0.0007410338388679577,0.008009494478647934
2014-10-01,NIFTY 50,7960.50,7977.50,7936.70,7945.55,-0.002419809670203699,0.007941450153336535
2014-10-07,NIFTY 50,7897.40,7943.05,7842.70,7852.4,-0.01179280596919085,0.00829569954186562
2014-10-08,NIFTY 50,7828.75,7869.90,7815.75,7842.7,-0.001236054722173975,0.008295452394630351
2014-10-09,NIFTY 50,7886.50,7972.35,7886.50,7960.55,0.014914930117128791,0.008667267990412501
2014-10-10,NIFTY 50,7911.00,7924.05,7848.45,7859.95,-0.012717847848969429,0.009033462076127593
2014-10-13,NIFTY 50,7831.00,7901.15,7796.00,7884.25,0.003086853481986172,0.009002887167667369
2014-10-14,NIFTY 50,7923.25,7928.00,7825.45,7864.0,-0.0025717157348472356,0.009006949527431772
2014-10-16,NIFTY 50,7837.30,7893.90,7729.65,7748.2,-0.014834824520207252,0.009438147480342725
2014-10-17,NIFTY 50,7733.75,7819.20,7723.85,7779.7,0.004057218710859095,0.009441613972028527
2014-10-20,NIFTY 50,7896.95,7905.95,7856.95,7879.4,0.012733981803331414,0.009520088004567058
2014-10-21,NIFTY 50,7906.15,7936.60,7874.35,7927.75,0.0061175038873991505,0.009545559869186164
2014-10-22,NIFTY 50,7997.80,8005.00,7974.55,7995.9,0.008559647580575275,0.008872842041354417
2014-10-23,NIFTY 50,8027.70,8031.75,8008.85,8014.55,0.0023297294498851014,0.008893144033107522
2014-10-27,NIFTY 50,8064.35,8064.40,7985.65,7991.7,-0.0028551366525443466,0.008861247713306307
2014-10-28,NIFTY 50,8002.40,8037.80,7995.05,8027.6,0.004482100978227324,0.008196546461605175
2014-10-29,NIFTY 50,8077.05,8097.95,8052.25,8090.45,0.007798749668480464,0.008359735561741804
2014-10-30,NIFTY 50,8085.20,8181.55,8085.20,8169.2,0.00968663110999424,0.008101024504365097
2014-10-31,NIFTY 50,8200.80,8330.75,8198.05,8322.2,0.018555658095554397,0.008875741215640448
2014-11-03,NIFTY 50,8348.15,8350.60,8297.65,8324.15,0.0002342855952107104,0.008851831670592942
2014-11-05,NIFTY 50,8351.25,8365.55,8323.50,8338.3,0.0016984301109980806,0.008845865547586828
2014-11-07,NIFTY 50,8331.85,8360.35,8290.25,8337.0,-0.00015591923415268414,0.008796755175522794
2014-11-10,NIFTY 50,8337.80,8383.05,8304.45,8344.25,0.0008692394702429653,0.00815330251554863
2014-11-11,NIFTY 50,8354.10,8378.70,8321.85,8362.65,0.0022026836144884545,0.008094480602923617
2014-11-12,NIFTY 50,8378.90,8415.05,8370.50,8383.3,0.002466269213384744,0.007611215016646809
2014-11-13,NIFTY 50,8405.25,8408.00,8320.35,8357.85,-0.0030404147391592455,0.006857284468355544
2014-11-14,NIFTY 50,8360.70,8400.65,8346.80,8389.9,0.003827384469517981,0.006859373264961377
2014-11-17,NIFTY 50,8378.40,8438.10,8349.10,8430.75,0.004857134570927836,0.0067356429138049675
2014-11-18,NIFTY 50,8441.25,8454.50,8407.25,8425.9,-0.0005754405690137999,0.005295826952072745
2014-11-19,NIFTY 50,8440.65,8455.65,8360.50,8382.3,-0.0051879556157946064,0.005696585404349393
2014-11-20,NIFTY 50,8406.50,8410.85,8353.15,8401.9,0.0023355309051787624,0.005291710654721355
2014-11-21,NIFTY 50,8408.20,8489.80,8398.60,8477.35,0.008940030217262439,0.005409647527195613
2014-11-24,NIFTY 50,8490.95,8534.65,8490.80,8530.15,0.006209045377599953,0.005315249257579353
2014-11-25,NIFTY 50,8530.80,8535.35,8429.45,8463.1,-0.007891409584104565,0.0058692645480629265
2014-11-26,NIFTY 50,8450.30,8500.30,8438.65,8475.75,0.0014936081672254514,0.005730659126556845
2014-11-27,NIFTY 50,8477.80,8506.75,8456.35,8494.2,0.0021744327201368174,0.005721205612777434
2014-11-28,NIFTY 50,8516.80,8617.00,8516.25,8588.25,0.011011412333051798,0.005910184927588518
2014-12-01,NIFTY 50,8605.10,8623.00,8545.15,8555.9,-0.003773886532098854,0.0058732272105201395
2014-12-02,NIFTY 50,8535.45,8560.20,8504.65,8524.7,-0.0036532715127820387,0.004602572735566731
2014-12-03,NIFTY 50,8528.70,8546.95,8508.35,8537.65,0.0015179623541452013,0.0045973141875964305
2014-12-04,NIFTY 50,8582.40,8626.95,8526.40,8564.4,0.0031282824941991166,0.004615470767554634
2014-12-05,NIFTY 50,8584.25,8588.35,8523.90,8538.3,-0.0030521520299715325,0.004709282769780371
2014-12-08,NIFTY 50,8538.65,8546.35,8432.25,8438.25,-0.011786983615759453,0.00553331430873936
2014-12-09,NIFTY 50,8439.30,8444.50,8330.50,8340.7,-0.011627795434946306,0.006147386037987242
2014-12-10,NIFTY 50,8318.05,8376.80,8317.00,8355.65,0.0017908110449759277,0.006134204920077213
2014-12-11,NIFTY 50,8338.85,8348.30,8272.40,8292.9,-0.007538229713293805,0.00632465629020971
2014-12-12,NIFTY 50,8302.00,8321.90,8216.30,8224.1,-0.008330858861932928,0.006480343634207222
2014-12-15,NIFTY 50,8160.75,8242.40,8152.50,8219.6,-0.0005473220883785565,0.0063343776540689505
2014-12-16,NIFTY 50,8172.60,8189.35,8052.60,8067.6,-0.018665505802723793,0.0074274949094520525
2014-12-17,NIFTY 50,8041.20,8082.00,7961.35,8029.8,-0.004696419232607601,0.0074177995618198754
2014-12-18,NIFTY 50,8138.90,8174.30,8084.90,8159.3,0.0159987599343588,0.008414660222559473
2014-12-19,NIFTY 50,8230.45,8263.45,8208.60,8225.2,0.008044231482620805,0.008358558107420488
2014-12-22,NIFTY 50,8255.00,8330.95,8228.20,8324.0,0.011940296066161682,0.008727229378252306
2014-12-23,NIFTY 50,8324.60,8364.75,8252.85,8267.0,-0.006871222260849433,0.008689101525057143
2014-12-24,NIFTY 50,8272.05,8286.40,8155.25,8174.1,-0.011301067290881468,0.008949600536940588
2014-12-26,NIFTY 50,8204.80,8234.55,8147.95,8200.7,0.0032488975007518147,0.008977969531364826
2014-12-29,NIFTY 50,8214.70,8279.15,8214.70,8246.3,0.005545098418286741,0.008645826212506232
2014-12-30,NIFTY 50,8260.30,8268.25,8220.55,8248.25,0.00023644173488641823,0.008649793334023931
2014-12-31,NIFTY 50,8243.90,8291.00,8243.75,8282.7,0.004167945565311592,0.008739407750978371
2015-01-01,NIFTY 50,8272.80,8294.70,8248.75,8284.0,0.0001569413344440855,0.0087204415919726
2015-01-02,NIFTY 50,8288.70,8410.60,8288.70,8395.45,0.013363948894877683,0.009288694549067918
2015-01-05,NIFTY 50,8407.95,8445.60,8363.90,8378.4,-0.002032926951416599,0.0092796126958536
2015-01-06,NIFTY 50,8325.30,8327.85,8111.35,8127.35,-0.03042204831092239,0.011168772888500534
2015-01-07,NIFTY 50,8118.65,8151.20,8065.45,8102.1,-0.003111629830098193,0.010937401631798887
2015-01-08,NIFTY 50,8191.40,8243.50,8167.30,8234.6,0.01622150195078389,0.01161738635088257
2015-01-09,NIFTY 50,8285.45,8303.30,8190.80,8284.5,0.0060415097406526655,0.011595328584423546
2015-01-12,NIFTY 50,8291.35,8332.60,8245.60,8323.0,0.004636467736743234,0.011469826423615511
2015-01-13,NIFTY 50,8346.15,8356.65,8267.90,8299.4,-0.0028395437310194172,0.011493298452863166
2015-01-14,NIFTY 50,8307.25,8326.45,8236.65,8277.55,-0.002636192140761345,0.010612893671281922
2015-01-15,NIFTY 50,8424.50,8527.10,8380.55,8494.15,0.025830660367344594,0.01183256249752984
2015-01-16,NIFTY 50,8504.05,8530.75,8452.25,8513.8,0.0023106851493621787,0.011418230256662994
2015-01-19,NIFTY 50,8550.05,8570.95,8531.50,8550.7,0.004324774533538449,0.011346840058644505
2015-01-20,NIFTY 50,8575.10,8707.90,8574.50,8695.6,0.01680399965846449,0.011621236154046083
2015-01-21,NIFTY 50,8719.65,8741.85,8689.60,8729.5,0.0038909438418050723,0.011427439410469618
2015-01-22,NIFTY 50,8745.85,8774.15,8727.00,8761.4,0.0036476150877737317,0.010940469582993521
2015-01-23,NIFTY 50,8827.95,8866.40,8795.40,8835.6,0.00843330565006859,0.010996250464223091
2015-01-27,NIFTY 50,8871.35,8925.05,8825.45,8910.5,0.008441341450482422,0.011040415085384716
2015-01-28,NIFTY 50,8902.75,8985.05,8874.05,8914.3,0.00042637225187001037,0.01103720338811028
2015-01-29,NIFTY 50,8901.50,8966.65,8861.25,8952.35,0.004259338770853641,0.011037346584239407
2015-01-30,NIFTY 50,8996.60,8996.60,8775.10,8808.9,-0.016153493616853636,0.011896605949419733
2015-02-02,NIFTY 50,8802.50,8840.80,8751.10,8797.4,-0.0013063507534741001,0.011678895371170941
2015-02-03,NIFTY 50,8823.15,8837.30,8726.65,8756.55,-0.004654231525165908,0.011745054371584076
2015-02-04,NIFTY 50,8789.15,8792.85,8704.40,8723.7,-0.0037585319056024297,0.00905059451867953
2015-02-05,NIFTY 50,8733.10,8838.45,8683.65,8711.7,-0.0013765100766004728,0.008991597947498554
2015-02-06,NIFTY 50,8696.85,8726.20,8645.55,8661.05,-0.005830987438373654,0.008713728878872526
2015-02-09,NIFTY 50,8584.40,8605.55,8516.35,8526.35,-0.01567459393409736,0.009563948481258095
2015-02-10,NIFTY 50,8478.10,8646.25,8470.50,8565.55,0.004586976138613567,0.00956308392082868
2015-02-11,NIFTY 50,8603.30,8651.95,8593.65,8627.4,0.007194840537426239,0.009590134287133234
2015-02-12,NIFTY 50,8676.95,8732.55,8599.25,8711.55,0.00970654632442759,0.00967702869446829
2015-02-13,NIFTY 50,8741.50,8822.10,8729.65,8805.5,0.010726794848962074,0.008248994864996933
2015-02-16,NIFTY 50,8831.40,8870.10,8793.40,8809.35,0.0004371311775355716,0.008253526496637058
2015-02-18,NIFTY 50,8811.55,8894.30,8808.90,8869.1,0.006759668128535262,0.00831193546801809
2015-02-19,NIFTY 50,8883.05,8913.45,8794.45,8895.3,0.002949721802804654,0.007539572926868055
2015-02-20,NIFTY 50,8895.50,8899.95,8816.30,8833.6,-0.0069604148142353005,0.007719140095890731
2015-02-23,NIFTY 50,8856.85,8869.00,8736.10,8754.95,-0.008943377848408795,0.007966362339265183
2015-02-24,NIFTY 50,8772.90,8800.50,8726.75,8762.1,0.0008163475467704371,0.0077183294194698195
2015-02-25,NIFTY 50,8801.90,8840.65,8751.40,8767.25,0.0005875859798763928,0.007438604648860191
2015-02-26,NIFTY 50,8779.00,8786.05,8669.45,8683.85,-0.009558209505033739,0.007682292508448393
2015-02-27,NIFTY 50,8729.50,8856.95,8717.45,8844.6,0.018342124578303188,0.008785740093270397
2015-02-28,NIFTY 50,8913.05,8941.10,8751.35,8901.85,0.006452017006512306,0.0081081862300247
2015-03-02,NIFTY 50,8953.85,8972.35,8885.45,8956.75,0.006148317666913585,0.008190504198394582
2015-03-03,NIFTY 50,8962.85,9008.40,8925.55,8996.25,0.00440038586730066,0.008117398154793714
2015-03-04,NIFTY 50,9109.15,9119.20,8893.95,8922.65,-0.00821483616723559,0.008323554284174611
2015-03-05,NIFTY 50,8929.40,8957.55,8849.35,8937.75,0.0016908919842467322,0.008303222594558892
2015-03-09,NIFTY 50,8891.15,8891.30,8740.45,8756.75,-0.02045904811401918,0.009518050528426473
2015-03-10,NIFTY 50,8769.75,8778.00,8677.35,8712.05,-0.005117706718394268,0.00883949641266721
2015-03-11,NIFTY 50,8728.75,8755.60,8682.35,8699.95,-0.0013898463068881953,0.008815596102342402
2015-03-12,NIFTY 50,8740.65,8787.20,8732.90,8776.0,0.008703444455342574,0.008879608939388613
2015-03-13,NIFTY 50,8844.05,8849.75,8631.75,8647.75,-0.014721551472009752,0.009269330464914705
2015-03-16,NIFTY 50,8656.75,8663.55,8612.00,8633.15,-0.0016897272102494485,0.008895430430935488
2015-03-17,NIFTY 50,8689.10,8742.55,8630.80,8723.3,0.010388162406696348,0.009250567370558651
2015-03-18,NIFTY 50,8742.90,8747.25,8664.00,8685.9,-0.004296585430193531,0.009123969468256285
2015-03-19,NIFTY 50,8749.45,8788.20,8614.65,8634.65,-0.005917843205695482,0.009135152551981416
2015-03-20,NIFTY 50,8627.90,8627.90,8553.00,8570.9,-0.007410433462823647,0.009149886122713306
2015-03-23,NIFTY 50,8591.55,8608.35,8540.55,8550.9,-0.0023362040318674936,0.008985151474805829
2015-03-24,NIFTY 50,8537.05,8627.75,8535.85,8542.95,-0.0009301591593691744,0.008973216037630172
2015-03-25,NIFTY 50,8568.90,8573.75,8516.55,8530.8,-0.0014232376661163287,0.008962607800322826
2015-03-26,NIFTY 50,8474.95,8499.45,8325.35,8342.15,-0.022362166828760233,0.00997824588255715
2015-03-27,NIFTY 50,8396.00,8413.20,8269.15,8341.4,-8.990892232234343e-05,0.008778971360929923
2015-03-30,NIFTY 50,8390.95,8504.55,8380.75,8492.3,0.01792880259372829,0.009746228672415636
2015-03-31,NIFTY 50,8527.60,8550.45,8454.15,8491.0,-0.00015309156672000437,0.009556886653458432
2015-04-01,NIFTY 50,8483.70,8603.40,8464.75,8586.25,0.011155307528727893,0.009931913835743253
2015-04-06,NIFTY 50,8615.80,8667.55,8573.75,8659.9,0.008541088617607507,0.0101146147354486
2015-04-07,NIFTY 50,8684.45,8693.60,8586.85,8660.3,4.6188843093050606e-05,0.010094018479220406
2015-04-08,NIFTY 50,8698.95,8730.50,8679.80,8714.4,0.00622746577944364,0.009189953840538863
2015-04-09,NIFTY 50,8756.20,8785.50,8682.45,8778.3,0.007305937245911289,0.009262661932750313
2015-04-10,NIFTY 50,8774.35,8787.40,8733.60,8780.35,0.00023350314623443608,0.009253456002616227
2015-04-13,NIFTY 50,8801.75,8841.65,8762.10,8834.0,0.0060916429960903105,0.009148834264252588
2015-04-15,NIFTY 50,8844.75,8844.80,8722.40,8750.2,-0.009531355923174955,0.008764999415959592
2015-04-16,NIFTY 50,8757.05,8760.00,8645.65,8706.7,-0.0049837130344473814,0.008840690122735927
2015-04-17,NIFTY 50,8698.05,8699.85,8596.70,8606.0,-0.011633209800304587,0.008905499354153776
2015-04-20,NIFTY 50,8618.80,8619.95,8422.75,8448.1,-0.01851807040134819,0.009738537668641868
2015-04-21,NIFTY 50,8416.10,8469.35,8352.70,8377.75,-0.008362181992732759,0.009813428851398711
2015-04-22,NIFTY 50,8400.40,8449.95,8284.70,8429.7,0.0061818021695861205,0.009853881822238437
2015-04-23,NIFTY 50,8478.20,8504.95,8361.85,8398.3,-0.0037318797768145355,0.009870034391830637
2015-04-24,NIFTY 50,8405.70,8413.30,8273.35,8305.25,-0.011141459454923742,0.01013228207130254
2015-04-27,NIFTY 50,8330.55,8334.45,8202.35,8213.8,-0.011072178395239022,0.010360055341790245
2015-04-28,NIFTY 50,8215.55,8308.00,8185.15,8285.6,0.008703401727596441,0.009415415346262794
2015-04-29,NIFTY 50,8274.80,8308.20,8219.20,8239.75,-0.005549064637238217,0.0094866430326694
2015-04-30,NIFTY 50,8224.50,8229.40,8144.75,8181.5,-0.007094495768480639,0.008512628180240296
2015-05-04,NIFTY 50,8230.05,8346.00,8220.45,8331.95,0.018222014533752957,0.009625838294705497
2015-05-05,NIFTY 50,8338.40,8355.65,8280.60,8324.8,-0.0008585108666642865,0.009196225828801377
2015-05-06,NIFTY 50,8316.60,8331.95,8083.00,8097.0,-0.02774538884992459,0.010577167214307421
2015-05-07,NIFTY 50,8077.00,8122.60,7997.15,8057.3,-0.004915109899369749,0.01055121255229916
2015-05-08,NIFTY 50,8131.50,8224.95,8123.45,8191.5,0.016518518473573537,0.011281773558014857
2015-05-11,NIFTY 50,8243.20,8332.75,8224.65,8325.25,0.016196034167464263,0.01187275680938917
2015-05-12,NIFTY 50,8326.15,8326.65,8115.30,8126.95,-0.024107366025236887,0.012774954668417772
2015-05-13,NIFTY 50,8181.55,8254.95,8089.80,8235.45,0.01326230752496551,0.01316384760563087
2015-05-14,NIFTY 50,8232.45,8236.25,8137.30,8224.2,-0.0013669794621202092,0.0130936324732763
2015-05-15,NIFTY 50,8240.30,8279.20,8212.20,8262.35,0.004628023218110737,0.01319683258103279
2015-05-18,NIFTY 50,8284.95,8384.60,8271.95,8373.65,0.013380819986761118,0.013479875993788503
2015-05-19,NIFTY 50,8356.20,8427.80,8335.00,8365.65,-0.0009558345461374651,0.012861764194735746
2015-05-20,NIFTY 50,8392.65,8440.35,8391.45,8423.25,0.006861703387130291,0.012821802987652052
2015-05-21,NIFTY 50,8434.50,8446.35,8382.50,8421.0,-0.0002671534812630433,0.012746194956748677
2015-05-22,NIFTY 50,8432.50,8489.55,8420.60,8458.95,0.004496466392384961,0.012753946527390116
2015-05-25,NIFTY 50,8438.15,8441.95,8364.15,8370.25,-0.01054129980665742,0.012726137426023283
2015-05-26,NIFTY 50,8377.10,8378.90,8320.05,8339.35,-0.0036984769501036585,0.01248104975352882
2015-05-27,NIFTY 50,8302.75,8342.85,8277.95,8334.6,-0.0005697510342172957,0.01234183794387028
2015-05-28,NIFTY 50,8345.70,8364.50,8270.15,8319.0,-0.0018734693475108775,0.012277436049651582
2015-05-29,NIFTY 50,8327.10,8443.90,8305.70,8433.65,0.013687600465767506,0.012480520218096142
2015-06-01,NIFTY 50,8417.25,8467.15,8405.40,8433.4,-2.9643595058783424e-05,0.011845959960244722
2015-06-02,NIFTY 50,8442.80,8445.35,8226.05,8236.45,-0.02363058632565605,0.01302933463452957
2015-06-03,NIFTY 50,8232.45,8236.70,8094.15,8135.1,-0.012381392688355673,0.011728485499896876
2015-06-04,NIFTY 50,8155.15,8160.05,8056.75,8130.65,-0.0005471619951152744,0.011668055150157461
2015-06-05,NIFTY 50,8119.15,8191.00,8100.15,8114.7,-0.0019636394568422855,0.011043909542945379
2015-06-08,NIFTY 50,8124.35,8131.00,8030.55,8044.15,-0.008732112530860727,0.010454856964740645
2015-06-09,NIFTY 50,8026.50,8057.15,8005.15,8022.4,-0.0027074901937920617,0.009042439411288223
2015-06-10,NIFTY 50,8024.15,8152.25,8023.80,8124.45,0.012640404635043944,0.008993023452940868
2015-06-11,NIFTY 50,8157.30,8163.05,7958.25,7965.35,-0.019777148972969484,0.009957680628097246
2015-06-12,NIFTY 50,7959.85,7995.60,7940.30,7982.9,0.0022008693222258725,0.009892371506869538
2015-06-15,NIFTY 50,7986.60,8057.70,7944.85,8013.9,0.003875780006747908,0.009341686513328675
2015-06-16,NIFTY 50,8004.20,8061.85,7952.35,8047.3,0.004159097470468204,0.009446838063785221
2015-06-17,NIFTY 50,8084.20,8136.85,8048.95,8091.55,0.005483675836339464,0.00938408122613536
2015-06-18,NIFTY 50,8113.70,8186.90,8101.80,8174.6,0.01021147864292033,0.009770982347707883
2015-06-19,NIFTY 50,8201.15,8250.80,8195.65,8224.95,0.0061404316829892,0.009830680855983282
2015-06-22,NIFTY 50,8259.30,8369.45,8257.40,8353.1,0.015460509843183657,0.010268115033920368
2015-06-23,NIFTY 50,8377.45,8398.45,8334.95,8381.55,0.0034001341419138656,0.010259958320732164
2015-06-24,NIFTY 50,8399.40,8421.35,8338.90,8360.85,-0.0024727650214575975,0.010276794478407106
2015-06-25,NIFTY 50,8336.25,8423.15,8329.50,8398.0,0.004433485692758857,0.01030792068164541
2015-06-26,NIFTY 50,8393.95,8408.55,8339.70,8381.1,-0.0020144114660273177,0.009835574351949468
2015-06-29,NIFTY 50,8247.05,8329.45,8195.65,8318.4,-0.007509242148659931,0.009965591965317683
2015-06-30,NIFTY 50,8316.35,8378.00,8298.95,8368.5,0.006004728324241362,0.00846471479341193
2015-07-01,NIFTY 50,8376.25,8481.60,8370.15,8453.05,0.010052666017483027,0.0081055130845714
2015-07-02,NIFTY 50,8471.95,8479.25,8433.20,8444.9,-0.0009646141256129774,0.008112726738667529
2015-07-03,NIFTY 50,8440.10,8497.75,8424.15,8484.9,0.004725404249484008,0.008083057930761344
2015-07-06,NIFTY 50,8386.15,8533.15,8386.15,8522.15,0.00438054331190067,0.00766820590610366
2015-07-07,NIFTY 50,8525.50,8561.35,8483.85,8510.8,-0.0013327112073848752,0.007621443636892544
2015-07-08,NIFTY 50,8439.20,8457.50,8341.40,8363.05,-0.017512752120137583,0.008532593092639977
2015-07-09,NIFTY 50,8364.85,8400.30,8323.00,8328.55,-0.0041338216982639425,0.0070775221223419674
2015-07-10,NIFTY 50,8365.70,8377.10,8315.40,8360.55,0.003834843007237717,0.00708660013750118
2015-07-13,NIFTY 50,8397.25,8471.65,8355.40,8459.65,0.011783587197667495,0.0073924957825972715
2015-07-14,NIFTY 50,8470.60,8480.25,8424.10,8454.1,-0.0006562708091575268,0.007421057565479835
2015-07-15,NIFTY 50,8463.40,8531.40,8462.95,8523.8,0.008210720003500056,0.007504015785786915
2015-07-16,NIFTY 50,8546.15,8616.10,8542.90,8608.05,0.009835561154472951,0.007484397998061105
2015-07-17,NIFTY 50,8623.65,8642.95,8593.15,8609.85,0.00020908473234936958,0.007453479365575697
2015-07-20,NIFTY 50,8623.90,8624.10,8559.00,8603.45,-0.0007436110792131971,0.006797982214195574
2015-07-21,NIFTY 50,8601.50,8646.75,8517.90,8529.45,-0.008638404492949399,0.007142916835328029
2015-07-22,NIFTY 50,8512.25,8643.90,8498.65,8633.5,0.012125103757416237,0.0075188115748995995
2015-07-23,NIFTY 50,8643.95,8654.75,8573.80,8589.8,-0.005074532032312573,0.007630286278206502
2015-07-24,NIFTY 50,8588.15,8589.15,8513.50,8521.55,-0.00797720366050664,0.00787223430254817
2015-07-27,NIFTY 50,8492.10,8492.20,8351.55,8361.0,-0.019020212009607847,0.008871462771134915
2015-07-28,NIFTY 50,8371.10,8397.40,8321.75,8337.0,-0.002874597739444469,0.008790408249766658
2015-07-29,NIFTY 50,8365.60,8381.50,8338.45,8375.05,0.004553608414086103,0.008535522449729285
2015-07-30,NIFTY 50,8417.00,8458.90,8408.30,8421.8,0.005566534286775702,0.008639643356316814
2015-07-31,NIFTY 50,8456.10,8548.95,8448.00,8532.85,0.013099838458928155,0.009079441606229765
2015-08-03,NIFTY 50,8510.65,8563.95,8508.10,8543.05,0.0011946663090252347,0.00903156702220601
2015-08-04,NIFTY 50,8564.10,8565.15,8448.25,8516.9,-0.00306566203071199,0.009054546219288022
2015-08-05,NIFTY 50,8547.45,8591.85,8545.85,8567.95,0.005976072594240236,0.008135235653188588
2015-08-06,NIFTY 50,8585.80,8606.30,8551.50,8588.65,0.0024130666967213904,0.00804004288601027
2015-08-07,NIFTY 50,8580.80,8595.95,8552.70,8564.6,-0.0028041351649522885,0.008077171103895556
2015-08-10,NIFTY 50,8577.00,8621.55,8497.80,8525.6,-0.004564027067979434,0.007771769804843286
2015-08-11,NIFTY 50,8548.45,8556.25,8441.30,8462.35,-0.00744648910180363,0.007965699095663158
2015-08-12,NIFTY 50,8445.70,8446.95,8337.95,8349.45,-0.013431244392924006,0.008263010378225116
2015-08-13,NIFTY 50,8384.45,8429.50,8339.75,8355.85,0.000766223930503318,0.00787488493225898
2015-08-14,NIFTY 50,8402.35,8530.10,8381.20,8518.55,0.019284246203826075,0.009143964169615744
2015-08-17,NIFTY 50,8530.50,8530.60,8428.05,8477.3,-0.004854135685655054,0.009194999379816831
2015-08-18,NIFTY 50,8505.85,8525.75,8433.60,8466.55,-0.0012688971446727342,0.009007513097450754
2015-08-19,NIFTY 50,8468.05,8520.45,8425.95,8495.15,0.003372306679677083,0.008570499176037994
2015-08-20,NIFTY 50,8471.05,8501.35,8359.75,8372.75,-0.01451302751352893,0.009063492451366255
2015-08-21,NIFTY 50,8305.40,8322.20,8225.05,8299.95,-0.008732894212009904,0.009094405679512658
2015-08-24,NIFTY 50,8055.95,8060.05,7769.40,7809.0,-0.060972576007483854,0.015776070029187194
2015-08-25,NIFTY 50,7895.40,7925.40,7667.25,7880.7,0.00913981773118768,0.016024518679131104
2015-08-26,NIFTY 50,7865.25,7930.05,7777.10,7791.85,-0.011338416770132156,0.01603395135421201
2015-08-27,NIFTY 50,7921.60,7963.60,7862.30,7948.95,0.01996152883021574,0.016773539792204115
2015-08-28,NIFTY 50,8053.70,8091.80,7961.65,8001.95,0.006645417505821892,0.01650973855833766
2015-08-31,NIFTY 50,8009.25,8043.60,7947.95,7971.3,-0.0038376708080114967,0.01647736140705546
2015-09-01,NIFTY 50,7907.95,7929.10,7746.50,7785.85,-0.02353960751499542,0.017076448879893555
2015-09-02,NIFTY 50,7856.65,7862.55,7699.25,7717.0,-0.008882296179158256,0.016919771377620706
2015-09-03,NIFTY 50,7774.45,7845.60,7754.05,7823.0,0.01364242522747763,0.017367157150278607
2015-09-04,NIFTY 50,7803.40,7804.90,7626.85,7655.05,-0.02170255193598637,0.01776982042494548
2015-09-07,NIFTY 50,7685.85,7705.05,7545.90,7558.8,-0.012653113333210548,0.017836605509830954
2015-09-08,NIFTY 50,7587.70,7720.90,7539.50,7688.25,0.016980741915736938,0.018555485535271428
2015-09-09,NIFTY 50,7805.85,7846.05,7764.55,7818.6,0.016812321047294777,0.019040780004548438
2015-09-10,NIFTY 50,7729.05,7819.85,7678.50,7788.1,-0.003908582702182925,0.019017115712706034
2015-09-11,NIFTY 50,7833.80,7864.85,7759.90,7789.3,0.00015406935719366538,0.01827652663534939
2015-09-14,NIFTY 50,7811.10,7879.95,7761.85,7872.25,0.010592920323966004,0.018583463911881922
2015-09-15,NIFTY 50,7867.35,7880.00,7799.75,7829.1,-0.00549635650817742,0.018578369178538074
2015-09-16,NIFTY 50,7886.85,7913.90,7853.30,7899.15,0.008907597879939009,0.018733208472813234
2015-09-18,NIFTY 50,7967.45,8055.00,7955.85,7981.9,0.010421319612123373,0.018800884384355173
2015-09-21,NIFTY 50,7911.50,7987.90,7908.35,7977.1,-0.0006015414681044874,0.018744342239619266
2015-09-22,NIFTY 50,8014.80,8021.60,7787.75,7812.0,-0.020913923877102725,0.013522087730515475
2015-09-23,NIFTY 50,7737.35,7882.90,7723.25,7845.95,0.004336462078648718,0.01339361551607744
2015-09-24,NIFTY 50,7838.40,7894.50,7804.10,7868.5,0.0028699719657007167,0.013147447173772557
2015-09-28,NIFTY 50,7892.80,7893.95,7787.95,7795.7,-0.009295147426338244,0.012477413696640242
2015-09-29,NIFTY 50,7725.70,7926.55,7691.20,7843.3,0.00608736453593409,0.012460091383618603
2015-09-30,NIFTY 50,7924.25,7957.70,7874.50,7948.9,0.01337389014469916,0.012842389056835879
2015-10-01,NIFTY 50,7992.05,8008.25,7930.65,7950.9,0.00025157549284249867,0.011602985669448342
2015-10-05,NIFTY 50,8005.10,8128.90,8005.10,8119.3,0.02095881375508732,0.012163816524782909
2015-10-06,NIFTY 50,8180.45,8180.95,8096.50,8152.9,0.004129748620775543,0.011889771116563712
2015-10-07,NIFTY 50,8146.20,8188.90,8132.90,8177.4,0.0030005594976027835,0.010491648971421732
2015-10-08,NIFTY 50,8196.75,8196.75,8105.85,8129.35,-0.0058932821154094855,0.010050250677333571
2015-10-09,NIFTY 50,8186.35,8232.20,8139.65,8189.7,0.007396297593475994,0.009598942823311165
2015-10-12,NIFTY 50,8231.50,8244.50,8128.20,8143.6,-0.005644924469066859,0.009223947771796146
2015-10-13,NIFTY 50,8121.95,8150.25,8088.60,8131.7,-0.0014623388964399796,0.009156942928694315
2015-10-14,NIFTY 50,8102.40,8139.30,8096.35,8107.9,-0.00293110877602961,0.009218270988423767
2015-10-15,NIFTY 50,8134.35,8190.55,8129.80,8179.5,0.008792129036173624,0.009138416031065856
2015-10-16,NIFTY 50,8193.65,8246.40,8147.65,8238.15,0.007144780099017116,0.009035459619169612
2015-10-19,NIFTY 50,8262.55,8283.05,8239.20,8275.05,0.004469159389838342,0.008924827483029979
2015-10-20,NIFTY 50,8280.30,8294.05,8229.20,8261.65,-0.0016206380877549446,0.00875440737363059
2015-10-21,NIFTY 50,8258.35,8294.40,8217.15,8251.7,-0.00120508572810975,0.008763874915136197
2015-10-23,NIFTY 50,8308.25,8328.10,8280.75,8295.45,0.005287931993795239,0.006984454026151864
2015-10-26,NIFTY 50,8333.65,8336.30,8252.05,8260.55,-0.004216000446318112,0.007158124352516459
2015-10-27,NIFTY 50,8230.35,8241.95,8217.05,8232.9,-0.0033528492707724606,0.007278838944539179
2015-10-28,NIFTY 50,8188.90,8209.10,8131.80,8171.2,-0.007522545090541855,0.007140158918964665
2015-10-29,NIFTY 50,8175.45,8179.60,8098.00,8111.75,-0.007302149077749941,0.007394684672609098
2015-10-30,NIFTY 50,8123.55,8146.10,8044.40,8065.8,-0.0056807271273674655,0.007027494902900806
2015-11-02,NIFTY 50,8054.55,8060.70,7995.60,8050.8,-0.001861435331419404,0.007050909892080336
2015-11-03,NIFTY 50,8086.35,8100.35,8031.75,8060.7,0.0012289360079425834,0.005191093937758384
2015-11-04,NIFTY 50,8104.90,8116.10,8027.30,8040.2,-0.002546442879275842,0.0051009117486831
2015-11-05,NIFTY 50,8030.35,8031.20,7944.10,7955.45,-0.010596730117439205,0.005474739432923177
2015-11-06,NIFTY 50,7956.55,8002.65,7926.15,7954.3,-0.00014456543968348424,0.005375084627390938
2015-11-09,NIFTY 50,7788.25,7937.75,7771.70,7915.2,-0.0049277014549425294,0.005047640809990413
2015-11-10,NIFTY 50,7877.60,7885.10,7772.85,7783.35,-0.01679812471917992,0.0060269708460664925
2015-11-11,NIFTY 50,7838.80,7847.95,7819.10,7825.0,0.0053368996540898335,0.006261659664977892
2015-11-13,NIFTY 50,7762.45,7775.10,7730.90,7762.25,-0.008051495804410539,0.00640804405840527
2015-11-16,NIFTY 50,7732.95,7838.85,7714.15,7806.6,0.0056972891335418325,0.006161822317480411
2015-11-17,NIFTY 50,7848.75,7860.45,7793.00,7837.55,0.003956755768668415,0.0059410130797169294
2015-11-18,NIFTY 50,7823.15,7843.40,7725.05,7731.8,-0.013584591041188353,0.006193761070996412
2015-11-19,NIFTY 50,7788.50,7854.90,7765.45,7842.75,0.014247843681842662,0.007342834576320107
2015-11-20,NIFTY 50,7841.90,7906.95,7817.80,7856.55,0.001758040620194783,0.007402151916612184
2015-11-23,NIFTY 50,7869.50,7877.50,7825.20,7849.25,-0.0009295929561929175,0.007187356650397328
2015-11-24,NIFTY 50,7837.00,7870.35,7812.65,7831.6,-0.0022511544276917856,0.007179896260639165
2015-11-26,NIFTY 50,7837.15,7897.10,7832.00,7883.8,0.006643189734136915,0.007471577181157357
2015-11-27,NIFTY 50,7910.60,7959.30,7879.45,7942.7,0.0074432466977343344,0.007654113339995562
2015-11-30,NIFTY 50,7936.25,7966.00,7922.80,7935.25,-0.0009384083646455314,0.007527867888876664
2015-12-01,NIFTY 50,7958.15,7972.15,7934.15,7954.9,0.00247323153228641,0.007487416356802404
2015-12-02,NIFTY 50,7976.70,7979.30,7910.80,7931.35,-0.002964830246382941,0.00750053838039307
2015-12-03,NIFTY 50,7902.30,7912.30,7853.30,7864.15,-0.008508803828694305,0.007679417299661642
2015-12-04,NIFTY 50,7817.60,7821.40,7775.70,7781.9,-0.010513932612670314,0.007952859178989998
2015-12-07,NIFTY 50,7816.55,7825.40,7746.05,7765.4,-0.002122555838596946,0.007670883003897478
2015-12-08,NIFTY 50,7738.50,7771.25,7685.45,7701.7,-0.008236884761876744,0.00782368514503977
2015-12-09,NIFTY 50,7695.50,7702.85,7606.90,7612.5,-0.011649450676256404,0.008112586560293126
2015-12-10,NIFTY 50,7643.30,7691.95,7610.00,7683.3,0.009257509334327736,0.007683360095002913
2015-12-11,NIFTY 50,7699.60,7703.05,7575.30,7610.45,-0.009526839524913903,0.007792195182293384
2015-12-14,NIFTY 50,7558.20,7663.95,7551.05,7650.05,0.005189880919368561,0.007758873735965111
2015-12-15,NIFTY 50,7659.15,7705.00,7625.10,7700.9,0.006625021381424254,0.007801962861212442
2015-12-16,NIFTY 50,7725.25,7776.60,7715.75,7750.9,0.006471760508837625,0.007900306145956356
2015-12-17,NIFTY 50,7783.05,7852.90,7737.55,7844.35,0.011984561775383614,0.007748369880394458
2015-12-18,NIFTY 50,7828.90,7836.15,7753.35,7761.95,-0.010559936143228895,0.007449122781355142
2015-12-21,NIFTY 50,7745.65,7840.75,7733.45,7834.45,0.009297084226538115,0.007754827959338968
2015-12-22,NIFTY 50,7829.40,7846.30,7776.85,7786.1,-0.0061905828425923215,0.00787134402713074
2015-12-23,NIFTY 50,7830.45,7871.45,7826.10,7865.95,0.01020322484736798,0.008203164076521982
2015-12-24,NIFTY 50,7888.75,7888.75,7835.50,7861.05,-0.0006231322132069426,0.008063375825469536
2015-12-28,NIFTY 50,7863.20,7937.20,7863.00,7925.15,0.008121061723696364,0.008098294791997055
2015-12-29,NIFTY 50,7929.20,7942.15,7902.75,7928.95,0.000479371275918494,0.008096872331941847
2015-12-30,NIFTY 50,7938.60,7944.75,7889.85,7896.25,-0.004132655074162747,0.008123659078940231
2015-12-31,NIFTY 50,7897.80,7955.55,7891.15,7946.35,0.006324740510985518,0.008232332337985444
2016-01-01,NIFTY 50,7938.45,7972.55,7909.80,7963.2,0.0021182253803941208,0.007987118414680089
2016-01-04,NIFTY 50,7924.55,7937.55,7781.10,7791.3,-0.02182320254634219,0.009135116679387946
2016-01-05,NIFTY 50,7828.40,7831.20,7763.25,7784.65,-0.0008538805535521714,0.00912355832957478
2016-01-06,NIFTY 50,7788.05,7800.95,7721.20,7741.0,-0.0056229677996819044,0.009015570477438466
2016-01-07,NIFTY 50,7673.35,7674.95,7556.60,7568.3,-0.022562406666700497,0.010045376111219292
2016-01-08,NIFTY 50,7611.65,7634.10,7581.05,7601.35,0.00435739154073617,0.009858241141372215
2016-01-11,NIFTY 50,7527.45,7605.10,7494.35,7563.85,-0.004945543274399779,0.009690131753813901
2016-01-12,NIFTY 50,7587.20,7588.30,7487.80,7510.3,-0.007104908106335364,0.009713012811240455
2016-01-13,NIFTY 50,7557.90,7590.95,7425.80,7562.4,0.006913188413160628,0.009725003423791408
2016-01-14,NIFTY 50,7467.40,7604.80,7443.80,7536.8,-0.003390911376716468,0.009580104789177268
2016-01-15,NIFTY 50,7561.65,7566.50,7427.30,7437.8,-0.013222582559598958,0.009382565803245686
2016-01-18,NIFTY 50,7420.35,7463.65,7336.40,7351.0,-0.011738747800771408,0.009438335321532897
2016-01-19,NIFTY 50,7381.80,7462.75,7364.15,7435.1,0.011375671328844596,0.009587882524342898
2016-01-20,NIFTY 50,7357.00,7470.90,7241.50,7309.3,-0.017064519778242238,0.010096100767198964
2016-01-21,NIFTY 50,7376.65,7398.70,7250.00,7276.8,-0.004456304808527721,0.009594582281702867
2016-01-22,NIFTY 50,7355.70,7433.40,7327.60,7422.45,0.019817986224223778,0.010953670178270402
2016-01-25,NIFTY 50,7468.75,7487.15,7421.20,7436.15,0.0018440504330504684,0.010709358441478778
2016-01-27,NIFTY 50,7469.60,7477.90,7419.70,7437.75,0.00021514196090760673,0.010704762788787956
2016-01-28,NIFTY 50,7426.50,7468.85,7409.60,7424.65,-0.001762838221614563,0.010706983575115661
2016-01-29,NIFTY 50,7413.35,7575.65,7402.80,7563.55,0.01853511116378017,0.01158365047589883
2016-02-01,NIFTY 50,7589.50,7600.45,7541.25,7555.95,-0.0010053243348120673,0.01153952606518702
2016-02-02,NIFTY 50,7566.65,7576.30,7428.05,7455.55,-0.013376610874904342,0.010938843788104322
2016-02-03,NIFTY 50,7392.45,7419.40,7350.30,7361.8,-0.012654253427677708,0.011177907897472477
2016-02-04,NIFTY 50,7411.45,7457.05,7365.95,7404.0,0.005715926654272561,0.011313521064820888
2016-02-05,NIFTY 50,7418.25,7503.15,7406.65,7489.1,0.011428235384442176,0.010630115095952249
2016-02-08,NIFTY 50,7489.70,7512.55,7363.20,7387.25,-0.013693088883640953,0.010954983491867406
2016-02-09,NIFTY 50,7303.95,7323.45,7275.15,7298.2,-0.012127798804870539,0.011191508842928523
2016-02-10,NIFTY 50,7264.30,7271.85,7177.75,7215.7,-0.011368534790472756,0.011337777809731345
2016-02-11,NIFTY 50,7203.60,7208.65,6959.95,6976.35,-0.03373335025025544,0.013153439771627118
2016-02-12,NIFTY 50,7023.65,7034.80,6869.00,6980.95,0.0006591532984963952,0.013194958293765432
2016-02-15,NIFTY 50,7057.35,7182.80,7056.80,7162.95,0.02573689662749143,0.014542441832160198
2016-02-16,NIFTY 50,7201.25,7204.65,7037.70,7048.25,-0.01614254823202739,0.014731637897323445
2016-02-17,NIFTY 50,7058.85,7123.70,6960.65,7108.45,0.008504858175728582,0.014606852762591422
2016-02-18,NIFTY 50,7177.40,7215.10,7127.85,7191.75,0.01165031848362057,0.01448439683266391
2016-02-19,NIFTY 50,7170.55,7226.85,7145.95,7210.75,0.002638432358562314,0.014477288688416053
2016-02-22,NIFTY 50,7208.85,7252.40,7200.70,7234.55,0.0032951924204565474,0.013710609744713359
2016-02-23,NIFTY 50,7240.30,7241.70,7090.70,7109.55,-0.01742920982584184,0.014149615674270952
2016-02-24,NIFTY 50,7075.00,7090.80,7009.75,7018.7,-0.012860934969299378,0.014330862447136035
2016-02-25,NIFTY 50,7029.85,7034.20,6961.40,6970.6,-0.006876711422382299,0.014355114967045503
2016-02-26,NIFTY 50,7039.30,7052.90,6985.10,7029.75,0.008449839031309078,0.01371598883008932
2016-02-29,NIFTY 50,7050.45,7094.60,6825.80,6987.05,-0.006092707620728847,0.013711348866706037
2016-03-01,NIFTY 50,7038.25,7235.50,7035.10,7222.3,0.03311502604036025,0.01580396417462025
2016-03-02,NIFTY 50,7321.70,7380.35,7308.15,7368.85,0.020088194301993236,0.016285956391222208
2016-03-03,NIFTY 50,7429.55,7483.95,7406.05,7475.6,0.01438272757981807,0.01655774730959314
2016-03-04,NIFTY 50,7505.40,7505.90,7444.10,7485.35,0.0013033933513985744,0.016359020864168666
2016-03-08,NIFTY 50,7486.40,7527.15,7442.15,7485.3,-6.679736684793017e-06,0.016040331845915724
2016-03-09,NIFTY 50,7436.10,7539.00,7424.30,7531.8,0.006192959841356403,0.015792873922240103
2016-03-10,NIFTY 50,7545.35,7547.10,7447.40,7486.15,-0.006079410385437102,0.015607918522467682
2016-03-11,NIFTY 50,7484.85,7543.95,7460.60,7510.2,0.0032074498952521847,0.013172394729614926
2016-03-14,NIFTY 50,7542.60,7583.70,7515.05,7538.75,0.0037942892031638392,0.013153108609692403
2016-03-15,NIFTY 50,7535.85,7545.20,7452.80,7460.6,-0.010420545847201314,0.012451717665639529
2016-03-16,NIFTY 50,7457.05,7508.00,7405.15,7498.75,0.005100500049307666,0.011702993909117486
2016-03-17,NIFTY 50,7557.40,7585.30,7479.40,7512.55,0.0018386154280552417,0.011635628687830446
2016-03-18,NIFTY 50,7534.65,7613.60,7517.90,7604.35,0.01214549655978919,0.011656040390178214
2016-03-21,NIFTY 50,7619.20,7713.55,7617.70,7704.25,0.013051672671276491,0.011879380885621614
2016-03-22,NIFTY 50,7695.55,7728.20,7643.80,7714.9,0.0013813993240332821,0.011887211403268814
2016-03-23,NIFTY 50,7717.45,7726.85,7670.60,7716.5,0.00020736939042907305,0.010887331880470376
2016-03-28,NIFTY 50,7741.00,7749.40,7587.70,7615.1,-0.013227775121485097,0.01091766988254896
2016-03-29,NIFTY 50,7606.55,7652.90,7582.25,7597.0,-0.0023796857161793887,0.01072479134989384
2016-03-30,NIFTY 50,7651.10,7741.95,7643.45,7735.2,0.01802790766611606,0.011126069970203666
2016-03-31,NIFTY 50,7727.65,7777.60,7702.00,7738.4,0.00041360769899949964,0.010883866822975525
2016-04-01,NIFTY 50,7718.05,7740.15,7666.10,7713.05,-0.003281248393441246,0.008797064815133404
2016-04-04,NIFTY 50,7733.15,7764.45,7704.40,7758.8,0.005913983569240657,0.007897216281980694
2016-04-05,NIFTY 50,7736.30,7736.30,7588.65,7603.2,-0.020258471755920285,0.008906318182777878
2016-04-06,NIFTY 50,7636.05,7638.65,7591.75,7614.35,0.001465413551501711,0.008906829554687891
2016-04-07,NIFTY 50,7630.40,7630.75,7535.85,7546.45,-0.008957370850205362,0.009173254188490096
2016-04-08,NIFTY 50,7542.35,7569.35,7526.70,7555.2,0.0011588139016811545,0.009074667117521027
2016-04-11,NIFTY 50,7577.80,7678.80,7516.85,7671.4,0.015263060148727501,0.009545592389143489
2016-04-12,NIFTY 50,7669.25,7717.40,7663.35,7708.95,0.004882863472765534,0.009571248491034167
2016-04-13,NIFTY 50,7777.15,7864.80,7772.20,7850.45,0.018188863461525737,0.010282961416003654
2016-04-18,NIFTY 50,7908.15,7920.60,7842.75,7914.7,0.008150934906212496,0.009932430176169965
2016-04-20,NIFTY 50,7950.05,7950.40,7877.55,7914.75,6.3173388842871176e-06,0.009939811185434062
2016-04-21,NIFTY 50,7953.65,7978.45,7884.10,7912.05,-0.0003411934220679929,0.009961675463538195
2016-04-22,NIFTY 50,7891.80,7923.35,7873.35,7899.3,-0.0016127658629500094,0.009739697046540577
2016-04-25,NIFTY 50,7894.80,7911.00,7827.00,7855.05,-0.005617510892454403,0.00950678086122195
2016-04-26,NIFTY 50,7828.15,7974.50,7822.55,7962.65,0.013605221965695767,0.009918685685935309
2016-04-27,NIFTY 50,7942.00,7991.00,7940.55,7979.9,0.0021640210294831333,0.009914078505368512
2016-04-28,NIFTY 50,7967.40,7992.00,7834.45,7847.25,-0.01676272810774945,0.010220581374225475
2016-04-29,NIFTY 50,7844.25,7889.05,7788.70,7849.8,0.0003249018156190739,0.010184354411591486
2016-05-02,NIFTY 50,7822.70,7829.80,7777.30,7805.9,-0.005608195744850267,0.009532728790269125
2016-05-03,NIFTY 50,7824.80,7890.25,7735.15,7747.0,-0.007574186368132628,0.009700407314752722
2016-05-04,NIFTY 50,7724.15,7749.00,7697.25,7706.55,-0.005235055036589779,0.00974551312551893
2016-05-05,NIFTY 50,7731.00,7777.55,7706.85,7735.5,0.0037495065638106385,0.009687736039752252
2016-05-06,NIFTY 50,7717.65,7738.90,7678.35,7733.45,-0.00026504707973084955,0.00845695983915124
2016-05-09,NIFTY 50,7755.25,7873.65,7753.55,7866.05,0.0170009543630475,0.009197574411633552
2016-05-10,NIFTY 50,7873.55,7896.90,7837.70,7887.8,0.002761231549014723,0.008854749569791098
2016-05-11,NIFTY 50,7804.65,7893.10,7780.90,7848.85,-0.004950237761993738,0.008997214881954449
2016-05-12,NIFTY 50,7871.45,7916.05,7849.65,7900.4,0.006546366855241561,0.008514322604786176
2016-05-13,NIFTY 50,7881.00,7881.00,7784.20,7814.9,-0.01088122321630429,0.00890263810615688
2016-05-16,NIFTY 50,7831.20,7873.90,7772.15,7860.75,0.005849853849998104,0.008008215464510887
2016-05-17,NIFTY 50,7896.85,7940.10,7879.70,7890.75,0.0038091656381104887,0.007834463394570702
2016-05-18,NIFTY 50,7846.75,7882.05,7810.75,7870.15,-0.0026140654062346874,0.007853572304282117
2016-05-19,NIFTY 50,7875.50,7876.20,7766.80,7783.4,-0.011083861247528113,0.008216760844289576
2016-05-20,NIFTY 50,7792.20,7812.40,7735.75,7749.7,-0.004339127782009621,0.008253145739132543
2016-05-23,NIFTY 50,7813.95,7820.60,7722.20,7731.05,-0.0024094451525408156,0.008188702476659412
2016-05-24,NIFTY 50,7738.05,7761.55,7715.80,7748.85,0.0022997574719705355,0.0075038553681736056
2016-05-25,NIFTY 50,7811.80,7941.20,7809.30,7934.9,0.023726306246479582,0.00935708017912168
2016-05-26,NIFTY 50,7974.45,8083.00,7948.50,8069.65,0.01683935932876852,0.009258470964694235
2016-05-27,NIFTY 50,8081.95,8164.20,8077.05,8156.65,0.010723434632758858,0.009484296398900536
2016-05-30,NIFTY 50,8166.50,8200.00,8150.80,8178.5,0.0026752142504092432,0.009317772238414805
2016-05-31,NIFTY 50,8209.85,8213.60,8134.30,8160.1,-0.0022523359135574773,0.00909328879014245
2016-06-01,NIFTY 50,8179.20,8215.35,8171.05,8179.95,0.0024296143236509325,0.008905384096672858
2016-06-02,NIFTY 50,8156.90,8229.50,8154.75,8218.95,0.004756425556180148,0.008912802006595777
2016-06-03,NIFTY 50,8246.20,8262.00,8209.85,8220.8,0.0002250642507103704,0.0089039316462994
2016-06-06,NIFTY 50,8228.75,8234.70,8186.05,8201.05,-0.0024053330802774366,0.008344047785550276
2016-06-07,NIFTY 50,8235.55,8294.95,8216.40,8266.45,0.00794295962877799,0.008445965177753008
2016-06-08,NIFTY 50,8285.50,8288.90,8252.05,8273.05,0.0007980894646536186,0.00828085764246472
2016-06-09,NIFTY 50,8273.35,8273.35,8184.60,8203.6,-0.008430161629140858,0.008579989365660302
2016-06-10,NIFTY 50,8180.25,8265.60,8162.85,8170.05,-0.004098053513215543,0.008173305005312577
2016-06-13,NIFTY 50,8102.25,8125.25,8063.90,8110.6,-0.007303180676130014,0.008392279565975973
2016-06-14,NIFTY 50,8134.40,8134.95,8069.50,8108.85,-0.00021579030198819746,0.0083838742341172
2016-06-15,NIFTY 50,8139.40,8213.20,8123.15,8206.6,0.011982650752247075,0.008650516302692736
2016-06-16,NIFTY 50,8180.65,8180.65,8074.45,8140.75,-0.008056395216174761,0.008431516710682985
2016-06-17,NIFTY 50,8176.65,8195.25,8135.80,8170.2,0.003611075014268178,0.008291031445736506
2016-06-20,NIFTY 50,8115.75,8244.15,8107.35,8238.5,0.00832490013890157,0.008294261151404195
2016-06-21,NIFTY 50,8255.40,8257.25,8202.15,8219.9,-0.00226024497138191,0.008381905047116289
2016-06-22,NIFTY 50,8213.65,8238.35,8153.25,8203.7,-0.001972771530476316,0.006861263911738045
2016-06-23,NIFTY 50,8201.15,8285.60,8188.30,8270.45,0.00810364908467242,0.006077802497974408
2016-06-24,NIFTY 50,8029.10,8100.70,7927.05,8088.6,-0.0222332581552268,0.007636050745194519
2016-06-27,NIFTY 50,8039.35,8120.65,8039.35,8094.7,0.0007538635863996896,0.00760710686850498
2016-06-28,NIFTY 50,8096.05,8146.35,8086.85,8127.85,0.004086909412090227,0.007662770111191285
2016-06-29,NIFTY 50,8173.10,8212.40,8157.65,8204.0,0.009325404268708032,0.00793744005290236
2016-06-30,NIFTY 50,8260.25,8308.15,8242.10,8287.75,0.010156680759383653,0.008190325394830061
2016-07-01,NIFTY 50,8313.05,8356.75,8308.65,8328.35,0.004886836357259007,0.008250693754447678
2016-07-04,NIFTY 50,8376.75,8398.45,8364.70,8370.7,0.005072155696760833,0.008274346477889428
2016-07-05,NIFTY 50,8379.30,8381.45,8319.95,8335.95,-0.004160026111129104,0.008183757108670387
2016-07-07,NIFTY 50,8342.00,8361.95,8317.70,8337.9,0.00023389919051559977,0.008183352591881188
2016-07-08,NIFTY 50,8350.00,8353.30,8287.55,8323.2,-0.0017645898307286068,0.007937247367913923
2016-07-11,NIFTY 50,8413.35,8475.25,8407.05,8467.9,0.01723574776678337,0.008656121930720536
2016-07-12,NIFTY 50,8502.60,8526.60,8479.20,8521.05,0.0062570286455097815,0.008434592762027255
2016-07-13,NIFTY 50,8540.45,8550.25,8493.55,8519.5,-0.0001819190113316264,0.008434028827559203
2016-07-14,NIFTY 50,8515.75,8571.40,8500.70,8565.0,0.005326478102926448,0.008165971680805517
2016-07-15,NIFTY 50,8565.45,8594.80,8510.05,8541.4,-0.0027592029851549417,0.007899501612968794
2016-07-18,NIFTY 50,8564.05,8587.10,8494.35,8508.7,-0.0038357593319745743,0.0080141892212421
2016-07-19,NIFTY 50,8514.30,8540.05,8476.70,8528.55,0.0023301893183188,0.007877290268338416
2016-07-20,NIFTY 50,8515.45,8569.90,8512.55,8565.85,0.004364009172228777,0.007839856137014566
2016-07-21,NIFTY 50,8582.70,8585.25,8503.45,8510.1,-0.0065296745519432715,0.008027243333773311
2016-07-22,NIFTY 50,8519.65,8548.95,8489.80,8541.2,0.0036478197540639554,0.007904960593540143
2016-07-25,NIFTY 50,8519.95,8641.15,8517.20,8635.65,0.010997470657424058,0.005856383707355807
2016-07-26,NIFTY 50,8633.75,8644.90,8577.15,8590.65,-0.005224581292661802,0.006137516857286655
2016-07-27,NIFTY 50,8599.40,8665.00,8572.05,8615.8,0.0029233244406166444,0.006131916909186459
2016-07-28,NIFTY 50,8636.95,8674.70,8625.25,8666.3,0.00584421380906831,0.005988098812466678
2016-07-29,NIFTY 50,8668.30,8670.35,8631.15,8638.5,-0.0032129841333691732,0.005861603713451598
2016-08-01,NIFTY 50,8654.30,8711.30,8590.50,8636.55,-0.00022575911598316892,0.005843864802297779
2016-08-02,NIFTY 50,8647.45,8687.20,8611.40,8622.9,-0.001581742505806558,0.005838189236009338
2016-08-03,NIFTY 50,8635.20,8635.45,8529.60,8544.85,-0.009092692722650519,0.0061831749646066945
2016-08-04,NIFTY 50,8599.95,8601.40,8518.15,8551.1,0.0007311673558286769,0.006179925613484374
2016-08-05,NIFTY 50,8600.20,8689.40,8590.15,8683.15,0.015324436420528317,0.006880994658298064
2016-08-08,NIFTY 50,8712.85,8723.50,8697.60,8711.35,0.003242407048897645,0.005904991596582493
2016-08-09,NIFTY 50,8727.80,8728.35,8638.20,8678.25,-0.003806877671094584,0.005899655456376989
2016-08-10,NIFTY 50,8686.70,8690.10,8564.60,8575.3,-0.01193391757965112,0.006562555700082068
2016-08-11,NIFTY 50,8572.80,8601.15,8540.05,8592.15,0.001963017851908133,0.0064701249144844325
2016-08-12,NIFTY 50,8605.45,8684.30,8604.45,8672.15,0.009267745880991957,0.0067380575982358875
2016-08-16,NIFTY 50,8670.25,8682.35,8600.45,8642.55,-0.003419063435729824,0.006723729426018111
2016-08-17,NIFTY 50,8639.80,8667.10,8603.60,8624.05,-0.0021428662364497363,0.006743830183347324
2016-08-18,NIFTY 50,8648.85,8690.70,8645.05,8673.25,0.00568876445275242,0.00678954384319623
2016-08-19,NIFTY 50,8694.30,8696.60,8647.10,8666.9,-0.0007324043083656851,0.006588890314779251
2016-08-22,NIFTY 50,8667.00,8684.85,8614.00,8629.15,-0.004365165450238113,0.006657103094181084
2016-08-23,NIFTY 50,8628.35,8642.15,8580.00,8632.6,0.0003997277270193764,0.006183509797836904
2016-08-24,NIFTY 50,8648.50,8661.05,8620.90,8650.3,0.0020482680786460994,0.0060740666319280615
2016-08-25,NIFTY 50,8668.85,8683.05,8583.65,8592.2,-0.006739187460298809,0.006240277111787711
2016-08-26,NIFTY 50,8614.35,8622.95,8547.55,8572.55,-0.0022895770208179967,0.006093259792973454
2016-08-29,NIFTY 50,8583.75,8622.00,8543.75,8607.45,0.004062869383885717,0.006142513420105749
2016-08-30,NIFTY 50,8646.75,8750.60,8642.25,8744.35,0.015779670194480996,0.007103670663479553
2016-08-31,NIFTY 50,8754.05,8819.20,8754.05,8786.2,0.004774531261316747,0.007142054985719771
2016-09-01,NIFTY 50,8793.60,8813.25,8759.95,8774.65,-0.0013154262652956953,0.00676915688880893
2016-09-02,NIFTY 50,8796.35,8824.10,8768.20,8809.65,0.003980829060059706,0.006793063810215939
2016-09-06,NIFTY 50,8852.70,8950.85,8848.45,8943.0,0.015023391787410141,0.006761052415935914
2016-09-07,NIFTY 50,8968.70,8968.70,8913.35,8917.95,-0.0028050038127360455,0.006812847349730031
2016-09-08,NIFTY 50,8915.50,8960.35,8896.00,8952.5,0.003866723339142703,0.006733308842714191
2016-09-09,NIFTY 50,8934.30,8939.15,8858.70,8866.7,-0.009630136379477202,0.006506270421762317
2016-09-12,NIFTY 50,8732.95,8746.95,8699.40,8715.6,-0.017188163092987728,0.007751188735509771
2016-09-14,NIFTY 50,8710.65,8739.85,8688.90,8726.6,0.001261308947073783,0.0074884256274228515
2016-09-15,NIFTY 50,8743.85,8751.95,8704.35,8742.55,0.0018260767618550118,0.0074425513985812925
2016-09-16,NIFTY 50,8780.85,8847.65,8750.50,8779.85,0.004257414091712508,0.007457113680387227
2016-09-19,NIFTY 50,8788.45,8824.30,8774.20,8808.4,0.0032464884312727363,0.007394217266822787
2016-09-20,NIFTY 50,8816.10,8816.45,8759.30,8775.9,-0.0036964834547443554,0.007455432301718753
2016-09-21,NIFTY 50,8790.30,8826.85,8757.30,8777.15,0.00014242539069994042,0.007364216414958071
2016-09-22,NIFTY 50,8873.35,8893.35,8837.80,8867.45,0.010235515496083751,0.007655216151095789
2016-09-23,NIFTY 50,8880.75,8885.20,8820.30,8831.55,-0.004056731932207209,0.007746745427520429
2016-09-26,NIFTY 50,8807.90,8809.55,8715.10,8723.05,-0.012361589742133385,0.008136014240240462
2016-09-27,NIFTY 50,8748.90,8768.50,8690.50,8706.4,-0.0019105600078839372,0.008128986048029007
2016-09-28,NIFTY 50,8711.20,8767.05,8703.15,8745.15,0.004440873582407444,0.008137468660602054
2016-09-29,NIFTY 50,8792.70,8800.65,8558.25,8591.25,-0.01775501752844433,0.008339464951801608
2016-09-30,NIFTY 50,8581.50,8637.15,8555.20,8611.15,0.002313631688238527,0.00826945540467381
2016-10-03,NIFTY 50,8666.15,8745.20,8635.00,8738.1,0.014634899588265053,0.008976936482139231
2016-10-04,NIFTY 50,8770.00,8783.65,8736.10,8769.15,0.0035471056340442638,0.00896680103499645
2016-10-05,NIFTY 50,8806.35,8806.95,8731.40,8743.95,-0.0028778477131076213,0.008226962392968362
2016-10-06,NIFTY 50,8768.70,8781.15,8684.65,8709.55,-0.003941907874533398,0.00824309022425346
2016-10-07,NIFTY 50,8721.70,8723.70,8663.80,8697.6,-0.0013729992419518038,0.008156989900696254
2016-10-10,NIFTY 50,8735.35,8745.80,8703.95,8708.8,0.0012868831631654618,0.007942839372397238
2016-10-13,NIFTY 50,8671.50,8681.55,8541.35,8573.35,-0.015675453985937313,0.007785194719490595
2016-10-14,NIFTY 50,8594.00,8604.45,8549.80,8583.4,0.0011715506899027308,0.007783955839153668
2016-10-17,NIFTY 50,8612.95,8615.40,8506.15,8520.4,-0.007366817305771525,0.007889730386618011
2016-10-18,NIFTY 50,8556.05,8685.10,8555.90,8677.9,0.018316275821285182,0.008963001267995914
2016-10-19,NIFTY 50,8697.50,8698.75,8636.70,8659.1,-0.0021687728406222717,0.0089229012977505
2016-10-20,NIFTY 50,8693.35,8727.00,8678.30,8699.4,0.004643266688410912,0.008977809977447156
2016-10-21,NIFTY 50,8708.60,8709.10,8652.05,8693.05,-0.0007302019303950406,0.008976962312846079
2016-10-24,NIFTY 50,8709.85,8736.95,8684.15,8708.95,0.0018273766721734427,0.008639184333387786
2016-10-25,NIFTY 50,8721.70,8722.65,8663.45,8691.3,-0.0020287071798899977,0.008612064061144118
2016-10-26,NIFTY 50,8657.30,8657.30,8596.60,8615.25,-0.008788636615468148,0.008393913273961027
2016-10-27,NIFTY 50,8607.10,8624.85,8550.25,8615.25,0.0,0.008389344312964543
2016-10-28,NIFTY 50,8625.00,8653.75,8581.75,8638.0,0.0026371858270232084,0.00834270339096188
2016-10-30,NIFTY 50,8672.35,8678.25,8616.25,8625.7,-0.0014249554940435026,0.00731257607026065
2016-11-01,NIFTY 50,8653.15,8669.60,8614.50,8626.25,6.376090820862876e-05,0.007295636962623551
2016-11-02,NIFTY 50,8542.80,8549.50,8504.85,8514.0,-0.013098012546713908,0.007015324581177586
2016-11-03,NIFTY 50,8499.85,8537.65,8476.15,8484.95,-0.0034178614890483976,0.006934503604213108
2016-11-04,NIFTY 50,8503.60,8504.00,8400.25,8433.75,-0.006052492957414144,0.007000176926542373
2016-11-07,NIFTY 50,8535.75,8535.85,8481.45,8497.05,0.007477531474391754,0.007277034282225651
2016-11-08,NIFTY 50,8540.00,8559.40,8480.10,8543.55,0.005457567857587197,0.007428921637679788
2016-11-09,NIFTY 50,8067.50,8476.20,8002.25,8432.0,-0.013142620492470334,0.007892248929057561
2016-11-10,NIFTY 50,8555.60,8598.45,8510.70,8525.75,0.01105700404045472,0.007645488589545768
2016-11-11,NIFTY 50,8456.65,8460.60,8284.95,8296.3,-0.02728136356027867,0.009725703715276111
2016-11-15,NIFTY 50,8284.85,8288.55,8093.20,8108.45,-0.022902904489528118,0.010766778767001758
2016-11-16,NIFTY 50,8205.65,8210.05,8089.40,8111.6,0.000388408178717196,0.009630808866329834
2016-11-17,NIFTY 50,8105.10,8151.25,8060.30,8079.95,-0.003909451573325995,0.009627206448315525
2016-11-18,NIFTY 50,8097.55,8128.95,8048.30,8074.1,-0.0007242766062665681,0.009462797586959929
2016-11-21,NIFTY 50,8102.10,8102.45,7916.40,7929.1,-0.018121871647160233,0.009958764139282384
2016-11-22,NIFTY 50,7989.15,8019.05,7938.15,8002.3,0.00918946421801175,0.010337665603225769
2016-11-23,NIFTY 50,8051.20,8055.20,7973.10,8033.3,0.003866402082667232,0.010486735479681484
2016-11-24,NIFTY 50,8011.80,8024.85,7952.55,7965.5,-0.008475686411485068,0.010479345088033012
2016-11-25,NIFTY 50,8007.95,8122.25,7976.75,8114.3,0.01850822120281033,0.011600984578987084
2016-11-28,NIFTY 50,8080.65,8146.50,8066.50,8126.9,0.001551609798274446,0.011575756413751774
2016-11-29,NIFTY 50,8131.55,8197.35,8128.70,8142.15,0.0018747258710823762,0.011623545883499026
2016-11-30,NIFTY 50,8172.15,8234.25,8139.25,8224.5,0.010063231627096166,0.011967023651478014
2016-12-01,NIFTY 50,8244.00,8250.80,8185.05,8192.9,-0.00384957898620221,0.011707119004894578
2016-12-02,NIFTY 50,8153.55,8159.30,8070.05,8086.8,-0.013034822785839032,0.011966411793614675
2016-12-05,NIFTY 50,8088.75,8141.90,8056.85,8128.75,0.005174057443189948,0.01204923552055227
2016-12-06,NIFTY 50,8153.15,8178.70,8130.85,8143.15,0.0017699228435711283,0.011883345619420031
2016-12-07,NIFTY 50,8168.40,8190.45,8077.50,8102.05,-0.005059966967614639,0.011762133253771777
2016-12-08,NIFTY 50,8152.10,8256.25,8151.75,8246.85,0.017714193176468933,0.01232410883446195
2016-12-09,NIFTY 50,8271.70,8274.95,8241.95,8261.75,0.001805120245922591,0.0120130830038495
2016-12-12,NIFTY 50,8230.65,8230.65,8154.45,8170.8,-0.011069606204788154,0.010657551836005995
2016-12-13,NIFTY 50,8196.15,8228.85,8155.80,8221.8,0.0062223399032888815,0.009387114213994149
2016-12-14,NIFTY 50,8229.35,8229.40,8165.10,8182.45,-0.004797546425438739,0.009467286068574565
2016-12-15,NIFTY 50,8128.40,8225.90,8121.95,8153.6,-0.0035320692570365406,0.009458543883525669
2016-12-16,NIFTY 50,8178.20,8178.70,8127.45,8139.45,-0.0017369373515074115,0.009467887472663783
2016-12-19,NIFTY 50,8126.00,8132.50,8094.85,8104.35,-0.004321655601441878,0.008500168773137435
2016-12-20,NIFTY 50,8110.60,8124.10,8062.75,8082.4,-0.002712096431263081,0.008318178795898697
2016-12-21,NIFTY 50,8105.85,8112.55,8053.25,8061.3,-0.0026140242961534598,0.008306270761447371
2016-12-22,NIFTY 50,8043.85,8046.45,7964.95,7979.1,-0.010249210688764674,0.008412263670162668
2016-12-23,NIFTY 50,7972.50,8022.60,7942.05,7985.75,0.0008330802211864997,0.007218732488515636
2016-12-26,NIFTY 50,7965.10,7970.05,7893.80,7908.25,-0.009752185003088458,0.007463417491236767
2016-12-27,NIFTY 50,7915.05,8044.65,7903.70,8032.85,0.01563286567878568,0.008358039300894925
2016-12-28,NIFTY 50,8047.55,8100.55,8028.40,8034.85,0.00024894664579607243,0.007973617798854695
2016-12-29,NIFTY 50,8030.60,8111.10,8020.80,8103.6,0.008520076697512285,0.00823015140071655
2016-12-30,NIFTY 50,8119.65,8197.00,8114.75,8185.8,0.01009253842808683,0.00800502443547693
2017-01-02,NIFTY 50,8210.10,8212.00,8133.80,8179.5,-0.0007699217626575115,0.007936643242796734
2017-01-03,NIFTY 50,8196.05,8219.10,8148.60,8192.25,0.0015575613575361691,0.007934730784552152
2017-01-04,NIFTY 50,8202.65,8218.50,8180.90,8190.5,-0.00021363934707617968,0.007835794254354418
2017-01-05,NIFTY 50,8226.65,8282.65,8223.70,8273.8,0.010118949579130353,0.007110247094415416
2017-01-06,NIFTY 50,8281.85,8306.85,8233.25,8243.8,-0.0036324929756751554,0.007148017368311354
2017-01-09,NIFTY 50,8259.35,8263.00,8227.75,8236.05,-0.0009405426106811757,0.0066736344338484
2017-01-10,NIFTY 50,8262.70,8293.80,8261.00,8288.6,0.006360216663891995,0.006680036079848988
2017-01-11,NIFTY 50,8327.80,8389.00,8322.25,8380.65,0.011044400399176861,0.006963927947403296
2017-01-12,NIFTY 50,8391.05,8417.20,8382.30,8407.2,0.003163004450858122,0.006885123337521869
2017-01-13,NIFTY 50,8457.65,8461.05,8373.15,8400.35,-0.0008151099213466025,0.006865148633567188
2017-01-16,NIFTY 50,8390.95,8426.70,8374.40,8412.8,0.0014809839055218003,0.006723878716465022
2017-01-17,NIFTY 50,8415.05,8440.90,8378.30,8398.0,-0.0017607732914233583,0.006693069644887484
2017-01-18,NIFTY 50,8403.85,8460.30,8397.40,8417.0,0.002259887967437504,0.0066076641196832235
2017-01-19,NIFTY 50,8418.40,8445.15,8404.05,8435.1,0.0021481010627708392,0.0059290397159541194
2017-01-20,NIFTY 50,8404.35,8423.65,8340.95,8349.35,-0.010217879770848582,0.006597201733673762
2017-01-23,NIFTY 50,8329.60,8404.15,8327.20,8391.5,0.005035597244735685,0.005984251097351274
2017-01-24,NIFTY 50,8407.05,8480.95,8398.15,8475.8,0.009995755325698906,0.005466592369159771
2017-01-25,NIFTY 50,8499.45,8612.60,8493.95,8602.75,0.014866875494814625,0.006068053242330737
2017-01-27,NIFTY 50,8610.50,8672.70,8606.90,8641.25,0.004465328690727306,0.005955187329874614
2017-01-30,NIFTY 50,8635.55,8662.60,8617.75,8632.75,-0.0009841380903137704,0.005794510606982048
2017-01-31,NIFTY 50,8629.45,8631.75,8552.40,8561.3,-0.008311062405448044,0.006256275101770736
2017-02-01,NIFTY 50,8570.35,8722.40,8537.50,8716.4,0.017954260859053356,0.007164833935022631
2017-02-02,NIFTY 50,8724.75,8757.60,8685.80,8734.25,0.002045769782265635,0.0071275374272435615
2017-02-03,NIFTY 50,8735.15,8748.25,8707.75,8740.95,0.0007668009897788109,0.0069553790015264
2017-02-06,NIFTY 50,8785.45,8814.10,8770.20,8801.05,0.006852153135457134,0.006843523059538998
2017-02-07,NIFTY 50,8805.70,8809.30,8741.05,8768.3,-0.003728087599335007,0.006961174562316412
2017-02-08,NIFTY 50,8774.55,8791.25,8715.00,8769.05,8.553173660309299e-05,0.006949368906571789
2017-02-09,NIFTY 50,8795.55,8821.40,8724.10,8778.4,0.0010656820090535477,0.006680633740629631
2017-02-10,NIFTY 50,8812.35,8822.10,8771.20,8793.55,0.0017243395017456963,0.0066788063768267346
2017-02-13,NIFTY 50,8819.80,8826.90,8754.20,8805.05,0.001306922327557468,0.006644375674936979
2017-02-14,NIFTY 50,8819.90,8820.45,8772.50,8792.3,-0.0014490820755487257,0.0066967024723479105
2017-02-15,NIFTY 50,8778.95,8807.90,8712.85,8724.7,-0.007718254905012281,0.007007713055442931
2017-02-16,NIFTY 50,8739.00,8783.95,8719.60,8778.0,0.006090507722847818,0.00706990263513669
2017-02-17,NIFTY 50,8883.70,8896.45,8804.25,8821.7,0.004966003944137277,0.007098935995306001
2017-02-20,NIFTY 50,8818.55,8886.25,8809.80,8879.2,0.006496867645453195,0.006514898709072831
2017-02-21,NIFTY 50,8890.75,8920.80,8860.95,8907.85,0.003221447601126885,0.006498794159943728
2017-02-22,NIFTY 50,8931.60,8960.75,8905.25,8926.9,0.002136279706175582,0.006286761190734826
2017-02-23,NIFTY 50,8956.40,8982.15,8927.55,8939.5,0.0014104690468023052,0.00558490775450848
2017-02-27,NIFTY 50,8943.70,8951.80,8888.65,8896.7,-0.004799237746814985,0.005744601364715998
2017-02-28,NIFTY 50,8898.95,8914.75,8867.60,8879.6,-0.001923910518447593,0.005769406849618992
2017-03-01,NIFTY 50,8904.40,8960.80,8898.60,8945.8,0.007427637455889499,0.005437554652964801
2017-03-02,NIFTY 50,8982.85,8992.50,8879.80,8899.75,-0.0051609619444392294,0.004235734012154582
2017-03-03,NIFTY 50,8883.50,8907.10,8860.10,8897.55,-0.0002472285134494071,0.004238133726713494
2017-03-06,NIFTY 50,8915.10,8967.80,8914.00,8963.45,0.0073792395765551015,0.004476276333248964
2017-03-07,NIFTY 50,8977.75,8977.85,8932.80,8946.9,-0.001848093946849372,0.004324056927463369
2017-03-08,NIFTY 50,8950.70,8957.05,8891.95,8924.3,-0.002529210354928941,0.0042655771332347206
2017-03-09,NIFTY 50,8914.50,8945.80,8899.50,8927.0,0.0003024989799723591,0.004263721088663297
2017-03-10,NIFTY 50,8953.70,8975.70,8903.95,8934.55,0.0008453914077621215,0.004263534954934434
2017-03-14,NIFTY 50,9091.65,9122.75,9060.50,9087.0,0.016919037108222915,0.005574012460228625
2017-03-15,NIFTY 50,9086.85,9106.55,9075.50,9084.8,-0.00024213341669499945,0.005589643937021456
2017-03-16,NIFTY 50,9129.65,9158.45,9128.55,9153.7,0.0075554818394591335,0.005695824006449462
2017-03-17,NIFTY 50,9207.80,9218.40,9147.60,9160.05,0.0006934680504509139,0.0052309475651232725
2017-03-20,NIFTY 50,9166.95,9167.60,9116.30,9126.85,-0.003631018540763328,0.00532420297909773
2017-03-21,NIFTY 50,9133.95,9147.75,9087.20,9121.5,-0.0005863543995246928,0.005303303132452495
2017-03-22,NIFTY 50,9047.20,9072.90,9019.30,9030.45,-0.010032064171866618,0.005778304906508553
2017-03-23,NIFTY 50,9048.75,9099.05,9048.60,9086.3,0.006165584547492602,0.0058786759651297356
2017-03-24,NIFTY 50,9104.00,9133.55,9089.40,9108.0,0.0023853635797301672,0.0058814914977039804
2017-03-27,NIFTY 50,9093.45,9094.85,9024.65,9045.2,-0.006918917934791204,0.00614041262310679
2017-03-28,NIFTY 50,9081.50,9110.40,9079.80,9100.8,0.006128091479973277,0.006121981815802005
2017-03-29,NIFTY 50,9128.70,9153.15,9109.10,9143.8,0.004713732240665867,0.006127393433430419
2017-03-30,NIFTY 50,9142.60,9183.15,9136.35,9173.75,0.003270090889794336,0.005983324320676301
2017-03-31,NIFTY 50,9158.90,9191.70,9152.10,9173.75,0.0,0.005800407941069923
2017-04-03,NIFTY 50,9220.60,9245.35,9192.40,9237.85,0.0069630297186553496,0.005908110157599229
2017-04-05,NIFTY 50,9264.40,9273.90,9215.40,9265.15,0.002950874972699546,0.005772459977226385
2017-04-06,NIFTY 50,9245.80,9267.95,9218.85,9261.95,-0.00034543992657459197,0.005734113315266038
2017-04-07,NIFTY 50,9223.70,9250.50,9188.10,9198.3,-0.006895925270026629,0.0059825915717787465
2017-04-10,NIFTY 50,9225.60,9225.65,9174.85,9181.45,-0.0018335401428880005,0.006024242334307877
2017-04-11,NIFTY 50,9184.55,9242.70,9172.85,9237.0,0.0060320133814717155,0.006109901335789385
2017-04-12,NIFTY 50,9242.50,9246.40,9161.80,9203.45,-0.00363874385040507,0.00504496722660307
2017-04-13,NIFTY 50,9202.50,9202.65,9144.95,9150.8,-0.0057371066005767095,0.005241159445377364
2017-04-17,NIFTY 50,9144.75,9160.00,9120.25,9139.3,-0.0012575110595836488,0.004967882482810412
2017-04-18,NIFTY 50,9163.00,9217.90,9095.45,9105.15,-0.0037436085914588713,0.0050302664699094874
2017-04-19,NIFTY 50,9112.20,9120.50,9075.15,9103.5,-0.00018123254656617248,0.004968825733989066
2017-04-20,NIFTY 50,9108.10,9143.90,9102.65,9136.4,0.0036074798304592064,0.00503650024987308
2017-04-21,NIFTY 50,9179.10,9183.65,9088.75,9119.4,-0.0018624223440083505,0.0044728190142780035
2017-04-24,NIFTY 50,9135.35,9225.40,9130.55,9217.95,0.010748657665170285,0.004877946220686511
2017-04-25,NIFTY 50,9273.05,9309.20,9250.35,9306.6,0.00957115576311929,0.005257032534479696
2017-04-26,NIFTY 50,9336.20,9367.00,9301.35,9351.85,0.004850358814640877,0.004965316888503986
2017-04-27,NIFTY 50,9359.15,9367.15,9322.65,9342.15,-0.0010377662213055345,0.00488434652685043
2017-04-28,NIFTY 50,9340.95,9342.65,9282.25,9304.05,-0.004086629235361126,0.004957307625087583
2017-05-02,NIFTY 50,9339.85,9352.55,9269.90,9313.8,0.0010473820437181462,0.004925450807018852
2017-05-03,NIFTY 50,9344.70,9346.30,9298.40,9311.95,-0.00019864971945634827,0.004927258823357784
2017-05-04,NIFTY 50,9360.95,9365.65,9323.25,9359.9,0.005136085112886035,0.004821771503576257
2017-05-05,NIFTY 50,9374.55,9377.10,9272.00,9285.3,-0.008002102211332685,0.005157743158354827
2017-05-08,NIFTY 50,9311.45,9338.70,9297.95,9314.05,0.0030915083481940896,0.00519891070678927
2017-05-09,NIFTY 50,9337.35,9338.95,9307.70,9316.85,0.0003005759272048997,0.004917503911270459
2017-05-10,NIFTY 50,9339.65,9414.75,9336.00,9407.3,0.009661394890383165,0.005272115080210476
2017-05-11,NIFTY 50,9448.60,9450.65,9411.30,9422.4,0.0016038495819746207,0.005150760173880641
2017-05-12,NIFTY 50,9436.65,9437.75,9372.55,9400.9,-0.002284403834589391,0.0050952566861441635
2017-05-15,NIFTY 50,9433.55,9449.25,9423.10,9445.4,0.004722421133111579,0.004893526876859777
2017-05-16,NIFTY 50,9461.00,9517.20,9456.35,9512.25,0.007052591126820168,0.004991352927557079
2017-05-17,NIFTY 50,9517.60,9532.60,9486.10,9525.75,0.0014182164368899746,0.0048088592530614515
2017-05-18,NIFTY 50,9453.20,9489.10,9418.10,9429.45,-0.010160887622263356,0.005537789466164118
2017-05-19,NIFTY 50,9469.90,9505.75,9390.75,9427.9,-0.00016439213394156289,0.005535749334470357
2017-05-22,NIFTY 50,9480.25,9498.65,9427.90,9438.25,0.001097203302033083,0.005478416418027157
2017-05-23,NIFTY 50,9445.05,9448.05,9370.00,9386.15,-0.0055353831230343315,0.0052718660904700065
2017-05-24,NIFTY 50,9410.90,9431.90,9341.65,9360.55,-0.002731149046275337,0.004912869053051379
2017-05-25,NIFTY 50,9384.05,9523.30,9379.20,9509.75,0.015813538647069577,0.005950607485921425
2017-05-26,NIFTY 50,9507.75,9604.90,9495.40,9595.1,0.008934963406205216,0.006197923937601487
2017-05-29,NIFTY 50,9560.05,9637.75,9547.70,9604.9,0.0010208334219841677,0.006066573861995267
2017-05-30,NIFTY 50,9590.65,9635.30,9581.20,9624.55,0.0020437409119485822,0.0060659641880333685
2017-05-31,NIFTY 50,9636.55,9649.60,9609.25,9621.25,-0.00034293196773740485,0.006068352514297524
2017-06-01,NIFTY 50,9603.55,9634.65,9589.90,9616.1,-0.0005354167931684836,0.006028459524173199
2017-06-02,NIFTY 50,9657.15,9673.50,9637.45,9653.5,0.0038817668205125984,0.005630676853352592
2017-06-05,NIFTY 50,9656.30,9687.20,9640.70,9675.1,0.002235030886008659,0.005624747241831599
2017-06-06,NIFTY 50,9704.25,9709.30,9630.20,9637.15,-0.003930153021868312,0.005765910599064064
2017-06-07,NIFTY 50,9663.95,9678.55,9630.55,9663.9,0.00277187169892756,0.005462423710117885
2017-06-08,NIFTY 50,9682.40,9688.70,9641.50,9647.25,-0.0017243928120047765,0.005504674838289803
2017-06-09,NIFTY 50,9638.55,9676.25,9608.15,9668.25,0.0021744203643893584,0.005447006559054018
2017-06-12,NIFTY 50,9646.70,9647.05,9598.50,9616.4,-0.005377346743710021,0.005589292956665499
2017-06-13,NIFTY 50,9615.55,9654.15,9595.40,9606.9,-0.0009883839687650892,0.00540952344251384
2017-06-14,NIFTY 50,9621.55,9627.40,9580.45,9618.15,0.0011703481951004253,0.005407580725536868
2017-06-15,NIFTY 50,9617.90,9621.40,9560.80,9578.05,-0.004177916288507491,0.004932399206425774
2017-06-16,NIFTY 50,9595.45,9615.85,9565.50,9588.05,0.0010435092071341514,0.0049275963349400586
2017-06-19,NIFTY 50,9626.40,9673.30,9614.90,9657.55,0.007222461457781959,0.005130453881627671
2017-06-20,NIFTY 50,9670.50,9676.50,9643.75,9653.5,-0.0004194489744864273,0.0049021231494326195
2017-06-21,NIFTY 50,9648.10,9650.45,9608.60,9633.6,-0.0020635561656880373,0.004874678198994564
2017-06-22,NIFTY 50,9642.65,9698.85,9617.75,9630.0,-0.000373761918012166,0.0035168823453500856
2017-06-23,NIFTY 50,9643.25,9647.65,9565.30,9574.95,-0.005732912689073657,0.0032094209698321705
2017-06-27,NIFTY 50,9594.05,9615.40,9473.45,9511.4,-0.006659233938983297,0.003512735229654456
2017-06-28,NIFTY 50,9520.20,9522.50,9474.35,9491.25,-0.002120757636670813,0.003477950174456105
2017-06-29,NIFTY 50,9522.95,9575.80,9493.80,9504.1,0.001352962905149852,0.003507592858881581
2017-06-30,NIFTY 50,9478.50,9535.80,9448.75,9520.9,0.001766097699525858,0.00354777982213539
2017-07-03,NIFTY 50,9587.95,9624.00,9543.55,9615.0,0.00983499689076074,0.004135584971945357
2017-07-04,NIFTY 50,9645.90,9650.65,9595.50,9613.3,-0.00017682270449598077,0.004095822216850282
2017-07-05,NIFTY 50,9619.75,9643.65,9607.35,9637.6,0.0025245586342588938,0.0040504694499666994
2017-07-06,NIFTY 50,9653.60,9700.70,9639.95,9674.55,0.003826611235733112,0.004095047616707985
2017-07-07,NIFTY 50,9670.35,9684.25,9642.65,9665.8,-0.000904844079553839,0.004080378246976672
2017-07-10,NIFTY 50,9719.30,9782.15,9646.45,9771.05,0.010830050005930295,0.004721136118224997
2017-07-11,NIFTY 50,9797.45,9830.05,9778.85,9786.05,0.0015339700611368952,0.004514493961367929
2017-07-12,NIFTY 50,9807.30,9824.95,9787.70,9816.1,0.003065992612029003,0.004517473115451887
2017-07-13,NIFTY 50,9855.80,9897.25,9853.45,9891.7,0.007672126856095382,0.004752370784320651
2017-07-14,NIFTY 50,9913.30,9913.30,9845.45,9886.35,-0.0005410038027499639,0.004594576263136115
2017-07-17,NIFTY 50,9908.15,9928.20,9894.70,9915.95,0.0029895539453158454,0.004603124757039306
2017-07-18,NIFTY 50,9832.70,9885.35,9792.05,9827.15,-0.008995608472264691,0.004988031438394792
2017-07-19,NIFTY 50,9855.95,9905.05,9851.65,9899.6,0.007345388951696966,0.005180810125509059
2017-07-20,NIFTY 50,9920.20,9922.55,9863.45,9873.3,-0.0026602082152626847,0.0052026193910189086
2017-07-21,NIFTY 50,9899.60,9924.70,9838.00,9915.25,0.004239831907005981,0.005230029860962236
2017-07-24,NIFTY 50,9936.80,9982.05,9919.60,9966.4,0.00514545954212565,0.0050034133973073745
2017-07-25,NIFTY 50,10010.55,10011.30,9949.10,9964.55,-0.000185640925827809,0.0046072216959548865
2017-07-26,NIFTY 50,9983.65,10025.95,9965.95,10020.65,0.0056141692202992515,0.0045383321874098775
2017-07-27,NIFTY 50,10063.25,10114.85,10005.50,10020.55,-9.979442348895859e-06,0.0045699658061231045
2017-07-28,NIFTY 50,9996.55,10026.05,9944.50,10014.5,-0.000603941610716433,0.004624380151190113
2017-07-31,NIFTY 50,10034.70,10085.90,10016.95,10077.1,0.006231480078246361,0.004388871757392433
2017-08-01,NIFTY 50,10101.05,10128.60,10065.75,10114.65,0.0037193451075221385,0.00435730426670926
2017-08-02,NIFTY 50,10136.30,10137.85,10054.20,10081.5,-0.0032828068489253134,0.004547851682921321
2017-08-03,NIFTY 50,10081.15,10081.15,9998.25,10013.65,-0.006752898867547134,0.0049522881927142465
2017-08-04,NIFTY 50,10008.60,10075.25,9988.35,10066.4,0.005253983067174928,0.0049717603476874825
2017-08-07,NIFTY 50,10074.80,10088.10,10046.35,10057.4,-0.0008944633319799062,0.004553187858259121
2017-08-08,NIFTY 50,10068.35,10083.80,9947.00,9978.55,-0.007870892777129898,0.0050065215444063445
2017-08-09,NIFTY 50,9961.15,9969.80,9893.05,9908.05,-0.007090231145001826,0.00529019815351641
2017-08-10,NIFTY 50,9872.85,9892.65,9776.20,9820.25,-0.008900977750718143,0.005398939578071562
2017-08-11,NIFTY 50,9712.15,9771.65,9685.55,9710.8,-0.011207912091976585,0.005919303710317894
2017-08-14,NIFTY 50,9755.75,9818.30,9752.10,9794.15,0.008546600463314987,0.006233374008730457
2017-08-16,NIFTY 50,9825.85,9903.95,9773.85,9897.3,0.010476724008841323,0.006375086016683746
2017-08-17,NIFTY 50,9945.55,9947.80,9883.75,9904.15,0.0006918685523784439,0.006161151028055717
2017-08-18,NIFTY 50,9865.95,9865.95,9783.65,9837.4,-0.0067624127157378065,0.006321377563411799
2017-08-21,NIFTY 50,9864.25,9884.35,9740.10,9754.35,-0.008478109148736444,0.006490554156235084
2017-08-22,NIFTY 50,9815.75,9828.45,9752.60,9765.55,0.0011475469883627705,0.0063574228366081054
2017-08-23,NIFTY 50,9803.05,9857.90,9786.75,9852.5,0.008864343739783512,0.006730883845095259
2017-08-24,NIFTY 50,9881.20,9881.50,9848.85,9857.05,0.00046170512069805943,0.006578799016112339
2017-08-28,NIFTY 50,9907.15,9925.75,9882.00,9912.8,0.00563991611242626,0.0067349994365822905
2017-08-29,NIFTY 50,9886.40,9887.35,9783.75,9796.05,-0.011847608119118438,0.0071941808508977296
2017-08-30,NIFTY 50,9859.50,9909.45,9850.80,9884.4,0.008978513552038735,0.007365753269981777
2017-08-31,NIFTY 50,9905.70,9925.10,9856.95,9917.9,0.0033834485850860433,0.007354884224920509
2017-09-01,NIFTY 50,9937.65,9983.45,9909.85,9974.4,0.005680605252728476,0.007479357061432161
2017-09-04,NIFTY 50,9984.15,9988.40,9861.00,9912.85,-0.006189915299919124,0.0074557420483132636
2017-09-05,NIFTY 50,9933.25,9963.10,9901.05,9952.2,0.003961736966953345,0.0074086500907642565
2017-09-06,NIFTY 50,9899.25,9931.55,9882.55,9916.2,-0.003623848865216487,0.007440003784216024
2017-09-07,NIFTY 50,9945.85,9964.85,9917.20,9929.9,0.0013806241202206646,0.007256487976776325
2017-09-08,NIFTY 50,9958.65,9963.60,9913.30,9934.8,0.0004933374377041087,0.007075824650885497
2017-09-11,NIFTY 50,9971.75,10028.65,9968.80,10006.05,0.007146165104703851,0.006905058087928781
2017-09-12,NIFTY 50,10056.85,10097.55,10028.05,10093.05,0.008657158117589842,0.006481881643117597
2017-09-13,NIFTY 50,10099.25,10131.95,10063.15,10079.3,-0.0013632523855159992,0.006326407385472813
2017-09-14,NIFTY 50,10107.40,10126.50,10070.35,10086.6,0.0007239944975298817,0.005957925857338693
2017-09-15,NIFTY 50,10062.35,10115.15,10043.65,10085.4,-0.00011897679966456144,0.005962512463191168
2017-09-18,NIFTY 50,10133.10,10171.70,10131.30,10153.1,0.006690244090939119,0.005808630730474014
2017-09-19,NIFTY 50,10175.60,10178.95,10129.95,10147.55,-0.00054678053542859,0.005337483031940125
2017-09-20,NIFTY 50,10160.95,10171.05,10134.20,10141.15,-0.0006308930796236612,0.005366744610248657
2017-09-21,NIFTY 50,10139.60,10158.90,10058.60,10121.9,-0.0019000106885297251,0.005166196410462396
2017-09-22,NIFTY 50,10094.35,10095.05,9952.80,9964.4,-0.015682652158186268,0.006420992695939966
2017-09-25,NIFTY 50,9960.10,9960.50,9816.05,9872.6,-0.009255497840449801,0.006657999299563367
2017-09-26,NIFTY 50,9875.25,9891.35,9813.00,9871.5,-0.00011142569184093924,0.006068811389578558
2017-09-27,NIFTY 50,9920.60,9921.05,9714.40,9735.75,-0.013847140123069935,0.006498466115469801
2017-09-28,NIFTY 50,9736.40,9789.20,9687.55,9768.95,0.0034043109674916656,0.006499167457740353
2017-09-29,NIFTY 50,9814.30,9854.00,9775.35,9788.6,0.002009454825586558,0.00635810248158011
2017-10-03,NIFTY 50,9893.30,9895.40,9831.05,9859.5,0.007217014137449058,0.006481050807675635
2017-10-04,NIFTY 50,9884.35,9938.30,9850.65,9914.9,0.00560321880260041,0.0065475112401771115
2017-10-05,NIFTY 50,9927.00,9945.95,9881.85,9888.7,-0.002645985102307846,0.006524111129608819
2017-10-06,NIFTY 50,9908.15,9989.35,9906.60,9979.7,0.009160338661421514,0.006843577383398609
2017-10-09,NIFTY 50,9988.20,10015.75,9959.45,9988.75,0.000906429955217777,0.006844973273686416
2017-10-10,NIFTY 50,10013.70,10034.00,10002.30,10016.95,0.0028191983962086767,0.00668268365894853
2017-10-11,NIFTY 50,10042.60,10067.25,9955.80,9984.8,-0.0032147214806372746,0.00639959076267476
2017-10-12,NIFTY 50,10011.20,10104.45,9977.10,10096.4,0.01111498804325995,0.006903451102610018
2017-10-13,NIFTY 50,10123.70,10191.90,10120.10,10167.45,0.007012516492081918,0.00707517184662292
2017-10-16,NIFTY 50,10207.40,10242.95,10175.10,10230.85,0.0062162243084472645,0.0071916100105415
2017-10-17,NIFTY 50,10227.65,10251.85,10212.60,10234.45,0.00035181502710760696,0.007052798437038644
2017-10-18,NIFTY 50,10209.40,10236.45,10175.75,10210.85,-0.002308600067655014,0.007076197380414189
2017-10-19,NIFTY 50,10210.35,10211.95,10123.35,10146.55,-0.006317134194985375,0.0072286212774218895
2017-10-23,NIFTY 50,10176.65,10224.15,10124.50,10184.85,0.00376757579945397,0.007260140444663379
2017-10-24,NIFTY 50,10218.55,10237.75,10182.40,10207.7,0.002241015426026624,0.006212823235183501
2017-10-25,NIFTY 50,10321.15,10340.55,10240.90,10295.35,0.008549999531985143,0.005902798088696263
2017-10-26,NIFTY 50,10291.80,10355.65,10271.85,10343.8,0.00469496941468231,0.00590601812418883
2017-10-27,NIFTY 50,10362.30,10366.15,10311.30,10323.05,-0.002008047377557662,0.004660529288595747
2017-10-30,NIFTY 50,10353.85,10384.50,10344.30,10363.65,0.003925232359779345,0.004664780721698943
2017-10-31,NIFTY 50,10364.90,10367.70,10323.95,10335.3,-0.0027392710960959647,0.004833242437167226
2017-11-01,NIFTY 50,10390.35,10451.65,10383.05,10440.5,0.010127253739342569,0.005016188020637896
2017-11-02,NIFTY 50,10440.50,10453.00,10412.55,10423.8,-0.001600820882207736,0.0050674427375944344
2017-11-03,NIFTY 50,10461.55,10461.70,10403.60,10452.5,0.0027495311028114403,0.004920405854131912
2017-11-06,NIFTY 50,10431.75,10490.45,10413.75,10451.8,-6.697186705724477e-05,0.004718368618321573
2017-11-07,NIFTY 50,10477.15,10485.75,10340.80,10350.15,-0.009773200021543502,0.005435510227743227
2017-11-08,NIFTY 50,10361.95,10384.25,10285.50,10303.15,-0.004551338636681021,0.005608251689612964
2017-11-09,NIFTY 50,10358.65,10368.45,10266.95,10308.95,0.000562776248231039,0.005507050347017623
2017-11-10,NIFTY 50,10304.35,10344.95,10254.10,10321.75,0.0012408693493102562,0.005030918587249064
2017-11-13,NIFTY 50,10322.00,10334.15,10216.25,10224.95,-0.009422507379482964,0.005347280530631232
2017-11-14,NIFTY 50,10223.40,10248.00,10175.55,10186.6,-0.0037576808351824824,0.005228485786305622
2017-11-15,NIFTY 50,10171.95,10175.45,10094.00,10118.05,-0.006752173560562115,0.005425426016539534
2017-11-16,NIFTY 50,10152.90,10232.25,10139.20,10214.75,0.009511796611461764,0.0058532448996348315
2017-11-17,NIFTY 50,10324.55,10343.60,10268.05,10283.6,0.006717639118671051,0.005836259177799348
2017-11-20,NIFTY 50,10287.20,10309.85,10261.50,10298.75,0.001472135371914971,0.005794576942153886
2017-11-21,NIFTY 50,10329.25,10358.70,10315.05,10326.9,0.002729612640406286,0.005803078295815654
2017-11-22,NIFTY 50,10350.80,10368.70,10309.55,10342.3,0.0014901401940726614,0.005499573857879134
2017-11-23,NIFTY 50,10358.45,10374.30,10307.30,10348.75,0.0006234579887367591,0.005399953979535979
2017-11-24,NIFTY 50,10366.80,10404.50,10362.25,10389.7,0.003949191306169782,0.005446075195705247
2017-11-27,NIFTY 50,10361.05,10407.15,10340.20,10399.55,0.0009476052033691229,0.005382713374533159
2017-11-28,NIFTY 50,10387.90,10409.55,10355.20,10370.25,-0.0028214060257175134,0.0053850829701708085
2017-11-29,NIFTY 50,10376.65,10392.95,10345.90,10361.3,-0.00086341837016651,0.004849514811585349
2017-11-30,NIFTY 50,10332.70,10332.70,10211.25,10226.55,-0.013090431902102469,0.005620850470472297
2017-12-01,NIFTY 50,10263.70,10272.70,10108.55,10121.8,-0.010295766026675998,0.0059174003240997685
2017-12-04,NIFTY 50,10175.05,10179.20,10095.70,10127.75,0.0005876673971755318,0.005928170877474054
2017-12-05,NIFTY 50,10118.25,10147.95,10069.10,10118.25,-0.000938457048031478,0.0056054891733140705
2017-12-06,NIFTY 50,10088.80,10104.20,10033.35,10044.1,-0.007355326566371163,0.005729185572525794
2017-12-07,NIFTY 50,10063.45,10182.65,10061.90,10166.7,0.012132276189878131,0.0064615926644341504
2017-12-08,NIFTY 50,10198.45,10270.85,10195.25,10265.65,0.009685696805591658,0.00685846585832322
2017-12-11,NIFTY 50,10310.50,10329.20,10282.05,10322.25,0.005498389111616994,0.006618082553005781
2017-12-12,NIFTY 50,10324.90,10326.10,10230.20,10240.15,-0.007985491604040214,0.0068246443748531576
2017-12-13,NIFTY 50,10236.60,10296.55,10169.85,10192.95,-0.004619963094515023,0.00672523368416803
2017-12-14,NIFTY 50,10229.30,10276.10,10141.55,10252.1,0.005786257801497155,0.006506704359771386
2017-12-15,NIFTY 50,10345.65,10373.10,10319.65,10333.25,0.007884288619832732,0.006573264447015234
2017-12-18,NIFTY 50,10263.10,10443.55,10074.80,10388.75,0.005356638616709943,0.006668264494846015
2017-12-19,NIFTY 50,10414.80,10472.20,10406.00,10463.2,0.00714084930770663,0.006819395981077886
2017-12-20,NIFTY 50,10494.40,10494.45,10437.15,10444.2,-0.001817538788224089,0.006838174794822683
2017-12-21,NIFTY 50,10473.95,10473.95,10426.90,10440.3,-0.00037348273076542757,0.006840785594036073
2017-12-22,NIFTY 50,10457.30,10501.10,10448.25,10493.0,0.005035050501957738,0.006874326345653284
2017-12-26,NIFTY 50,10512.30,10545.45,10477.95,10531.5,0.0036623979675021196,0.006910448711386521
2017-12-27,NIFTY 50,10531.05,10552.40,10469.25,10490.75,-0.0038768496273459364,0.006942153416317099
2017-12-28,NIFTY 50,10498.20,10534.55,10460.45,10477.9,-0.001225639381514556,0.006946581869295656
2017-12-29,NIFTY 50,10492.35,10538.70,10488.65,10530.7,0.005026523535131731,0.006215711940766521
2018-01-01,NIFTY 50,10531.70,10537.85,10423.10,10435.55,-0.009076554294095117,0.0060991799804835075
2018-01-02,NIFTY 50,10477.55,10495.20,10404.65,10442.2,0.0006370418483691672,0.006098790025121278
2018-01-03,NIFTY 50,10482.65,10503.60,10429.55,10443.2,9.57606749944833e-05,0.006081128308598287
2018-01-04,NIFTY 50,10469.40,10513.00,10441.45,10504.8,0.005881246663842212,0.005769743953350215
2018-01-05,NIFTY 50,10534.25,10566.10,10520.10,10558.85,0.005132075270105242,0.005334094016654308
2018-01-08,NIFTY 50,10591.70,10631.20,10588.55,10623.6,0.0061135705901032514,0.005114699955095017
2018-01-09,NIFTY 50,10645.10,10659.15,10603.60,10637.0,0.0012605478466610116,0.005036846910683022
2018-01-10,NIFTY 50,10652.05,10655.50,10592.70,10632.2,-0.00045135689931809334,0.004547955700690817
2018-01-11,NIFTY 50,10637.05,10664.60,10612.35,10651.2,0.0017854294940923756,0.004284124630666506
2018-01-12,NIFTY 50,10682.55,10690.40,10597.10,10681.25,0.002817306017461684,0.004203962992219568
2018-01-15,NIFTY 50,10718.50,10782.65,10713.80,10741.55,0.005629531083733902,0.0040672916219041556
2018-01-16,NIFTY 50,10761.50,10762.35,10687.85,10700.45,-0.0038336023072027756,0.004178319918955036
2018-01-17,NIFTY 50,10702.45,10803.00,10666.75,10788.55,0.008199589892850731,0.00425975294041864
2018-01-18,NIFTY 50,10873.40,10887.50,10782.40,10817.0,0.002633584097006676,0.004191321207914677
2018-01-19,NIFTY 50,10829.20,10906.85,10793.90,10894.7,0.007157461802546265,0.004326282303610962
2018-01-22,NIFTY 50,10883.20,10975.10,10881.40,10966.2,0.006541382555615685,0.004392126385103088
2018-01-23,NIFTY 50,10997.40,11092.90,10994.55,11083.7,0.010657745586985299,0.004776016043965228
2018-01-24,NIFTY 50,11069.35,11110.10,11046.15,11086.0,0.00020749040431318157,0.004569362028335989
2018-01-25,NIFTY 50,11095.60,11095.60,11009.20,11069.65,-0.0014759217597312849,0.0045811778848540655
2018-01-29,NIFTY 50,11079.35,11171.55,11075.95,11130.4,0.005472974307648395,0.004593940053872449
2018-01-30,NIFTY 50,11120.85,11121.10,11033.90,11049.65,-0.007281350291551208,0.004361987196562149
2018-01-31,NIFTY 50,11018.80,11058.50,10979.30,11027.7,-0.0019884639444954625,0.004470535064348901
2018-02-01,NIFTY 50,11044.55,11117.35,10878.80,11016.9,-0.0009798318739341295,0.0045101577879101025
2018-02-02,NIFTY 50,10938.20,10954.95,10736.10,10760.6,-0.023539142174773337,0.0073271364033711765
2018-02-05,NIFTY 50,10604.30,10702.75,10586.80,10666.55,-0.008778638688973843,0.007590057021577388
2018-02-06,NIFTY 50,10295.15,10594.15,10276.30,10498.25,-0.015904099965423114,0.008297876427726081
2018-02-07,NIFTY 50,10607.20,10614.00,10446.40,10476.7,-0.0020548327965133673,0.008292002914215928
2018-02-08,NIFTY 50,10518.50,10637.80,10479.55,10576.85,0.009513906720447003,0.008604975022113152
2018-02-09,NIFTY 50,10416.50,10480.20,10398.20,10454.95,-0.011592100061916256,0.008950522009918329
2018-02-12,NIFTY 50,10518.20,10555.50,10485.40,10539.75,0.008078273198430857,0.009141709684911566
2018-02-14,NIFTY 50,10585.75,10590.55,10456.65,10500.9,-0.0036928558908946208,0.009040884057481458
2018-02-15,NIFTY 50,10537.90,10618.10,10511.05,10545.5,0.004238260867599785,0.009093989575780868
2018-02-16,NIFTY 50,10596.20,10612.90,10434.05,10452.3,-0.008877178756436177,0.00901283693824948
2018-02-19,NIFTY 50,10488.90,10489.35,10302.75,10378.4,-0.0070953266124304595,0.00903578760636288
2018-02-20,NIFTY 50,10391.00,10429.35,10347.65,10360.4,-0.0017358771500669238,0.008772809677836668
2018-02-21,NIFTY 50,10426.00,10426.10,10349.60,10397.45,0.003569737650487671,0.008635454213723255
2018-02-22,NIFTY 50,10354.35,10397.55,10340.65,10382.7,-0.0014196242546064732,0.008057896555716294
2018-02-23,NIFTY 50,10408.10,10499.10,10396.65,10491.05,0.010381553207407197,0.008592206051009684
2018-02-26,NIFTY 50,10526.55,10592.95,10520.20,10582.6,0.008688630203365312,0.008964580453188509
2018-02-27,NIFTY 50,10615.20,10631.65,10537.25,10554.3,-0.002677783110151532,0.008778354199856855
2018-02-28,NIFTY 50,10488.95,10535.50,10461.55,10492.85,-0.005839286991953797,0.008744230810096816
2018-03-01,NIFTY 50,10479.95,10525.50,10447.15,10458.35,-0.003293370421080851,0.008744411930921877
2018-03-05,NIFTY 50,10428.30,10428.70,10323.90,10358.85,-0.009559475599117866,0.008867720030592312
2018-03-06,NIFTY 50,10420.50,10441.35,10215.90,10249.25,-0.010636694633347358,0.007692382748972037
2018-03-07,NIFTY 50,10232.95,10243.35,10141.55,10154.2,-0.009317119173112929,0.007716661130024987
2018-03-08,NIFTY 50,10216.25,10270.35,10146.40,10242.65,0.008672962191259886,0.007414246014856601
2018-03-09,NIFTY 50,10271.30,10296.70,10211.90,10226.85,-0.001543760535223135,0.007412142724633696
2018-03-12,NIFTY 50,10301.60,10433.65,10295.45,10421.4,0.01884476964735966,0.00835601589723217
2018-03-13,NIFTY 50,10389.50,10478.60,10377.85,10426.85,0.0005228256687392662,0.007957560803704113
2018-03-14,NIFTY 50,10393.05,10420.35,10336.30,10410.9,-0.0015308757533812772,0.007722199207155071
2018-03-15,NIFTY 50,10405.45,10420.00,10346.20,10360.15,-0.004886618730243425,0.007751797988657613
2018-03-16,NIFTY 50,10345.15,10346.30,10180.25,10195.15,-0.016054598478163293,0.008377697971759992
2018-03-19,NIFTY 50,10215.35,10224.55,10075.30,10094.25,-0.009946162213038488,0.008429220980080225
2018-03-20,NIFTY 50,10051.55,10155.65,10049.10,10124.35,0.002977458601191395,0.008393424450429284
2018-03-21,NIFTY 50,10181.95,10227.30,10132.95,10155.25,0.003047399742905006,0.00844650609256315
2018-03-22,NIFTY 50,10167.50,10207.85,10105.40,10114.75,-0.003996058598285198,0.008400368458698605
2018-03-23,NIFTY 50,9968.80,10027.70,9951.90,9998.05,-0.011604680566535094,0.008706162885899722
2018-03-26,NIFTY 50,9989.15,10143.50,9958.55,10130.65,0.01317540806700627,0.008932847930113189
2018-03-27,NIFTY 50,10188.00,10207.90,10139.65,10184.15,0.005267108087200766,0.008753416889121977
2018-03-28,NIFTY 50,10143.60,10158.35,10096.90,10113.7,-0.006941649770265415,0.00882450739788118
2018-04-02,NIFTY 50,10151.65,10220.10,10127.75,10211.8,0.009652974022243792,0.009155704468785972
2018-04-03,NIFTY 50,10186.85,10255.35,10171.05,10245.0,0.0032458673056040936,0.009199590896070524
2018-04-04,NIFTY 50,10274.60,10279.85,10111.30,10128.4,-0.011446422598154777,0.00930078320715462
2018-04-05,NIFTY 50,10228.45,10331.80,10227.45,10325.15,0.01923930749389624,0.010060826418928645
2018-04-06,NIFTY 50,10322.75,10350.45,10290.85,10331.6,0.0006244932246961673,0.009799271671107997
2018-04-09,NIFTY 50,10333.70,10397.70,10328.50,10379.35,0.004611095541809039,0.009670195179775605
2018-04-10,NIFTY 50,10412.90,10424.85,10381.50,10402.25,0.0022038735486090344,0.009661491322975058
2018-04-11,NIFTY 50,10428.15,10428.15,10355.60,10417.15,0.0014313575361352732,0.008690340599978212
2018-04-12,NIFTY 50,10410.65,10469.90,10395.25,10458.65,0.003975900772050153,0.008735883286802543
2018-04-13,NIFTY 50,10495.30,10519.90,10451.45,10480.6,0.0020965419525609827,0.008736754985498044
2018-04-16,NIFTY 50,10398.30,10540.15,10396.35,10528.35,0.0045456895487553045,0.00869461084595878
2018-04-17,NIFTY 50,10557.30,10560.45,10495.65,10548.7,0.0019310108694935376,0.007736338761439512
2018-04-18,NIFTY 50,10578.90,10594.20,10509.70,10526.2,-0.002135242259617881,0.007302207949916481
2018-04-19,NIFTY 50,10563.65,10572.20,10546.20,10565.3,0.0037076589897762787,0.007308674548759454
2018-04-20,NIFTY 50,10560.35,10582.35,10527.45,10564.05,-0.00011831883152662677,0.007322064672144729
2018-04-23,NIFTY 50,10592.80,10638.35,10514.95,10584.7,0.0019528347124542745,0.007186382412266009
2018-04-24,NIFTY 50,10578.10,10636.80,10569.00,10614.35,0.0027972969858506736,0.00640154939637076
2018-04-25,NIFTY 50,10612.40,10612.60,10536.45,10570.55,-0.004135026590572263,0.0061159275396763125
2018-04-26,NIFTY 50,10586.50,10628.40,10559.65,10617.8,0.00446000545803141,0.00609673844133665
2018-04-27,NIFTY 50,10651.65,10719.80,10647.55,10692.3,0.006992018199326113,0.005799847035792354
2018-04-30,NIFTY 50,10705.75,10759.00,10704.60,10739.35,0.004390709589518126,0.005587182937966315
2018-05-02,NIFTY 50,10783.85,10784.65,10689.80,10718.05,-0.0019853297227271902,0.005673127509797407
2018-05-03,NIFTY 50,10720.15,10720.60,10647.45,10679.65,-0.003589174651756966,0.004892586861085687
2018-05-04,NIFTY 50,10700.45,10700.45,10601.60,10618.25,-0.005765842651452862,0.0033962896132790216
2018-05-07,NIFTY 50,10653.15,10725.65,10635.65,10715.5,0.009117072584576636,0.003801063959492946
2018-05-08,NIFTY 50,10757.90,10758.55,10689.40,10717.8,0.00021461930816327936,0.0037582976842637176
2018-05-09,NIFTY 50,10693.35,10766.25,10689.85,10741.7,0.0022274526323300824,0.0037584993313294125
2018-05-10,NIFTY 50,10779.65,10785.55,10705.00,10716.55,-0.0023440878464996416,0.0038611200479498455
2018-05-11,NIFTY 50,10741.95,10812.05,10724.45,10806.5,0.008358529455248795,0.00412906924825395
2018-05-14,NIFTY 50,10815.15,10834.85,10774.75,10806.6,9.253647093659282e-06,0.0041431686335766035
2018-05-15,NIFTY 50,10812.60,10929.20,10781.40,10801.85,-0.0004396428319947862,0.004102047189394783
2018-05-16,NIFTY 50,10751.95,10790.45,10699.70,10741.1,-0.005639911064263358,0.0043790116366293225
2018-05-17,NIFTY 50,10775.60,10777.25,10664.50,10682.7,-0.005451894122666254,0.004559246262849764
2018-05-18,NIFTY 50,10671.85,10674.95,10589.10,10596.4,-0.008111289778323802,0.004906775020069102
2018-05-21,NIFTY 50,10616.70,10621.70,10505.80,10516.7,-0.007549850905484316,0.005200514033361329
2018-05-22,NIFTY 50,10518.45,10558.60,10490.55,10536.7,0.0018999312240523454,0.005199361538263161
2018-05-23,NIFTY 50,10521.10,10533.55,10417.80,10430.35,-0.010144575613613642,0.005593532443691346
2018-05-24,NIFTY 50,10464.85,10535.15,10419.80,10513.85,0.007973610106820487,0.005870479096592906
2018-05-25,NIFTY 50,10533.05,10628.05,10524.00,10605.15,0.00864629658472998,0.006117404289056457
2018-05-28,NIFTY 50,10648.35,10709.80,10640.55,10688.65,0.007842698625156882,0.006171730542764476
2018-05-29,NIFTY 50,10689.40,10717.25,10616.10,10633.3,-0.005191844491806043,0.0061834812992404165
2018-05-30,NIFTY 50,10579.00,10648.70,10558.45,10614.35,-0.0017837271438870593,0.006181089857933737
2018-05-31,NIFTY 50,10670.10,10763.80,10620.40,10736.15,0.011409692638126136,0.006674951761539817
2018-06-01,NIFTY 50,10738.45,10764.75,10681.50,10696.2,-0.0037280136120426276,0.006593117972879912
2018-06-04,NIFTY 50,10765.95,10770.30,10618.35,10628.5,-0.006349465872690686,0.006417335163723614
2018-06-05,NIFTY 50,10630.70,10633.15,10550.90,10593.15,-0.003331506522406068,0.006448153002991314
2018-06-06,NIFTY 50,10603.45,10698.35,10587.50,10684.65,0.00860056622569691,0.006745086786006944
2018-06-07,NIFTY 50,10722.60,10818.00,10722.60,10768.35,0.007803144054513952,0.006958816250275179
2018-06-08,NIFTY 50,10736.40,10779.45,10709.05,10767.65,-6.500742944348366e-05,0.0066914343955110245
2018-06-11,NIFTY 50,10781.85,10850.55,10777.05,10786.95,0.0017908015140969788,0.006705929861501246
2018-06-12,NIFTY 50,10816.15,10856.55,10789.40,10842.85,0.005168806411024235,0.006807084857374837
2018-06-13,NIFTY 50,10887.50,10893.25,10842.65,10856.7,0.0012765243408948135,0.006669650350020505
2018-06-14,NIFTY 50,10832.90,10833.70,10773.55,10808.05,-0.004491174075410849,0.006627587419654165
2018-06-15,NIFTY 50,10808.65,10834.00,10755.40,10817.7,0.0008924546561854187,0.006303800211759039
2018-06-18,NIFTY 50,10830.20,10830.20,10787.35,10799.85,-0.0016514363613613185,0.006012337438239804
2018-06-19,NIFTY 50,10789.45,10789.45,10701.20,10710.45,-0.008312344761134741,0.006383442319211294
2018-06-20,NIFTY 50,10734.65,10781.80,10724.05,10772.05,0.0057349162184533176,0.005918817520191378
2018-06-21,NIFTY 50,10808.45,10809.60,10725.90,10741.1,-0.0028773119094804597,0.005801120098903003
2018-06-22,NIFTY 50,10742.70,10837.00,10710.45,10821.85,0.007489733777589257,0.005726902722585228
2018-06-25,NIFTY 50,10822.90,10831.05,10753.05,10762.45,-0.005504014487946581,0.005666278225429145
2018-06-26,NIFTY 50,10742.70,10805.25,10732.55,10769.15,0.0006223411373279281,0.00551442448346574
2018-06-27,NIFTY 50,10785.50,10785.50,10652.40,10671.4,-0.00911829941593961,0.005913195762716489
2018-06-28,NIFTY 50,10660.80,10674.20,10557.70,10589.1,-0.0077420955375824396,0.00555374384474779
2018-06-29,NIFTY 50,10612.85,10723.05,10612.35,10714.3,0.011754127647321299,0.006154441919261862
2018-07-02,NIFTY 50,10732.35,10736.15,10604.65,10657.3,-0.005334194459439767,0.006102547648682947
2018-07-03,NIFTY 50,10668.60,10713.30,10630.25,10699.9,0.00398929227579396,0.006103215070846207
2018-07-04,NIFTY 50,10715.00,10777.15,10677.75,10769.9,0.00652081044432725,0.0059743123180160135
2018-07-05,NIFTY 50,10786.05,10786.05,10726.25,10749.75,-0.0018727075848253383,0.0057298024584474805
2018-07-06,NIFTY 50,10744.15,10816.35,10735.05,10772.65,0.0021280162660109484,0.005751178243967727
2018-07-09,NIFTY 50,10838.30,10860.35,10807.15,10852.9,0.0074218106239193555,0.005975715966701033
2018-07-10,NIFTY 50,10902.75,10956.90,10876.65,10947.25,0.00865595778944969,0.006172732788648477
2018-07-11,NIFTY 50,10956.40,10976.65,10923.00,10948.3,9.590989957362647e-05,0.006170350480848489
2018-07-12,NIFTY 50,11006.95,11078.30,10999.65,11023.2,0.006817949629305171,0.006214620130783491
2018-07-13,NIFTY 50,11056.90,11071.35,10999.75,11018.9,-0.0003901624667839669,0.0062222445431876
2018-07-16,NIFTY 50,11018.95,11019.50,10926.25,10936.85,-0.007474158884415699,0.0064798517975607995
2018-07-17,NIFTY 50,10939.65,11018.50,10925.60,11008.05,0.006489001985478164,0.006245761656315965
2018-07-18,NIFTY 50,11060.20,11076.20,10956.30,10980.45,-0.0025104044836980507,0.006214553049789485
2018-07-19,NIFTY 50,10999.50,11006.50,10935.45,10957.1,-0.0021287708807833992,0.006192453488653027
2018-07-20,NIFTY 50,10963.50,11030.25,10946.20,11010.2,0.004834467906516899,0.006073207954891144
2018-07-23,NIFTY 50,11019.85,11093.40,11010.95,11084.75,0.006748173940532834,0.00601485053172819
2018-07-24,NIFTY 50,11109.00,11143.40,11092.50,11134.3,0.00446014407825813,0.006047335303541228
2018-07-25,NIFTY 50,11148.40,11157.15,11113.25,11132.0,-0.00020659022901692162,0.005515754522561175
2018-07-26,NIFTY 50,11132.95,11185.85,11125.70,11167.3,0.0031660213088618083,0.005005721668758363
2018-07-27,NIFTY 50,11232.75,11283.40,11210.25,11278.35,0.009895093802197335,0.004842529787102009
2018-07-30,NIFTY 50,11296.65,11328.10,11261.45,11319.55,0.0036463605599989543,0.0044738201344503015
2018-07-31,NIFTY 50,11311.05,11366.00,11267.75,11356.5,0.003258947894631294,0.004468420500377059
2018-08-01,NIFTY 50,11359.80,11390.55,11313.55,11346.2,-0.0009073811226593602,0.00446714064950507
2018-08-02,NIFTY 50,11328.90,11328.90,11234.95,11244.7,-0.00898597957506193,0.005083214202806814
2018-08-03,NIFTY 50,11297.80,11368.00,11294.55,11360.8,0.010271926817053497,0.005389809087984927
2018-08-06,NIFTY 50,11401.50,11427.65,11370.60,11387.1,0.002312302385563333,0.005271922651555189
2018-08-07,NIFTY 50,11423.15,11428.95,11359.70,11389.45,0.00020635258705455244,0.005079456731019658
2018-08-08,NIFTY 50,11412.50,11459.95,11379.30,11450.0,0.005302241678964751,0.005111129994149057
2018-08-09,NIFTY 50,11493.25,11495.20,11454.10,11470.7,0.001806228049557314,0.004996455528502499
2018-08-10,NIFTY 50,11474.95,11478.75,11419.65,11429.5,-0.00359822573184007,0.005126675926284303
2018-08-13,NIFTY 50,11369.60,11406.30,11340.30,11355.75,-0.006473508743511776,0.005035168740177817
2018-08-14,NIFTY 50,11381.70,11452.45,11370.80,11435.1,0.006963348942944407,0.005059085066685144
2018-08-16,NIFTY 50,11397.15,11449.85,11366.25,11385.05,-0.00438648126781707,0.005161579141047522
2018-08-17,NIFTY 50,11437.15,11486.45,11431.80,11470.75,0.007499225722611629,0.005223576613500574
2018-08-20,NIFTY 50,11502.10,11565.30,11499.65,11551.75,0.007036623669863275,0.005302631695322814
2018-08-21,NIFTY 50,11576.20,11581.75,11539.60,11570.9,0.0016563849194054057,0.005204237820160373
2018-08-23,NIFTY 50,11620.70,11620.70,11546.70,11582.75,0.0010235968009065074,0.005180493834429696
2018-08-24,NIFTY 50,11566.60,11604.60,11532.00,11557.1,-0.0022169556419407827,0.0052441504876906886
2018-08-27,NIFTY 50,11605.85,11700.95,11595.60,11691.95,0.01160060409110092,0.005674990568970506
2018-08-28,NIFTY 50,11731.95,11760.20,11710.50,11738.5,0.003973467111897261,0.00540571687494359
2018-08-29,NIFTY 50,11744.95,11753.20,11678.85,11691.9,-0.003977743567656327,0.005550353068038899
2018-08-30,NIFTY 50,11694.75,11698.80,11639.70,11676.8,-0.0012923270957780808,0.00557279962381374
2018-08-31,NIFTY 50,11675.85,11727.65,11640.10,11680.5,0.0003168174430219977,0.0055529175252959735
2018-09-03,NIFTY 50,11751.80,11751.80,11567.40,11582.35,-0.008438397050189958,0.00549984031706546
2018-09-04,NIFTY 50,11598.75,11602.55,11496.85,11520.3,-0.005371691057489936,0.0052920271121187955
2018-09-05,NIFTY 50,11514.85,11542.65,11393.85,11476.95,-0.003770020445457141,0.005368533754307645
2018-09-06,NIFTY 50,11514.15,11562.25,11436.05,11536.9,0.005209917993127512,0.005474910463410246
2018-09-07,NIFTY 50,11558.25,11603.00,11484.40,11589.1,0.0045144070442281106,0.00544236170223304
2018-09-10,NIFTY 50,11570.25,11573.00,11427.30,11438.1,-0.01311511294512481,0.006234015550955491
2018-09-11,NIFTY 50,11476.85,11479.40,11274.00,11287.5,-0.013253969499003263,0.006858367020229497
2018-09-12,NIFTY 50,11340.10,11380.75,11250.20,11369.9,0.007273593905905857,0.006929885121870187
2018-09-14,NIFTY 50,11443.50,11523.25,11430.55,11515.2,0.012698389122393185,0.0073371620552169425
2018-09-17,NIFTY 50,11464.95,11464.95,11366.90,11377.75,-0.012008207911445088,0.0077805983841439256
2018-09-18,NIFTY 50,11381.55,11411.45,11268.95,11278.9,-0.00872597027570447,0.007799855446738076
2018-09-19,NIFTY 50,11326.65,11332.05,11210.90,11234.35,-0.003957674538289147,0.007600134709641215
2018-09-21,NIFTY 50,11271.30,11346.80,10866.45,11143.1,-0.008155576777395698,0.007708839752705639
2018-09-24,NIFTY 50,11164.40,11170.15,10943.60,10967.4,-0.015893236100092235,0.008279987609549152
2018-09-25,NIFTY 50,10969.95,11080.60,10882.85,11067.45,0.009081131713379249,0.00869195431899451
2018-09-26,NIFTY 50,11145.55,11145.55,10993.05,11053.8,-0.0012341076324745481,0.008074000911927726
2018-09-27,NIFTY 50,11079.80,11089.45,10953.35,10977.55,-0.006921982034895859,0.007959231784320646
2018-09-28,NIFTY 50,11008.10,11034.10,10850.30,10930.45,-0.004299805784797367,0.007960891987098604
2018-10-01,NIFTY 50,10930.90,11035.65,10821.55,11008.3,0.0070970612969229975,0.008290186490896662
2018-10-03,NIFTY 50,10982.70,10989.05,10843.75,10858.25,-0.013724374010345193,0.008588357835828484
2018-10-04,NIFTY 50,10754.70,10754.70,10547.25,10599.25,-0.024141915818458322,0.0096956437012061
2018-10-05,NIFTY 50,10514.10,10540.65,10261.90,10316.45,-0.027043535271357683,0.01093736117475167
2018-10-08,NIFTY 50,10310.15,10398.35,10198.40,10348.05,0.0030583875372252687,0.011100181733439886
2018-10-09,NIFTY 50,10390.30,10397.60,10279.35,10301.05,-0.004552264376218849,0.010830758723813843
2018-10-10,NIFTY 50,10331.85,10482.35,10318.25,10460.1,0.015322187033067711,0.011607184230737963
2018-10-11,NIFTY 50,10169.80,10335.95,10138.60,10234.65,-0.021788996676934184,0.012074103376197463
2018-10-12,NIFTY 50,10331.55,10492.45,10322.15,10472.5,0.022973751695463417,0.013492971579729753
2018-10-15,NIFTY 50,10524.20,10526.30,10410.15,10512.5,0.003812251460013522,0.013365773292528225
2018-10-16,NIFTY 50,10550.15,10604.90,10525.30,10584.75,0.006849260681022563,0.01304310040867685
2018-10-17,NIFTY 50,10688.70,10710.15,10436.45,10453.05,-0.012520484125164434,0.013059707276792773
2018-10-19,NIFTY 50,10339.70,10380.10,10249.60,10303.55,-0.014405305806840537,0.01322314412459788
2018-10-22,NIFTY 50,10405.85,10408.55,10224.00,10245.25,-0.005674312507559446,0.013224857757610573
2018-10-23,NIFTY 50,10152.60,10222.10,10102.35,10146.8,-0.009655798697018327,0.013250268217758146
2018-10-24,NIFTY 50,10278.15,10290.65,10126.70,10224.75,0.00765286690870562,0.01324786126672428
2018-10-25,NIFTY 50,10135.05,10166.60,10079.30,10124.9,-0.009813515351592101,0.01297389444182343
2018-10-26,NIFTY 50,10122.35,10128.85,10004.55,10030.0,-0.009417134426775354,0.012996133974363938
2018-10-29,NIFTY 50,10078.10,10275.30,10020.35,10250.85,0.021780027001601827,0.014277920510329946
2018-10-30,NIFTY 50,10239.40,10285.10,10175.35,10198.4,-0.005129783734565848,0.014281803881774892
2018-10-31,NIFTY 50,10209.55,10396.00,10105.10,10386.6,0.018285668587721533,0.014922127540848993
2018-11-01,NIFTY 50,10441.70,10441.90,10341.90,10380.45,-0.0005922844293999892,0.014708462456917428
2018-11-02,NIFTY 50,10462.30,10606.95,10457.70,10553.0,0.01648595028975125,0.014326440312631347
2018-11-05,NIFTY 50,10558.75,10558.80,10477.00,10524.0,-0.0027518165109068284,0.012890284361128568
2018-11-06,NIFTY 50,10552.00,10600.25,10491.45,10530.0,0.0005699629678378127,0.012881335548722521
2018-11-07,NIFTY 50,10614.45,10616.45,10582.30,10598.4,0.006474720182809877,0.012872954488998885
2018-11-09,NIFTY 50,10614.70,10619.55,10544.85,10585.2,-0.0012462472581095429,0.01245783077166521
2018-11-12,NIFTY 50,10607.80,10645.50,10464.05,10482.2,-0.009778218544455495,0.011580642412725458
2018-11-13,NIFTY 50,10451.90,10596.25,10440.55,10582.5,0.009523112886812637,0.010598190401041931
2018-11-14,NIFTY 50,10634.90,10651.60,10532.70,10576.3,-0.0005860445939702791,0.010571933639280977
2018-11-15,NIFTY 50,10580.60,10646.50,10557.50,10616.7,0.003812584243587877,0.010494483693149642
2018-11-16,NIFTY 50,10644.00,10695.15,10631.15,10682.2,0.006150571765309146,0.010132175970887529
2018-11-19,NIFTY 50,10731.25,10774.70,10688.80,10763.4,0.007572685123094404,0.009538235102799376
2018-11-20,NIFTY 50,10740.10,10740.85,10640.85,10656.2,-0.010009607560291778,0.00977258390308145
2018-11-21,NIFTY 50,10670.95,10671.30,10562.35,10600.05,-0.0052831643026424535,0.009545154024955106
2018-11-22,NIFTY 50,10612.65,10646.25,10512.00,10526.75,-0.006939081557190155,0.009662174964480056
2018-11-26,NIFTY 50,10568.30,10637.80,10489.75,10628.6,0.009628844421324417,0.00944432606207776
2018-11-27,NIFTY 50,10621.45,10695.15,10596.35,10685.6,0.005348559728595695,0.009038064069104505
2018-11-28,NIFTY 50,10708.75,10757.80,10699.85,10728.85,0.0040393340764166815,0.007915950666604466
2018-11-29,NIFTY 50,10808.70,10883.05,10782.35,10858.7,0.01203022724265825,0.008000209148203204
2018-11-30,NIFTY 50,10892.10,10922.45,10835.10,10876.75,0.001660881568983717,0.007163261959315922
2018-12-03,NIFTY 50,10930.70,10941.20,10845.35,10883.75,0.0006433675918710725,0.007142250802456866
2018-12-04,NIFTY 50,10877.10,10890.95,10833.35,10869.5,-0.0013101492455916805,0.006356002465501111
2018-12-05,NIFTY 50,10820.45,10821.05,10747.95,10782.9,-0.007999155915161048,0.00664165489111675
2018-12-06,NIFTY 50,10718.15,10722.65,10588.25,10601.15,-0.01699906020055233,0.0077934790337154045
2018-12-07,NIFTY 50,10644.80,10704.55,10599.35,10693.7,0.008692297219764921,0.007900442322275705
2018-12-10,NIFTY 50,10508.70,10558.85,10474.95,10488.45,-0.019380131299703507,0.009060470052346125
2018-12-11,NIFTY 50,10350.05,10567.15,10333.85,10549.15,0.005770636236417964,0.008884124699395564
2018-12-12,NIFTY 50,10591.00,10752.20,10560.80,10737.6,0.017706312465975173,0.009497621149191938
2018-12-13,NIFTY 50,10810.75,10838.60,10749.50,10791.55,0.0050118200605062885,0.009539266740492769
2018-12-14,NIFTY 50,10784.50,10815.75,10752.10,10805.45,0.001287215994746788,0.009516868390905701
2018-12-17,NIFTY 50,10853.20,10900.35,10844.85,10888.35,0.0076427738366829845,0.009566076031769172
2018-12-18,NIFTY 50,10850.90,10915.40,10819.10,10908.7,0.0018672256945391607,0.009442639911123535
2018-12-19,NIFTY 50,10930.55,10985.15,10928.00,10967.3,0.005357482187270915,0.009148490142186428
2018-12-20,NIFTY 50,10885.20,10962.55,10880.05,10951.7,-0.0014234228417328702,0.009039285923240688
2018-12-21,NIFTY 50,10944.25,10963.65,10738.65,10754.0,-0.01821691696636476,0.00991176111699809
2018-12-24,NIFTY 50,10780.90,10782.30,10649.25,10663.5,-0.0084510833319759,0.009914355625092509
2018-12-26,NIFTY 50,10635.45,10747.50,10534.55,10729.85,0.006202881992644477,0.009939677526124539
2018-12-27,NIFTY 50,10817.90,10834.20,10764.45,10779.8,0.004644435384893697,0.009952869963538714
2018-12-28,NIFTY 50,10820.95,10893.60,10817.15,10859.9,0.007403093927215125,0.009715245403821425
2018-12-31,NIFTY 50,10913.20,10923.55,10853.20,10862.55,0.00024398721259765596,0.009707702183172639
2019-01-01,NIFTY 50,10881.70,10923.60,10807.10,10910.1,0.004367872132952804,0.009757608383154915
2019-01-02,NIFTY 50,10868.85,10895.35,10735.05,10792.5,-0.010837517258318774,0.010059057413082885
2019-01-03,NIFTY 50,10796.80,10814.05,10661.25,10672.25,-0.011204533761500678,0.010211630777279131
2019-01-04,NIFTY 50,10699.70,10741.05,10628.65,10727.35,0.0051496403451855395,0.009506614674194936
2019-01-07,NIFTY 50,10804.85,10835.95,10750.15,10771.8,0.004135053091520581,0.00935565129627254
2019-01-08,NIFTY 50,10786.25,10818.45,10733.25,10802.15,0.00281358026893282,0.008125932301813608
2019-01-09,NIFTY 50,10862.40,10870.40,10749.40,10855.15,0.004894433359958835,0.008103877581840804
2019-01-10,NIFTY 50,10859.35,10859.35,10801.80,10821.6,-0.0030954849587457233,0.007188067401718288
2019-01-11,NIFTY 50,10834.75,10850.15,10739.40,10794.95,-0.002465704610772501,0.007129222755695024
2019-01-14,NIFTY 50,10807.00,10808.00,10692.35,10737.6,-0.00532683176023677,0.007219964299912066
2019-01-15,NIFTY 50,10777.55,10896.95,10777.55,10886.8,0.013799445774800724,0.007692872287162442
2019-01-16,NIFTY 50,10899.65,10928.15,10876.90,10890.3,0.000321438578151919,0.007680805563967998
2019-01-17,NIFTY 50,10920.85,10930.65,10844.65,10905.2,0.0013672549215348114,0.0075832147479673795
2019-01-18,NIFTY 50,10914.85,10928.20,10852.20,10906.95,0.0001604610277990709,0.007578957511712363
2019-01-21,NIFTY 50,10919.35,10987.45,10885.75,10961.85,0.005020862171805258,0.00635460592482419
2019-01-22,NIFTY 50,10949.80,10949.80,10864.15,10922.75,-0.003573292781569112,0.006061351201170243
2019-01-23,NIFTY 50,10931.05,10944.80,10811.95,10831.5,-0.008389214537151498,0.006301077958631946
2019-01-24,NIFTY 50,10844.05,10866.60,10798.65,10849.8,0.0016880910596428552,0.00623233287775528
2019-01-25,NIFTY 50,10859.75,10931.70,10756.45,10780.55,-0.006403062049334338,0.006171226165774002
2019-01-28,NIFTY 50,10792.45,10804.45,10630.95,10661.55,-0.01109977304275483,0.006617317913968365
2019-01-29,NIFTY 50,10653.70,10690.35,10583.65,10652.2,-0.0008773679525922163,0.006499020932961585
2019-01-30,NIFTY 50,10702.25,10710.20,10612.85,10651.8,-3.755163350058068e-05,0.0060916772266022
2019-01-31,NIFTY 50,10690.55,10838.05,10678.55,10830.95,0.01667888450536246,0.006709857756662322
2019-02-01,NIFTY 50,10851.35,10983.45,10813.45,10893.65,0.005772274204584401,0.006732808673739684
2019-02-04,NIFTY 50,10876.75,10927.90,10814.15,10912.25,0.0017059607272313906,0.006690672795737633
2019-02-05,NIFTY 50,10908.65,10956.70,10886.70,10934.35,0.0020231988079203052,0.00667953159047672
2019-02-06,NIFTY 50,10965.10,11072.60,10962.70,11062.45,0.011647280346053989,0.007067032950388588
2019-02-07,NIFTY 50,11070.45,11118.10,11043.60,11069.4,0.0006280541598151168,0.007003726667162203
2019-02-08,NIFTY 50,11023.50,11041.20,10925.45,10943.6,-0.011429734205002075,0.0075142948663769246
2019-02-11,NIFTY 50,10930.90,10930.90,10857.10,10888.8,-0.005020072468908787,0.007501682862967219
2019-02-12,NIFTY 50,10879.70,10910.90,10823.80,10831.4,-0.005285414832761346,0.0069404064950652445
2019-02-13,NIFTY 50,10870.55,10891.65,10772.10,10793.65,-0.0034913249537601204,0.006976010044075578
2019-02-14,NIFTY 50,10786.10,10792.70,10718.75,10746.05,-0.004419753059300069,0.007016751175486686
2019-02-15,NIFTY 50,10780.25,10785.75,10620.40,10724.4,-0.0020167259966956514,0.007019014710599009
2019-02-18,NIFTY 50,10738.65,10759.90,10628.40,10640.95,-0.007811753551157503,0.007041178334872002
2019-02-19,NIFTY 50,10636.70,10722.85,10585.65,10604.35,-0.003445471347297982,0.007039241373506155
2019-02-20,NIFTY 50,10655.45,10752.70,10646.40,10735.45,0.012287055114099292,0.007475758901781976
2019-02-21,NIFTY 50,10744.10,10808.85,10721.50,10789.85,0.005054528003669934,0.007563704758545839
2019-02-22,NIFTY 50,10782.70,10801.55,10758.40,10791.65,0.0001668095363318936,0.007425041694813549
2019-02-25,NIFTY 50,10813.25,10887.10,10788.05,10880.1,0.008162745613173475,0.00714652860882186
2019-02-26,NIFTY 50,10775.30,10888.75,10729.30,10835.3,-0.004126109909020616,0.007228248926319205
2019-02-27,NIFTY 50,10881.20,10939.70,10751.20,10806.65,-0.002647637272642474,0.0072686071615675005
2019-02-28,NIFTY 50,10865.70,10865.70,10784.85,10792.5,-0.0013102369328699957,0.0062286890850291364
2019-03-01,NIFTY 50,10842.65,10877.90,10823.10,10863.5,0.006557097745663337,0.006270480043697317
2019-03-05,NIFTY 50,10864.85,10994.90,10817.00,10987.45,0.01134516618207139,0.006770243598592779
2019-03-06,NIFTY 50,11024.85,11062.30,10998.85,11053.0,0.0059481719535880405,0.006877535362449633
2019-03-07,NIFTY 50,11077.95,11089.05,11027.10,11058.2,0.00047034987661157636,0.006362257784497485
2019-03-08,NIFTY 50,11038.85,11049.00,11008.95,11035.4,-0.002063946852823062,0.006376303984184318
2019-03-11,NIFTY 50,11068.75,11180.90,11059.85,11168.05,0.011948735734751557,0.006343191274348034
2019-03-12,NIFTY 50,11231.35,11320.40,11227.00,11301.2,0.011851891682945155,0.006614436623901299
2019-03-13,NIFTY 50,11326.20,11352.30,11276.60,11341.7,0.0035772841102276773,0.006404161030218999
2019-03-14,NIFTY 50,11382.50,11383.45,11313.75,11343.25,0.00013665447818145347,0.006281641674826234
2019-03-15,NIFTY 50,11376.85,11487.00,11370.80,11426.85,0.0073429959147711344,0.0061506061184693
2019-03-18,NIFTY 50,11473.85,11530.15,11412.50,11462.2,0.0030888156656173325,0.006033142274431616
2019-03-19,NIFTY 50,11500.30,11543.85,11451.25,11532.4,0.006105800326383594,0.005455812125836178
2019-03-20,NIFTY 50,11553.35,11556.10,11503.10,11521.05,-0.000984668317935398,0.005304169273094022
2019-03-22,NIFTY 50,11549.20,11572.80,11434.55,11456.9,-0.005583628362534954,0.005365364851678787
2019-03-25,NIFTY 50,11395.65,11395.65,11311.60,11354.25,-0.009000045407053587,0.0059997533673991875
2019-03-26,NIFTY 50,11375.20,11496.75,11352.45,11483.25,0.011297328693216403,0.006276945358950808
2019-03-27,NIFTY 50,11531.45,11546.20,11413.00,11445.05,-0.0033321297562249825,0.006315683609446935
2019-03-28,NIFTY 50,11463.65,11588.50,11452.45,11570.0,0.01085821909063313,0.006372909184211591
2019-03-29,NIFTY 50,11625.45,11630.35,11570.15,11623.9,0.004647782134820234,0.0062227668087046885
2019-04-01,NIFTY 50,11665.20,11738.10,11644.75,11669.15,0.0038852839728881735,0.006112483123652924
2019-04-02,NIFTY 50,11711.55,11729.35,11655.85,11713.2,0.003767803673489008,0.006080520877248394
2019-04-03,NIFTY 50,11735.30,11761.00,11629.15,11643.95,-0.005929679169650468,0.00617338261666085
2019-04-04,NIFTY 50,11660.20,11662.55,11559.20,11598.0,-0.003954062362883455,0.006311723464357618
2019-04-05,NIFTY 50,11638.40,11689.65,11609.50,11665.95,0.005841672908814725,0.006339217812703464
2019-04-08,NIFTY 50,11704.35,11710.30,11549.10,11604.5,-0.005281388442051271,0.00650448245684372
2019-04-09,NIFTY 50,11612.05,11683.90,11569.70,11671.95,0.005795573534299762,0.00617176011845279
2019-04-10,NIFTY 50,11646.85,11680.05,11571.75,11584.3,-0.0075377943572383106,0.006099372050177443
2019-04-11,NIFTY 50,11592.55,11606.70,11550.55,11596.7,0.0010698417827284545,0.0060744571057405805
2019-04-12,NIFTY 50,11612.85,11657.35,11578.80,11643.45,0.004023215259708576,0.006103719085968228
2019-04-15,NIFTY 50,11667.00,11704.60,11648.25,11690.35,0.00401992501503014,0.0059745979275820415
2019-04-16,NIFTY 50,11736.20,11810.95,11731.55,11787.15,0.00824623989236685,0.006171208615996417
2019-04-18,NIFTY 50,11856.15,11856.15,11738.50,11752.8,-0.0029184449738277464,0.006138681123038091
2019-04-22,NIFTY 50,11727.05,11727.05,11583.95,11594.45,-0.013564974730520374,0.006939309496167372
2019-04-23,NIFTY 50,11612.95,11645.95,11564.80,11575.95,-0.0015968653049767416,0.0068170559303516514
2019-04-24,NIFTY 50,11601.50,11740.85,11578.85,11726.15,0.012891720507584971,0.006964478795515544
2019-04-25,NIFTY 50,11735.70,11796.75,11624.30,11641.8,-0.0072193210230233834,0.006838739430674344
2019-04-26,NIFTY 50,11683.75,11762.90,11661.75,11754.65,0.009646837461601747,0.00704996053109954
2019-04-30,NIFTY 50,11748.75,11756.25,11655.90,11748.15,-0.0005531255991390112,0.006691273580939154
2019-05-02,NIFTY 50,11725.55,11789.30,11699.55,11724.75,-0.0019937892422010914,0.006653079913597736
2019-05-03,NIFTY 50,11722.60,11770.90,11699.35,11712.25,-0.0010666895238500144,0.006609801785419977
2019-05-06,NIFTY 50,11605.80,11632.55,11571.35,11598.25,-0.00978107795702945,0.006910669496271138
2019-05-07,NIFTY 50,11651.50,11657.05,11484.45,11497.9,-0.00868981466397264,0.00705108604638318
2019-05-08,NIFTY 50,11478.70,11479.10,11346.95,11359.45,-0.012114413370574466,0.007476746591562805
2019-05-09,NIFTY 50,11322.40,11357.60,11255.05,11301.8,-0.005087991559915908,0.007345632163291491
2019-05-10,NIFTY 50,11314.15,11345.80,11251.05,11278.9,-0.0020282814838106025,0.007295333818193071
2019-05-13,NIFTY 50,11258.70,11300.20,11125.60,11148.2,-0.011655673687732526,0.007428925910414762
2019-05-14,NIFTY 50,11151.65,11294.75,11108.30,11222.05,0.006602542956106478,0.007575190114357279
2019-05-15,NIFTY 50,11271.70,11286.80,11136.95,11157.0,-0.005813489241584599,0.0076043659354592145
2019-05-16,NIFTY 50,11180.35,11281.55,11143.35,11257.1,0.008931937083631538,0.007880901697238077
2019-05-17,NIFTY 50,11261.90,11426.15,11259.85,11407.15,0.01324131108491434,0.008479392294463537
2019-05-20,NIFTY 50,11651.90,11845.20,11591.70,11828.25,0.03625038627405121,0.01179128979973867
2019-05-21,NIFTY 50,11863.65,11883.55,11682.80,11709.1,-0.01012442078454291,0.011999022552930939
2019-05-22,NIFTY 50,11727.95,11784.80,11682.40,11737.9,0.0024566054918568484,0.011586549527901804
2019-05-23,NIFTY 50,11901.30,12041.15,11614.50,11657.05,-0.006911775564206495,0.01170033768731319
2019-05-24,NIFTY 50,11748.00,11859.00,11658.10,11844.1,0.015918706100504415,0.011889175680885274
2019-05-27,NIFTY 50,11855.50,11957.15,11812.40,11924.75,0.006786218896810995,0.011822829143225492
2019-05-28,NIFTY 50,11958.35,11958.55,11864.90,11928.75,0.00033538055526396364,0.011654867676934928
2019-05-29,NIFTY 50,11905.80,11931.90,11836.80,11861.1,-0.00568731474540059,0.011740960782963003
2019-05-30,NIFTY 50,11865.30,11968.55,11859.40,11945.9,0.007123985268305006,0.01181668782114542
2019-05-31,NIFTY 50,11999.80,12039.25,11829.45,11922.8,-0.0019355898906960182,0.011826025450356912
2019-06-03,NIFTY 50,11953.75,12103.05,11920.10,12088.55,0.013806190222918157,0.0118817421692118
2019-06-04,NIFTY 50,12052.65,12095.20,12005.85,12021.65,-0.005549532703580477,0.011752109168415212
2019-06-06,NIFTY 50,12039.80,12039.80,11830.25,11843.75,-0.014908888618172916,0.01194659773391838
2019-06-07,NIFTY 50,11865.20,11897.50,11769.50,11870.65,0.002268664738513159,0.011826690705854445
2019-06-10,NIFTY 50,11934.90,11975.05,11871.75,11922.7,0.0043751790335728605,0.011785526916420418
2019-06-11,NIFTY 50,11959.85,12000.35,11904.35,11965.6,0.0035917203081940467,0.011285428181371345
2019-06-12,NIFTY 50,11962.45,11962.45,11866.35,11906.2,-0.0049765935198887315,0.01141618755230866
2019-06-13,NIFTY 50,11873.90,11931.35,11817.05,11914.05,0.0006591030979255797,0.01124487372430421
2019-06-14,NIFTY 50,11910.10,11911.85,11797.70,11823.3,-0.007646215111471926,0.011416233925606013
2019-06-17,NIFTY 50,11844.00,11844.05,11657.75,11672.15,-0.01286649842364515,0.0116088221617001
2019-06-18,NIFTY 50,11677.05,11727.20,11641.15,11691.5,0.0016564196454115262,0.008171814529120388
2019-06-19,NIFTY 50,11744.45,11802.50,11625.10,11691.45,-4.2766203578887255e-06,0.007857065626616623
2019-06-20,NIFTY 50,11653.65,11843.50,11635.05,11831.75,0.011928790613010498,0.008291212963433159
2019-06-21,NIFTY 50,11827.60,11827.95,11705.10,11724.1,-0.009140043719581648,0.008408748747427672
2019-06-24,NIFTY 50,11725.80,11754.00,11670.20,11699.65,-0.002087625498034471,0.007568991424614812
2019-06-25,NIFTY 50,11681.00,11814.40,11651.00,11796.45,0.008239711923969792,0.0076503216881581544
2019-06-26,NIFTY 50,11768.15,11871.85,11757.55,11847.55,0.004322456400025034,0.00772593145464647
2019-06-27,NIFTY 50,11860.85,11911.15,11821.05,11841.55,-0.0005065621005696332,0.007623433421696561
2019-06-28,NIFTY 50,11861.15,11871.70,11775.50,11788.85,-0.004460363546236102,0.007485919644783551
2019-07-01,NIFTY 50,11839.90,11884.65,11830.80,11865.6,0.006489288005753367,0.00764579599763634
2019-07-02,NIFTY 50,11890.30,11917.45,11814.70,11910.3,0.003760114457560253,0.006974977414047417
2019-07-03,NIFTY 50,11932.15,11945.20,11887.05,11916.75,0.0005414014875993148,0.006886466101908741
2019-07-04,NIFTY 50,11928.80,11969.25,11923.65,11946.75,0.0025143014062712723,0.006005187796185191
2019-07-05,NIFTY 50,11964.75,11981.75,11797.90,11811.15,-0.01141527428625476,0.006540687844610341
2019-07-08,NIFTY 50,11770.40,11771.90,11523.30,11558.6,-0.02161425193074724,0.007993526720293903
2019-07-09,NIFTY 50,11531.60,11582.55,11461.00,11555.9,-0.0002336195904978026,0.007909326007687314
2019-07-10,NIFTY 50,11536.15,11593.70,11475.65,11498.9,-0.004944750432890099,0.007908643784135562
2019-07-11,NIFTY 50,11561.45,11599.00,11519.50,11582.9,0.007278493950644306,0.008149195083847389
2019-07-12,NIFTY 50,11601.15,11639.55,11538.60,11552.5,-0.002628008808690357,0.008023342614055917
2019-07-15,NIFTY 50,11614.75,11618.40,11532.30,11588.35,0.003098419347655853,0.007579081970812384
2019-07-16,NIFTY 50,11596.65,11670.05,11573.95,11662.6,0.006386857517651002,0.0077178706416445985
2019-07-17,NIFTY 50,11670.75,11706.65,11651.15,11687.5,0.002132753987214172,0.007734387317718081
2019-07-18,NIFTY 50,11675.60,11677.15,11582.40,11596.9,-0.007782073597137426,0.007379797674428615
2019-07-19,NIFTY 50,11627.95,11640.35,11399.30,11419.25,-0.01543729320214387,0.007863735892120017
2019-07-22,NIFTY 50,11392.85,11398.15,11301.25,11346.2,-0.0064176417088494435,0.007945243936441844
2019-07-23,NIFTY 50,11372.25,11398.15,11302.80,11331.05,-0.0013361410447835524,0.007606589144045241
2019-07-24,NIFTY 50,11322.45,11359.75,11229.80,11271.3,-0.005287073174540869,0.007487941020936053
2019-07-25,NIFTY 50,11290.40,11361.40,11239.35,11252.15,-0.0017004503852120314,0.007476020313774519
2019-07-26,NIFTY 50,11247.45,11307.60,11210.05,11284.3,0.002853157601110747,0.007556236221021839
2019-07-29,NIFTY 50,11307.50,11310.95,11152.40,11189.2,-0.008463351739050672,0.007390499874252958
2019-07-30,NIFTY 50,11213.70,11267.45,11072.65,11085.4,-0.009320100147685749,0.007345488807192659
2019-07-31,NIFTY 50,11034.05,11145.30,10999.40,11118.0,0.002936489314765323,0.007435340929249536
2019-08-01,NIFTY 50,11060.20,11076.75,10881.00,10980.0,-0.012489980449893174,0.007555841356935505
2019-08-02,NIFTY 50,10930.30,11080.15,10848.95,10997.35,0.0015788986028203976,0.007462593947008448
2019-08-05,NIFTY 50,10895.80,10895.80,10782.60,10862.6,-0.012328638151179865,0.006508754620328478
2019-08-06,NIFTY 50,10815.40,11018.55,10813.80,10948.25,0.007853929605732632,0.006933898480641526
2019-08-07,NIFTY 50,10958.10,10975.65,10835.90,10855.5,-0.00850776214660283,0.007039552089037641
2019-08-08,NIFTY 50,10899.20,11058.05,10842.95,11032.45,0.016169066094785186,0.00793808996013693
2019-08-09,NIFTY 50,11087.90,11181.45,11062.80,11109.65,0.006973169918048867,0.008211381167014828
2019-08-13,NIFTY 50,11139.40,11145.90,10901.60,10925.85,-0.016682558846185944,0.00874472058704555
2019-08-14,NIFTY 50,11003.25,11078.15,10935.60,11029.4,0.009432893528210886,0.008940116183594877
2019-08-16,NIFTY 50,11043.65,11068.65,10924.30,11047.8,0.0016668784320785558,0.008927209202831026
2019-08-19,NIFTY 50,11094.80,11146.90,11037.85,11053.9,0.000551993752054235,0.008877495780996735
2019-08-20,NIFTY 50,11063.90,11076.30,10985.30,11017.0,-0.003343772513218554,0.008338057067210242
2019-08-21,NIFTY 50,11018.15,11034.20,10906.65,10918.7,-0.008962618746946698,0.008431247461136456
2019-08-22,NIFTY 50,10905.30,10908.25,10718.30,10741.35,-0.01637613610561261,0.009026139434990227
2019-08-23,NIFTY 50,10699.60,10862.55,10637.15,10829.35,0.008159261239129592,0.009317211315478916
2019-08-26,NIFTY 50,11000.30,11070.30,10756.55,11057.85,0.020880542239304772,0.010630966921736084
2019-08-27,NIFTY 50,11106.55,11141.75,11049.50,11105.35,0.004286391200460912,0.010662176452120555
2019-08-28,NIFTY 50,11101.30,11129.65,10987.65,11046.1,-0.005349549695368668,0.010566681092754352
2019-08-29,NIFTY 50,10996.05,11021.10,10922.40,10948.3,-0.008893231420644047,0.010548648885719523
2019-08-30,NIFTY 50,10987.80,11042.60,10874.80,11023.25,0.006822485506963346,0.010652921967822165
2019-09-03,NIFTY 50,10960.95,10967.50,10772.70,10797.9,-0.020655007796257053,0.011277640434197485
2019-09-04,NIFTY 50,10790.40,10858.75,10746.35,10844.65,0.004320200042260295,0.011325096166933578
2019-09-05,NIFTY 50,10860.95,10920.10,10816.00,10847.9,0.00029964204524756224,0.010989651834487843
2019-09-06,NIFTY 50,10883.80,10957.05,10867.45,10946.2,0.009020851203047561,0.01103691887047074
2019-09-09,NIFTY 50,10936.70,11028.85,10889.80,11003.05,0.005180143023151631,0.010905812634261191
2019-09-11,NIFTY 50,11028.50,11054.80,11011.65,11035.7,0.00296296513065727,0.010301373770162969
2019-09-12,NIFTY 50,11058.30,11081.75,10964.95,10982.8,-0.0048050595437650065,0.010218975672316848
2019-09-13,NIFTY 50,10986.80,11084.45,10945.75,11075.9,0.008441164058245833,0.009663709972550933
2019-09-16,NIFTY 50,10994.85,11052.70,10968.20,11003.5,-0.006558172730350039,0.009562577357792578
2019-09-17,NIFTY 50,11000.10,11000.10,10796.50,10817.6,-0.017038966653176175,0.010267653593654322
2019-09-18,NIFTY 50,10872.80,10885.15,10804.85,10840.65,0.0021285199591399326,0.010286656651074205
2019-09-19,NIFTY 50,10845.20,10845.20,10670.25,10704.8,-0.012610718304774393,0.010602864680126793
2019-09-20,NIFTY 50,10746.80,11381.90,10691.00,11274.2,0.05182469042597882,0.015780494751142602
2019-09-23,NIFTY 50,11542.70,11694.85,11471.35,11600.2,0.028505409908377584,0.016272868351660936
2019-09-24,NIFTY 50,11590.70,11655.05,11539.20,11588.2,-0.0010350003511433552,0.016274476783854495
2019-09-25,NIFTY 50,11564.85,11564.95,11416.10,11440.2,-0.012853870675538228,0.01611326974894831
2019-09-26,NIFTY 50,11469.85,11610.85,11466.35,11571.2,0.011385784019294062,0.01625086516358241
2019-09-27,NIFTY 50,11556.35,11593.60,11499.75,11512.4,-0.005094537002551694,0.01624484893457604
2019-09-30,NIFTY 50,11491.15,11508.25,11390.80,11474.45,-0.0033018908183674615,0.01609370309357109
2019-10-01,NIFTY 50,11515.40,11554.20,11247.90,11359.9,-0.010033214077332946,0.016287176096674082
2019-10-03,NIFTY 50,11322.25,11370.40,11257.35,11314.0,-0.004048713516394926,0.015502440691601654
2019-10-04,NIFTY 50,11388.45,11400.30,11158.35,11174.75,-0.012384128036227408,0.01583621709487037
2019-10-07,NIFTY 50,11196.20,11233.85,11112.65,11126.4,-0.004336106053331424,0.015888538456497858
2019-10-09,NIFTY 50,11152.95,11321.60,11090.15,11313.3,0.016658361926267153,0.01617391609978867
2019-10-10,NIFTY 50,11280.50,11293.35,11208.55,11234.55,-0.006985173327078325,0.016262653394061043
2019-10-11,NIFTY 50,11257.70,11362.90,11189.40,11305.05,0.006255677111318734,0.016299758441934115
2019-10-14,NIFTY 50,11335.90,11420.45,11290.05,11341.15,0.003188175550696324,0.01624251523767867
2019-10-15,NIFTY 50,11360.85,11462.35,11342.10,11428.3,0.007655031243923585,0.016226044911063706
2019-10-16,NIFTY 50,11464.95,11481.05,11411.10,11464.0,0.0031189551893382886,0.01611493612754017
2019-10-17,NIFTY 50,11466.30,11599.10,11439.65,11586.35,0.010615990565060435,0.015567991138471099
2019-10-18,NIFTY 50,11580.30,11684.70,11553.15,11661.85,0.006495149338540988,0.015579354222242929
2019-10-22,NIFTY 50,11657.15,11714.35,11573.65,11588.35,-0.00632254731953183,0.015294753952084303
2019-10-23,NIFTY 50,11596.20,11651.60,11554.40,11604.1,0.0013582008301133287,0.010345614814809558
2019-10-24,NIFTY 50,11661.65,11679.60,11534.65,11582.6,-0.0018545119540017269,0.00816268945590593
2019-10-25,NIFTY 50,11646.15,11646.90,11490.75,11583.9,0.00011223102336253745,0.008159625374749933
2019-10-27,NIFTY 50,11662.25,11672.40,11604.60,11627.15,0.0037266776001179344,0.007610747277135405
2019-10-29,NIFTY 50,11643.95,11809.40,11627.35,11786.85,0.013641622669476343,0.007790320503030647
2019-10-30,NIFTY 50,11883.90,11883.95,11784.45,11844.1,0.004845350018242925,0.007702773144748326
2019-10-31,NIFTY 50,11890.45,11945.00,11855.10,11877.45,0.00281179113275152,0.007626444302861831
2019-11-01,NIFTY 50,11886.60,11918.30,11843.35,11890.6,0.0011065275730858378,0.007111856868126091
2019-11-04,NIFTY 50,11928.90,11989.15,11905.35,11941.3,0.004254807756561208,0.006963600305374041
2019-11-05,NIFTY 50,11974.60,11978.95,11861.90,11917.2,-0.0020202450444738117,0.0061162486055057344
2019-11-06,NIFTY 50,11911.50,12002.90,11850.25,11966.05,0.004090738749700145,0.005853189378641916
2019-11-07,NIFTY 50,12021.10,12021.40,11946.85,12012.05,0.0038368391517066202,0.0049906102057255715
2019-11-08,NIFTY 50,11987.15,12034.15,11888.75,11908.15,-0.008687272968657357,0.005180681344673436
2019-11-11,NIFTY 50,11879.20,11932.65,11853.95,11913.45,0.00044497431637267,0.005146083170982332
2019-11-13,NIFTY 50,11908.30,11946.80,11823.20,11840.45,-0.006146378473920445,0.005502862396386655
2019-11-14,NIFTY 50,11858.75,11895.65,11802.65,11872.1,0.0026694740797649774,0.005351398913550413
2019-11-15,NIFTY 50,11904.20,11973.65,11879.25,11895.45,0.001964864490640688,0.005343835843717077
2019-11-18,NIFTY 50,11915.15,11946.20,11867.60,11884.5,-0.0009209439695143741,0.00495607689831913
2019-11-19,NIFTY 50,11919.45,11958.85,11881.75,11940.1,0.004667453047495242,0.004870783398064364
2019-11-20,NIFTY 50,12004.75,12038.60,11966.05,11999.1,0.004929163836595279,0.0046010693521631625
2019-11-21,NIFTY 50,12025.65,12028.20,11956.90,11968.4,-0.002561803841863281,0.004700675556102845
2019-11-22,NIFTY 50,11967.30,11968.10,11883.50,11914.4,-0.004522090543975697,0.0048380661671241195
2019-11-25,NIFTY 50,11922.45,12084.50,11919.75,12073.75,0.013285921921847858,0.005502865932167896
2019-11-26,NIFTY 50,12110.20,12132.45,12006.35,12037.7,-0.002990282779561198,0.005600596184057877
2019-11-27,NIFTY 50,12068.50,12114.90,12055.15,12100.7,0.00521991043723913,0.004935361026038313
2019-11-28,NIFTY 50,12132.10,12158.80,12099.95,12151.15,0.0041605133442242075,0.004911890265559171
2019-11-29,NIFTY 50,12146.20,12147.40,12017.40,12056.05,-0.007857206885134962,0.005300700060908392
2019-12-02,NIFTY 50,12137.05,12137.15,12023.70,12048.2,-0.0006513374427765289,0.005308979193904585
2019-12-03,NIFTY 50,12067.65,12068.60,11956.40,11994.2,-0.0044920715738986546,0.005357174075316052
2019-12-04,NIFTY 50,11969.95,12054.70,11935.30,12043.2,0.004076985686669962,0.005396263173324533
2019-12-05,NIFTY 50,12071.25,12081.20,11998.75,12018.4,-0.0020613765320537055,0.00535756537839641
2019-12-06,NIFTY 50,12047.35,12057.05,11888.85,11921.5,-0.008095316119752127,0.005592614522207771
2019-12-09,NIFTY 50,11939.10,11981.95,11888.05,11937.5,0.0013412131605239934,0.005247352194480109
2019-12-10,NIFTY 50,11950.50,11953.20,11844.70,11856.8,-0.006783163146280523,0.005468280417248724
2019-12-11,NIFTY 50,11867.35,11923.20,11832.30,11910.15,0.004489435085769313,0.005379934876659752
2019-12-12,NIFTY 50,11944.30,12005.50,11934.00,11971.8,0.005162906458065569,0.005466093844611072
2019-12-13,NIFTY 50,12026.40,12098.85,12023.60,12086.7,0.009551790310290194,0.005830223498738809
2019-12-16,NIFTY 50,12131.35,12134.65,12046.30,12053.95,-0.0027132674631074115,0.005871655278582895
2019-12-17,NIFTY 50,12082.45,12182.75,12070.35,12165.0,0.009170569183900065,0.006112865921433371
2019-12-18,NIFTY 50,12197.00,12237.70,12163.45,12221.65,0.004645992942887364,0.0061034436421078106
2019-12-19,NIFTY 50,12223.40,12268.35,12191.15,12259.7,0.0031084912097463736,0.0060648263047052495
2019-12-20,NIFTY 50,12266.45,12293.90,12252.75,12271.8,0.0009864868419187144,0.005914389500548857
2019-12-23,NIFTY 50,12235.45,12287.15,12213.25,12262.75,-0.0007377351865395867,0.0052328116523173
2019-12-24,NIFTY 50,12269.25,12283.70,12202.10,12214.55,-0.00393834796328302,0.005272872362072034
2019-12-26,NIFTY 50,12211.85,12221.55,12118.85,12126.55,-0.007230600375326736,0.005446883439635281
2019-12-27,NIFTY 50,12172.90,12258.45,12157.90,12245.8,0.009785757354041368,0.005800956575636688
2019-12-30,NIFTY 50,12274.90,12286.45,12213.80,12255.85,0.000820352961014532,0.005466693536935052
2019-12-31,NIFTY 50,12247.10,12247.10,12151.80,12168.45,-0.007156837498259268,0.005745400769718479
2020-01-01,NIFTY 50,12202.15,12222.20,12165.30,12182.5,0.0011539592138382815,0.005624826447677316
2020-01-02,NIFTY 50,12198.55,12289.90,12195.25,12282.2,0.0081505640319357,0.005820876335131829
2020-01-03,NIFTY 50,12261.10,12265.60,12191.35,12226.65,-0.004533064188910619,0.005914391204139786
2020-01-06,NIFTY 50,12170.60,12179.10,11974.20,11993.05,-0.019290680239015083,0.007197157919614143
2020-01-07,NIFTY 50,12079.10,12152.15,12005.35,12052.95,0.004982127913257648,0.007270574560063999
2020-01-08,NIFTY 50,11939.10,12044.95,11929.60,12025.35,-0.0022925216554330287,0.007101807664345691
2020-01-09,NIFTY 50,12153.15,12224.05,12132.55,12215.9,0.01572146029987446,0.007824135088450198
2020-01-10,NIFTY 50,12271.00,12311.20,12213.20,12256.8,0.0033425031221734377,0.007786932333903422
2020-01-13,NIFTY 50,12296.70,12337.75,12285.80,12329.55,0.005917935140473151,0.007621867338066259
2020-01-14,NIFTY 50,12333.10,12374.25,12308.70,12362.3,0.0026526987005530004,0.007578796906489705
2020-01-15,NIFTY 50,12349.40,12355.15,12278.75,12343.3,-0.0015381131197652743,0.007366020591695519
2020-01-16,NIFTY 50,12347.10,12389.05,12315.80,12355.5,0.0009879023266084047,0.007308795083882997
2020-01-17,NIFTY 50,12328.40,12385.45,12321.40,12352.35,-0.0002549796940701581,0.0072853547495017375
2020-01-20,NIFTY 50,12430.50,12430.50,12216.90,12224.55,-0.010400103505719096,0.007669936426352778
2020-01-21,NIFTY 50,12195.30,12230.05,12162.30,12169.85,-0.004484643334313313,0.007729475111080725
2020-01-22,NIFTY 50,12218.35,12225.05,12087.90,12106.9,-0.005186043526161765,0.007764659221022118
2020-01-23,NIFTY 50,12123.75,12189.00,12094.10,12180.35,0.006048459494062653,0.007721294509878494
2020-01-24,NIFTY 50,12174.55,12272.15,12149.65,12248.25,0.005559072141750759,0.0075004190162797565
2020-01-27,NIFTY 50,12197.10,12216.60,12107.00,12119.0,-0.010608600656474901,0.007862089040193502
2020-01-28,NIFTY 50,12148.10,12163.55,12024.50,12055.8,-0.005228597049925123,0.007788431498409674
2020-01-29,NIFTY 50,12114.90,12169.60,12103.80,12129.5,0.006094630054544958,0.007919732761810138
2020-01-30,NIFTY 50,12147.75,12150.30,12010.60,12035.8,-0.007754960177450233,0.007833278546795339
2020-01-31,NIFTY 50,12100.40,12103.55,11945.85,11962.1,-0.006142223420045023,0.007879462065670527
2020-02-01,NIFTY 50,11939.00,12017.35,11633.30,11661.85,-0.025420487964002748,0.00870092525941993
2020-02-03,NIFTY 50,11627.45,11749.85,11614.50,11707.9,0.003940997195259483,0.008663765854263223
2020-02-04,NIFTY 50,11786.25,11986.15,11783.40,11979.65,0.022945549276863344,0.01023115991875316
2020-02-05,NIFTY 50,12005.85,12098.15,11953.35,12089.15,0.009098979215473266,0.009786587866010606
2020-02-06,NIFTY 50,12120.00,12160.60,12084.65,12137.95,0.004028551993334523,0.009802034323637594
2020-02-07,NIFTY 50,12151.15,12154.70,12073.95,12098.35,-0.00326782844243661,0.009700800042160309
2020-02-10,NIFTY 50,12102.35,12103.55,11990.75,12031.5,-0.00554086917501395,0.009713805664958355
2020-02-11,NIFTY 50,12108.40,12172.30,12099.00,12107.9,0.006329921630102066,0.009864209414380801
2020-02-12,NIFTY 50,12151.00,12231.75,12144.30,12201.2,0.007676175434802536,0.010045526475835783
2020-02-13,NIFTY 50,12219.55,12225.65,12139.80,12174.65,-0.0021783864356833328,0.010050969249285483
2020-02-14,NIFTY 50,12190.15,12246.70,12091.20,12113.45,-0.005039515608318779,0.009848812789345473
2020-02-17,NIFTY 50,12131.80,12159.60,12037.00,12045.8,-0.005600354051906773,0.009875952263884841
2020-02-18,NIFTY 50,12028.25,12030.75,11908.05,11992.5,-0.004434597067865641,0.009858649678250068
2020-02-19,NIFTY 50,12090.60,12134.70,12042.10,12125.9,0.011062206478915673,0.010094183464250485
2020-02-20,NIFTY 50,12119.00,12152.00,12071.45,12080.85,-0.003722106603365098,0.010027445905653536
2020-02-24,NIFTY 50,12012.55,12012.55,11813.40,11829.4,-0.02103359607782139,0.0108106504808169
2020-02-25,NIFTY 50,11877.50,11883.05,11779.90,11797.9,-0.002666408659732823,0.010775638752169588
2020-02-26,NIFTY 50,11738.55,11783.25,11639.60,11678.5,-0.010172005036684025,0.010819312469080133
2020-02-27,NIFTY 50,11661.25,11663.85,11536.70,11633.3,-0.003877869288740577,0.010743248708776854
2020-02-28,NIFTY 50,11382.00,11384.80,11175.05,11201.75,-0.03780165911136475,0.01342889071510061
2020-03-02,NIFTY 50,11387.35,11433.00,11036.25,11132.75,-0.0061788013630017435,0.012410093035412975
2020-03-03,NIFTY 50,11217.55,11342.25,11152.55,11303.3,0.015203503750200955,0.012952878721113127
2020-03-04,NIFTY 50,11351.35,11356.60,11082.15,11251.0,-0.004637704893553336,0.011579757083178233
2020-03-05,NIFTY 50,11306.05,11389.50,11244.60,11269.0,0.0015985793812774052,0.011280185608437797
2020-03-06,NIFTY 50,10942.65,11035.10,10827.40,10989.45,-0.025119871302905144,0.012107263166207987
2020-03-09,NIFTY 50,10742.05,10751.55,10294.45,10451.45,-0.05019499690134644,0.015757070323201266
2020-03-11,NIFTY 50,10334.30,10545.10,10334.00,10458.4,0.0006647584995526857,0.01585467081936424
2020-03-12,NIFTY 50,10039.95,10040.75,9508.00,9590.15,-0.08666895319947657,0.02352145219835297
2020-03-13,NIFTY 50,9107.60,10159.40,8555.15,9955.2,0.03735849765514436,0.02564592536926315
2020-03-16,NIFTY 50,9587.80,9602.20,9165.10,9197.4,-0.0791741923032013,0.02982188246079058
2020-03-17,NIFTY 50,9285.40,9403.80,8915.60,8967.05,-0.02536408746272287,0.029845975040113784
2020-03-18,NIFTY 50,9088.45,9127.55,8407.05,8468.8,-0.057167925833670724,0.03118515573695924
2020-03-19,NIFTY 50,8063.30,8575.45,7832.55,8263.45,-0.02454664624605478,0.03106174668620902
2020-03-20,NIFTY 50,8284.45,8883.00,8178.20,8745.45,0.05669138924710427,0.034806729623287035
2020-03-23,NIFTY 50,7945.70,8159.25,7583.60,7610.25,-0.13903754227747062,0.0441280945202635
2020-03-24,NIFTY 50,7848.30,8036.95,7511.10,7801.05,0.02476231717515871,0.045410831523287475
2020-03-25,NIFTY 50,7735.15,8376.75,7714.75,8317.85,0.0641454679567434,0.049122106215877745
2020-03-26,NIFTY 50,8451.00,8749.05,8304.90,8641.45,0.03816658483208671,0.050665337515918944
2020-03-27,NIFTY 50,8949.10,9038.90,8522.90,8660.25,0.002173197708783864,0.05075361110119693
2020-03-30,NIFTY 50,8385.95,8576.00,8244.00,8281.1,-0.04476778070303545,0.050943634672426345
2020-03-31,NIFTY 50,8529.35,8678.30,8358.00,8597.75,0.03752473130703148,0.052266780581865645
2020-04-01,NIFTY 50,8584.10,8588.10,8198.35,8253.8,-0.04082684076114729,0.052181592476519115
2020-04-03,NIFTY 50,8356.55,8356.55,8055.80,8083.8,-0.020811641353066516,0.05212608550709186
2020-04-07,NIFTY 50,8446.30,8819.40,8360.95,8792.2,0.08400290578755377,0.0566912698859306
2020-04-08,NIFTY 50,8688.90,9131.70,8653.90,8748.75,-0.00495413177366146,0.05663261053086155
2020-04-09,NIFTY 50,8973.05,9128.35,8904.55,9111.9,0.04067041852397847,0.057000219575589886
2020-04-13,NIFTY 50,9103.95,9112.05,8912.40,8993.85,-0.013040241121341193,0.05698740081563024
2020-04-15,NIFTY 50,9196.40,9261.20,8874.10,8925.3,-0.007651069878088075,0.05386662497673141
2020-04-16,NIFTY 50,8851.25,9053.75,8821.90,8992.8,0.007534316619288413,0.053080381132954726
2020-04-17,NIFTY 50,9323.45,9324.00,9091.35,9266.75,0.030008467628351927,0.05061671848878361
2020-04-20,NIFTY 50,9390.20,9390.85,9230.80,9261.85,-0.0005289120726044875,0.05025536851667932
2020-04-21,NIFTY 50,9016.95,9044.40,8909.40,8981.45,-0.03074247350877093,0.04895915233786328
2020-04-22,NIFTY 50,9026.75,9209.75,8946.25,9187.3,0.02266075638210351,0.04870159873208392
2020-04-23,NIFTY 50,9232.35,9343.60,9170.15,9313.9,0.0136858123823579,0.047240568696297176
2020-04-24,NIFTY 50,9163.90,9296.90,9141.30,9154.4,-0.017273269955520296,0.0339198386080088
2020-04-27,NIFTY 50,9259.70,9377.10,9250.35,9282.3,0.013874722895871999,0.03374447173416866
2020-04-28,NIFTY 50,9389.80,9404.40,9260.00,9380.9,0.010566346325391251,0.03113641215912925
2020-04-29,NIFTY 50,9408.60,9599.85,9392.35,9553.35,0.01821617107952879,0.03036205581820189
2020-04-30,NIFTY 50,9753.50,9889.05,9731.50,9859.9,0.03158414825312425,0.030924155644131174
2020-05-04,NIFTY 50,9533.50,9533.50,9266.95,9293.5,-0.05916079550901353,0.03231585591223752
2020-05-05,NIFTY 50,9429.40,9450.90,9190.75,9205.6,-0.009503236539158732,0.03158615514491767
2020-05-06,NIFTY 50,9226.80,9346.90,9116.50,9270.9,0.007068467716618194,0.02982163927084933
2020-05-07,NIFTY 50,9234.05,9277.85,9175.90,9199.05,-0.0077802443900713515,0.029347963691975485
2020-05-08,NIFTY 50,9376.95,9382.65,9238.20,9251.5,0.0056854826859751096,0.022994360905644558
2020-05-11,NIFTY 50,9348.15,9439.90,9219.95,9239.2,-0.0013303987208930653,0.02294637878490533
2020-05-12,NIFTY 50,9168.85,9240.85,9043.95,9196.55,-0.004626888093829281,0.02117097602526365
2020-05-13,NIFTY 50,9584.20,9584.50,9351.10,9383.55,0.020129742512240333,0.02135596517672797
2020-05-14,NIFTY 50,9213.95,9281.10,9119.75,9142.75,-0.02599694075145828,0.02217604110319716
2020-05-15,NIFTY 50,9182.40,9182.40,9050.00,9136.85,-0.0006455283709578169,0.02212851743997016
2020-05-18,NIFTY 50,9158.30,9158.30,8806.75,8823.25,-0.034925404242762116,0.022378795122612653
2020-05-19,NIFTY 50,8961.70,9030.35,8855.30,8879.1,0.006309917644358519,0.022461821498619982
2020-05-20,NIFTY 50,8889.15,9093.80,8875.35,9066.55,0.020891616387661998,0.021959419010404272
2020-05-21,NIFTY 50,9079.45,9178.55,9056.10,9106.25,0.004369174057383805,0.021359339287360227
2020-05-22,NIFTY 50,9067.90,9149.60,8968.55,9039.25,-0.00738478460081561,0.021144328995560763
2020-05-26,NIFTY 50,9099.75,9161.65,8996.65,9029.05,-0.0011290493387357832,0.020815947617022088
2020-05-27,NIFTY 50,9082.20,9334.00,9004.25,9314.95,0.031173479330792266,0.021789587066090608
2020-05-28,NIFTY 50,9364.95,9511.25,9336.50,9490.1,0.018628513621497384,0.022064771940224832
2020-05-29,NIFTY 50,9422.20,9598.85,9376.90,9580.3,0.009459756758424582,0.021781435371746875
2020-06-01,NIFTY 50,9726.85,9931.60,9706.95,9826.15,0.025338292519217084,0.021347337066450936
2020-06-02,NIFTY 50,9880.85,9995.60,9824.05,9979.1,0.015445706644400328,0.016454581986025
2020-06-03,NIFTY 50,10108.30,10176.20,10035.55,10061.55,0.008228322453736857,0.01618930179699051
2020-06-04,NIFTY 50,10054.25,10123.85,9944.25,10029.1,-0.0032303612096776253,0.016265092041966363
2020-06-05,NIFTY 50,10093.80,10177.80,10040.75,10142.15,0.01120914010549148,0.0160989009531793
2020-06-08,NIFTY 50,10326.75,10328.50,10120.25,10167.45,0.0024914339117400133,0.016106330738102942
2020-06-09,NIFTY 50,10181.15,10291.15,10021.45,10046.65,-0.011952195553601492,0.016486970383534968
2020-06-10,NIFTY 50,10072.60,10148.75,10036.85,10116.15,0.006893911089192986,0.0163635334830945
2020-06-11,NIFTY 50,10094.10,10112.05,9885.05,9902.0,-0.02139639975380881,0.016935918741488625
2020-06-12,NIFTY 50,9544.95,9996.05,9544.35,9972.9,0.007134657357130778,0.015545657199841715
2020-06-15,NIFTY 50,9919.35,9943.35,9726.35,9813.7,-0.016092045671383177,0.0161775269218763
2020-06-16,NIFTY 50,10014.80,10046.15,9728.50,9914.0,0.010168530973403287,0.013440354235213062
2020-06-17,NIFTY 50,9876.70,10003.60,9833.80,9881.15,-0.003318997851049477,0.013593761237282145
2020-06-18,NIFTY 50,9863.25,10111.20,9845.05,10091.65,0.021079447494686824,0.013605126357141142
2020-06-19,NIFTY 50,10119.00,10272.40,10072.65,10244.4,0.015022865580104622,0.013772002305538848
2020-06-22,NIFTY 50,10318.75,10393.65,10277.60,10311.2,0.006499468286308812,0.013412969305074615
2020-06-23,NIFTY 50,10347.95,10484.70,10301.75,10471.0,0.015378848196892156,0.013421353744125262
2020-06-24,NIFTY 50,10529.25,10553.15,10281.95,10305.3,-0.015951205305137297,0.013163647807650796
2020-06-25,NIFTY 50,10235.55,10361.80,10194.50,10288.9,-0.0015926817712496291,0.012838534539333696
2020-06-26,NIFTY 50,10378.90,10409.85,10311.25,10383.0,0.009104209092378747,0.012830879957903989
2020-06-29,NIFTY 50,10311.95,10337.95,10223.60,10312.4,-0.006822798677230463,0.0120078352449807
2020-06-30,NIFTY 50,10382.60,10401.05,10267.35,10302.1,-0.0009992966947658516,0.011625539036422447
2020-07-01,NIFTY 50,10323.80,10447.05,10299.60,10430.05,0.012343304915724197,0.01178448358941405
2020-07-02,NIFTY 50,10493.05,10598.20,10485.55,10551.7,0.01159592151654617,0.011917073889348213
2020-07-03,NIFTY 50,10614.95,10631.30,10562.65,10607.35,0.005260172674752368,0.011762540632059768
2020-07-06,NIFTY 50,10723.85,10811.40,10695.10,10763.65,0.01462755948628082,0.012084694087346358
2020-07-07,NIFTY 50,10802.85,10813.80,10689.70,10799.65,0.0033390096550110133,0.01157180206104683
2020-07-08,NIFTY 50,10818.65,10847.85,10676.55,10705.75,-0.008732745890836629,0.011862571674222937
2020-07-09,NIFTY 50,10755.55,10836.85,10733.00,10813.45,0.01000974936330002,0.010485213593716035
2020-07-10,NIFTY 50,10764.10,10819.40,10713.00,10768.05,-0.004207313390691434,0.01063532117063112
2020-07-13,NIFTY 50,10851.85,10894.05,10756.05,10802.7,0.0032126866059742,0.009552443590643337
2020-07-14,NIFTY 50,10750.85,10755.65,10562.90,10607.35,-0.018248945829038105,0.010750366154519173
2020-07-15,NIFTY 50,10701.00,10827.45,10577.75,10618.2,0.0010223528667139743,0.01065135761182813
2020-07-16,NIFTY 50,10706.20,10755.30,10595.20,10739.95,0.011400923653342283,0.01001619507530731
2020-07-17,NIFTY 50,10752.00,10933.45,10749.65,10901.7,0.014948306800439333,0.010011541861534573
2020-07-20,NIFTY 50,10999.45,11037.90,10953.00,11022.2,0.010992680446704291,0.010141194654731378
2020-07-21,NIFTY 50,11126.10,11179.55,11113.25,11162.25,0.012626128711697352,0.009986620969104337
2020-07-22,NIFTY 50,11231.20,11238.10,11056.55,11132.6,-0.0026598086535778794,0.009043027772604687
2020-07-23,NIFTY 50,11135.00,11239.80,11103.15,11215.45,0.007414551118342539,0.008981207778725128
2020-07-24,NIFTY 50,11149.95,11225.40,11090.30,11194.15,-0.0019009715848837335,0.009009191574227117
2020-07-27,NIFTY 50,11225.00,11225.00,11087.85,11131.8,-0.005585443136371612,0.008936641293291421
2020-07-28,NIFTY 50,11154.10,11317.75,11151.40,11300.55,0.01504551982144569,0.00919733394560846
2020-07-29,NIFTY 50,11276.90,11341.40,11149.75,11202.85,-0.008683186883977411,0.009466466227212176
2020-07-30,NIFTY 50,11254.30,11299.95,11084.95,11102.15,-0.009029426960437587,0.00966786507331327
2020-07-31,NIFTY 50,11139.50,11150.40,11026.65,11073.45,-0.0025884319724486563,0.009710945497623996
2020-08-03,NIFTY 50,11057.55,11058.05,10882.25,10891.6,-0.016558501347417372,0.010098063286567318
2020-08-04,NIFTY 50,10946.65,11112.25,10908.10,11095.25,0.01852523886716068,0.010857947374938288
2020-08-05,NIFTY 50,11155.75,11225.65,11064.05,11101.65,0.0005766571167461483,0.01059941735651628
2020-08-06,NIFTY 50,11185.70,11256.80,11127.30,11200.15,0.008833425148686718,0.0105547245764565
2020-08-07,NIFTY 50,11186.65,11231.90,11142.05,11214.05,0.0012402853353563766,0.010462600282167622
2020-08-10,NIFTY 50,11270.25,11337.30,11238.00,11270.15,0.004990181230942265,0.010480716318524043
2020-08-11,NIFTY 50,11322.25,11373.60,11299.15,11322.5,0.004634258813425212,0.009325675896818002
2020-08-12,NIFTY 50,11289.00,11322.00,11242.65,11308.4,-0.001246084055380327,0.009368050336632062
2020-08-13,NIFTY 50,11334.85,11359.30,11269.95,11300.45,-0.0007032644586220171,0.009196288234390336
2020-08-14,NIFTY 50,11353.30,11366.25,11111.45,11178.4,-0.010859203150128484,0.009174678903380636
2020-08-17,NIFTY 50,11248.90,11267.10,11144.50,11247.1,0.006126972858148093,0.008964939450565292
2020-08-18,NIFTY 50,11259.80,11401.70,11253.15,11385.35,0.012217123605577227,0.008937471123481311
2020-08-19,NIFTY 50,11452.15,11460.35,11394.10,11408.4,0.0020224849230216792,0.008898086349046801
2020-08-20,NIFTY 50,11317.45,11361.45,11289.80,11312.2,-0.008468136833463799,0.009024329878566257
2020-08-21,NIFTY 50,11409.65,11418.50,11362.20,11371.6,0.0052372297208920626,0.00906835996187408
2020-08-24,NIFTY 50,11412.00,11497.25,11410.65,11466.45,0.008306361125610326,0.009086625895981268
2020-08-25,NIFTY 50,11513.10,11525.90,11423.35,11472.25,0.000505695625611065,0.008507435159236515
2020-08-26,NIFTY 50,11512.85,11561.75,11461.85,11549.6,0.0067197285239703015,0.008302884825390763
2020-08-27,NIFTY 50,11609.30,11617.35,11540.60,11559.25,0.0008351779133036767,0.007927472574097491
2020-08-28,NIFTY 50,11602.95,11686.05,11589.40,11647.6,0.007614167958564083,0.007943742639208813
2020-08-31,NIFTY 50,11777.55,11794.25,11325.85,11387.5,-0.022583887619258884,0.008776310370984784
2020-09-01,NIFTY 50,11464.30,11553.55,11366.90,11470.25,0.007240464307211334,0.008001862244442218
2020-09-02,NIFTY 50,11478.55,11554.75,11430.40,11535.0,0.005629164732428894,0.008045431545248893
2020-09-03,NIFTY 50,11566.20,11584.95,11507.65,11527.45,-0.00065474399031464,0.007894303955539896
2020-09-04,NIFTY 50,11354.40,11452.05,11303.65,11333.85,-0.01693732449116851,0.008900776982379005
2020-09-07,NIFTY 50,11359.60,11381.15,11251.70,11355.05,0.0018687557501366183,0.008845673645426592
2020-09-08,NIFTY 50,11378.55,11437.25,11290.45,11317.35,-0.003325632464696761,0.008823002941821539
2020-09-09,NIFTY 50,11218.60,11298.15,11185.15,11278.0,-0.0034830210446831823,0.008853453039214304
2020-09-10,NIFTY 50,11363.30,11464.05,11327.40,11449.25,0.01507030028649042,0.009480490081775442
2020-09-11,NIFTY 50,11447.80,11493.50,11419.90,11464.45,0.0013267173987232086,0.009084938304938369
2020-09-14,NIFTY 50,11540.15,11568.90,11383.55,11440.05,-0.0021305864987327225,0.0090397982145883
2020-09-15,NIFTY 50,11487.20,11535.95,11442.25,11521.8,0.007120536490514026,0.00877033147270135
2020-09-16,NIFTY 50,11538.45,11618.10,11516.75,11604.55,0.007156369523104026,0.008888622772169936
2020-09-17,NIFTY 50,11539.40,11587.20,11498.50,11516.1,-0.007651206302177675,0.008845308835901306
2020-09-18,NIFTY 50,11584.10,11584.10,11446.10,11504.95,-0.0009686787415754223,0.008793600479748006
2020-09-21,NIFTY 50,11503.80,11535.25,11218.50,11250.55,-0.02236036119704115,0.00997085454712151
2020-09-22,NIFTY 50,11301.75,11302.20,11084.65,11153.65,-0.008650217746793273,0.010109703457173169
2020-09-23,NIFTY 50,11258.75,11259.55,11024.40,11131.85,-0.001956429692266528,0.009927074310530623
2020-09-24,NIFTY 50,11011.00,11015.30,10790.20,10805.55,-0.029750477881848796,0.011691944348375142
2020-09-25,NIFTY 50,10910.40,11072.60,10854.85,11050.25,0.022393161118835776,0.0128340333808964
2020-09-28,NIFTY 50,11140.85,11239.35,11099.85,11227.55,0.015917527178764334,0.012568658522556946
2020-09-29,NIFTY 50,11288.60,11305.40,11181.00,11222.4,-0.00045879835726466887,0.012429556183047981
2020-09-30,NIFTY 50,11244.45,11295.40,11184.55,11247.55,0.002238546191905813,0.012355960552106308
2020-10-01,NIFTY 50,11364.45,11428.60,11347.05,11416.95,0.014948766094795703,0.012877898738220655
2020-10-05,NIFTY 50,11487.80,11578.05,11452.30,11503.35,0.007539204045733728,0.01238537503839213
2020-10-06,NIFTY 50,11603.45,11680.30,11564.30,11662.4,0.013731694349654332,0.012721663226038642
2020-10-07,NIFTY 50,11679.25,11763.05,11629.35,11738.85,0.006533862249180739,0.01272257105928815
2020-10-08,NIFTY 50,11835.40,11905.70,11791.15,11834.6,0.008123590443176206,0.012732255554438554
2020-10-09,NIFTY 50,11852.05,11938.60,11805.20,11914.2,0.006703521700736463,0.012428162244034783
2020-10-12,NIFTY 50,11973.55,12022.05,11867.20,11930.95,0.0014048980824201138,0.012427954823182341
2020-10-13,NIFTY 50,11934.65,11988.20,11888.90,11934.5,0.0002975012016269282,0.012397361942796146
2020-10-14,NIFTY 50,11917.40,11997.20,11822.15,11971.05,0.0030578696980628857,0.012344209614935198
2020-10-15,NIFTY 50,12023.45,12025.45,11661.30,11680.35,-0.024583292316473156,0.01360992349047661
2020-10-16,NIFTY 50,11727.40,11789.75,11667.85,11762.45,0.007004311400897572,0.013552255206589179
2020-10-19,NIFTY 50,11879.20,11898.25,11820.40,11873.05,0.009358871804925359,0.013667222666039796
2020-10-20,NIFTY 50,11861.00,11949.25,11837.25,11896.8,0.0019983304819722702,0.012453475864112757
2020-10-21,NIFTY 50,11958.55,12018.65,11775.75,11937.65,0.0034278147805934457,0.012158737611316075
2020-10-22,NIFTY 50,11890.00,11939.55,11823.45,11896.45,-0.0034572348892397747,0.012198080913491975
2020-10-23,NIFTY 50,11957.90,11974.55,11908.75,11930.35,0.0028455371996451177,0.00940441462767049
2020-10-26,NIFTY 50,11937.40,11942.85,11711.70,11767.75,-0.013722834461522889,0.00934627043609111
2020-10-27,NIFTY 50,11807.10,11899.05,11723.00,11889.4,0.010284507834007878,0.009020318243589806
2020-10-28,NIFTY 50,11922.60,11929.40,11684.85,11729.6,-0.013531685368635521,0.009720257787481309
2020-10-29,NIFTY 50,11633.30,11744.15,11606.45,11670.8,-0.005025565695959923,0.009853938015467353
2020-10-30,NIFTY 50,11678.45,11748.95,11535.45,11642.4,-0.002436389174245776,0.009393391250704701
2020-11-02,NIFTY 50,11697.35,11725.65,11557.40,11669.15,0.0022950006963143427,0.009273014941928018
2020-11-03,NIFTY 50,11734.45,11836.20,11723.30,11813.5,0.012294338008099459,0.009171845464643991
2020-11-04,NIFTY 50,11783.35,11929.65,11756.40,11908.5,0.008009485529747545,0.009227488401116993
2020-11-05,NIFTY 50,12062.40,12131.10,12027.60,12120.3,0.017629301958937776,0.009852668878723159
2020-11-06,NIFTY 50,12156.65,12280.40,12131.85,12263.55,0.011749715326943234,0.010063573353968193
2020-11-09,NIFTY 50,12399.40,12474.05,12367.35,12461.05,0.015976331334718024,0.01057498441138947
2020-11-10,NIFTY 50,12556.40,12643.90,12475.25,12631.1,0.01355424731828949,0.010862751526350158
2020-11-11,NIFTY 50,12680.60,12769.75,12571.10,12749.15,0.009302575925418237,0.010958774891076467
2020-11-12,NIFTY 50,12702.15,12741.15,12624.85,12690.8,-0.004587281211030351,0.009039653707740385
2020-11-13,NIFTY 50,12659.70,12735.95,12607.70,12719.95,0.002294305582223262,0.009022674133352292
2020-11-14,NIFTY 50,12823.35,12828.70,12749.45,12780.25,0.004729383486755077,0.00893456147339723
2020-11-17,NIFTY 50,12932.50,12934.05,12797.10,12874.2,0.007324298123558119,0.008961085663552755
2020-11-18,NIFTY 50,12860.10,12948.85,12819.35,12938.25,0.00496273166287285,0.008962970592361555
2020-11-19,NIFTY 50,12839.50,12963.00,12745.75,12771.7,-0.012956254665088004,0.0096087154210488
2020-11-20,NIFTY 50,12813.40,12892.45,12730.25,12859.05,0.006816057913245701,0.009634386658552754
2020-11-23,NIFTY 50,12960.30,12968.85,12825.70,12926.45,0.005227756180819109,0.008713588283495858
2020-11-24,NIFTY 50,13002.60,13079.10,12978.00,13055.15,0.009907092146913083,0.008701247535141168
2020-11-25,NIFTY 50,13130.00,13145.85,12833.65,12858.4,-0.01518539766292209,0.008889211649622624
2020-11-26,NIFTY 50,12906.45,13018.00,12790.40,12987.0,0.00995156285515894,0.008664181294741785
2020-11-27,NIFTY 50,13012.05,13035.30,12914.30,12968.95,-0.0013908181291474332,0.008617801592425428
2020-12-01,NIFTY 50,13062.20,13128.40,12962.80,13109.05,0.010744792383060973,0.008664811383900975
2020-12-02,NIFTY 50,13121.40,13128.50,12983.55,13113.75,0.0003584666816914015,0.0086060981280966
2020-12-03,NIFTY 50,13215.30,13216.60,13107.90,13133.9,0.0015353758495279832,0.008617439408996199
2020-12-04,NIFTY 50,13177.40,13280.05,13152.85,13258.55,0.009445953432445583,0.008163402135635454
2020-12-07,NIFTY 50,13264.85,13366.65,13241.95,13355.75,0.0073043763815936035,0.008014438832840406
2020-12-08,NIFTY 50,13393.85,13435.45,13311.05,13392.95,0.002781445377379538,0.007528032851460145
2020-12-09,NIFTY 50,13458.10,13548.90,13449.60,13529.1,0.010114472018708576,0.00732535432800677
2020-12-10,NIFTY 50,13488.50,13503.55,13399.30,13478.3,-0.003761936351579113,0.007356929835627511
2020-12-11,NIFTY 50,13512.30,13579.35,13402.85,13513.85,0.0026341006963332956,0.007150594828933988
2020-12-14,NIFTY 50,13571.45,13597.50,13472.45,13558.15,0.0032727570583044262,0.007147837301726502
2020-12-15,NIFTY 50,13547.20,13589.65,13447.05,13567.85,0.0007151810376354939,0.007158711400013238
2020-12-16,NIFTY 50,13663.10,13692.35,13606.45,13682.7,0.0084292375769653,0.007198076232309552
2020-12-17,NIFTY 50,13713.55,13773.25,13673.55,13740.7,0.004229970498269098,0.0071896630853260785
2020-12-18,NIFTY 50,13764.40,13772.85,13658.60,13760.55,0.0014435709974719424,0.006153029537387349
2020-12-21,NIFTY 50,13741.90,13777.50,13131.45,13328.4,-0.03190870565767625,0.010012750503660139
2020-12-22,NIFTY 50,13373.65,13492.05,13192.90,13466.3,0.010293171226603563,0.010167093885142213
2020-12-23,NIFTY 50,13473.50,13619.45,13432.20,13601.1,0.009960403618605139,0.01016927018167547
2020-12-24,NIFTY 50,13672.15,13771.75,13626.90,13749.25,0.010833605346231154,0.009490143757072262
2020-12-28,NIFTY 50,13815.15,13885.30,13811.55,13873.2,0.008974644316761851,0.009456829176707565
2020-12-29,NIFTY 50,13910.35,13967.60,13859.90,13932.6,0.004272496411424223,0.009393540226297096
2020-12-30,NIFTY 50,13980.90,13997.00,13864.95,13981.95,0.0035357941585163945,0.009241370034019956
2020-12-31,NIFTY 50,13970.00,14024.85,13936.45,13981.75,-1.4304258735754857e-05,0.009247825591172137
2021-01-01,NIFTY 50,13996.10,14049.85,13991.35,14018.5,0.002624978069994666,0.009240681275638244
2021-01-04,NIFTY 50,14104.35,14147.95,13953.75,14132.9,0.00812752685406613,0.009198830093319588
2021-01-05,NIFTY 50,14075.15,14215.60,14048.15,14199.5,0.0047013399972732585,0.00915591449785489
2021-01-06,NIFTY 50,14240.95,14244.15,14039.90,14146.25,-0.0037571814216639365,0.009282361289371955
2021-01-07,NIFTY 50,14253.75,14256.25,14123.10,14137.35,-0.0006293399916382645,0.009142715782720632
2021-01-08,NIFTY 50,14258.40,14367.30,14221.65,14347.25,0.014738054903755111,0.009438954597045949
2021-01-11,NIFTY 50,14474.05,14498.20,14383.10,14484.75,0.00953808562855032,0.009545741733538698
2021-01-12,NIFTY 50,14473.80,14590.65,14432.85,14563.45,0.005418593410961451,0.009555473537755595
2021-01-13,NIFTY 50,14639.80,14653.35,14435.70,14564.85,9.612644754944934e-05,0.009566226034709729
2021-01-14,NIFTY 50,14550.05,14617.80,14471.50,14595.6,0.0021090217330616886,0.00950056793341045
2021-01-15,NIFTY 50,14594.35,14617.45,14357.85,14433.7,-0.011154363255555686,0.010023688838431058
2021-01-18,NIFTY 50,14453.30,14459.15,14222.80,14281.3,-0.01061476099225705,0.010441976879781123
2021-01-19,NIFTY 50,14371.65,14546.05,14350.85,14521.15,0.01665521817989555,0.007371992524741395
2021-01-20,NIFTY 50,14538.30,14666.45,14517.55,14644.7,0.00847228790044222,0.007304830191747924
2021-01-21,NIFTY 50,14730.95,14753.55,14517.25,14590.35,-0.0037181439822322328,0.007376552719237333
2021-01-22,NIFTY 50,14583.40,14619.90,14357.75,14371.9,-0.015085440027319255,0.008247639239549909
2021-01-25,NIFTY 50,14477.80,14491.10,14218.60,14238.9,-0.009297255444126929,0.008468444560645104
2021-01-27,NIFTY 50,14237.95,14237.95,13929.30,13967.5,-0.019244453457933762,0.009592231111082872
2021-01-28,NIFTY 50,13810.40,13898.25,13713.25,13817.55,-0.01079367903283101,0.009855607428848253
2021-01-29,NIFTY 50,13946.60,13966.85,13596.75,13634.6,-0.013328843718060656,0.010256122580645536
2021-02-01,NIFTY 50,13758.60,14336.35,13661.75,14281.2,0.046333307393982406,0.014784112023206968
2021-02-02,NIFTY 50,14481.10,14731.70,14469.15,14647.85,0.025349580019676167,0.01569875844665414
2021-02-03,NIFTY 50,14754.90,14868.85,14574.15,14789.95,0.009654329040450573,0.01578593703165738
2021-02-04,NIFTY 50,14789.05,14913.70,14714.75,14895.65,0.007121327963684512,0.015763181387712592
2021-02-05,NIFTY 50,14952.60,15014.65,14864.75,14924.25,0.0019181827416789982,0.01574615826245477
2021-02-08,NIFTY 50,15064.30,15159.90,15041.05,15115.8,0.012753147626468448,0.01567242919700129
2021-02-09,NIFTY 50,15164.15,15257.10,15064.30,15109.3,-0.0004301061104978167,0.015598808420588993
2021-02-10,NIFTY 50,15119.05,15168.25,14977.20,15106.5,-0.00018533350154651584,0.015586588554734765
2021-02-11,NIFTY 50,15073.25,15188.50,15065.40,15173.3,0.004412189536825283,0.015591189646715358
2021-02-12,NIFTY 50,15186.20,15243.50,15081.00,15163.3,-0.0006592696849480349,0.015602887313251212
2021-02-15,NIFTY 50,15270.30,15340.15,15243.40,15314.7,0.0099351168282398,0.015384761948492996
2021-02-16,NIFTY 50,15371.45,15431.75,15242.20,15313.45,-8.162425746866536e-05,0.015072643691663907
2021-02-17,NIFTY 50,15279.90,15314.30,15170.75,15208.9,-0.006850744382448808,0.014907509469092377
2021-02-18,NIFTY 50,15238.70,15250.75,15078.05,15118.95,-0.005931858918806256,0.014942223512436455
2021-02-19,NIFTY 50,15074.80,15144.05,14898.20,14981.75,-0.009116130199794164,0.015091225687471975
2021-02-22,NIFTY 50,14999.05,15010.10,14635.05,14675.7,-0.020639728948870298,0.015455787070852644
2021-02-23,NIFTY 50,14782.25,14854.50,14651.85,14707.8,0.0021849005577883308,0.015263423792938536
2021-02-24,NIFTY 50,14729.15,15008.80,14723.05,14982.0,0.0184715152210019,0.01487490340872179
2021-02-25,NIFTY 50,15079.85,15176.50,15065.35,15097.35,0.007669751205100037,0.01450918083140936
2021-02-26,NIFTY 50,14888.60,14919.45,14467.75,14529.15,-0.03836225551565555,0.01698951140744249
2021-03-01,NIFTY 50,14702.50,14806.80,14638.55,14761.55,0.015868850993789412,0.014023397178851022
2021-03-02,NIFTY 50,14865.30,14959.10,14760.80,14919.1,0.010616444031444284,0.013067541220095756
2021-03-03,NIFTY 50,15064.40,15273.15,14995.80,15245.6,0.02164866559165988,0.013747170868898487
2021-03-04,NIFTY 50,15026.75,15202.35,14980.20,15080.75,-0.010871840740940207,0.013948405076483681
2021-03-05,NIFTY 50,14977.95,15092.35,14862.10,14938.1,-0.009504099842029849,0.014125068260758395
2021-03-08,NIFTY 50,15002.45,15111.15,14919.90,14956.2,0.0012109333359041415,0.01381087787777517
2021-03-09,NIFTY 50,15049.90,15126.85,14925.45,15098.4,0.009462848356829118,0.01399066340490884
2021-03-10,NIFTY 50,15202.15,15218.45,15100.85,15174.8,0.0050473793452542595,0.014036577860424922
2021-03-12,NIFTY 50,15321.15,15336.30,14953.60,15030.95,-0.009524748600142347,0.014163171964460146
2021-03-15,NIFTY 50,15048.40,15048.40,14745.85,14929.5,-0.006772287314813522,0.014233230363298146
2021-03-16,NIFTY 50,14996.10,15051.60,14890.65,14910.45,-0.0012768119643645321,0.014008133541600224
2021-03-17,NIFTY 50,14946.55,14956.55,14696.05,14721.3,-0.012766884789164224,0.014233642604294655
2021-03-18,NIFTY 50,14855.50,14875.20,14478.60,14557.85,-0.011165057588712252,0.014343742871254964
2021-03-19,NIFTY 50,14471.15,14788.25,14350.10,14744.0,0.01270585333767231,0.014688951344685546
2021-03-22,NIFTY 50,14736.30,14763.90,14597.85,14736.4,-0.0005155968147220087,0.014572147832446532
2021-03-23,NIFTY 50,14768.55,14878.60,14707.00,14814.75,0.005302682541282359,0.013852433765192478
2021-03-24,NIFTY 50,14712.45,14752.35,14535.00,14549.4,-0.018073550440256294,0.01444840531104433
2021-03-25,NIFTY 50,14570.90,14575.60,14264.40,14324.9,-0.015550473880181296,0.014090455443981655
2021-03-26,NIFTY 50,14506.30,14572.90,14414.25,14507.3,0.012652689241181039,0.014317178330866338
2021-03-30,NIFTY 50,14628.50,14876.30,14617.60,14845.1,0.023017873453048527,0.012584744128209579
2021-03-31,NIFTY 50,14811.85,14813.75,14670.25,14690.7,-0.010455203953802781,0.012330137591929776
2021-04-01,NIFTY 50,14798.40,14883.20,14692.45,14867.35,0.011952892913079521,0.012395521301808847
2021-04-05,NIFTY 50,14837.70,14849.85,14459.50,14637.8,-0.015560309410181656,0.011721850921052102
2021-04-06,NIFTY 50,14737.00,14779.10,14573.90,14683.5,0.0031171903704882375,0.011583295297106746
2021-04-07,NIFTY 50,14716.45,14879.80,14649.85,14819.05,0.009189100861723375,0.01164343647579709
2021-04-08,NIFTY 50,14875.65,14984.15,14821.10,14873.8,0.0036877606594222893,0.01167460347683918
2021-04-09,NIFTY 50,14882.65,14918.45,14785.65,14834.85,-0.002622133440394992,0.01145467537750999
2021-04-12,NIFTY 50,14644.65,14652.50,14248.70,14310.8,-0.03596464550090766,0.013773815490142005
2021-04-13,NIFTY 50,14364.90,14528.90,14274.90,14504.8,0.01346513216216128,0.014148785674939837
2021-04-15,NIFTY 50,14522.40,14597.55,14353.20,14581.45,0.005270543809252156,0.014181434496728491
2021-04-16,NIFTY 50,14599.60,14697.70,14559.00,14617.85,0.0024932117451798913,0.014205108226635557
2021-04-19,NIFTY 50,14306.60,14382.30,14191.40,14359.45,-0.017835122632966233,0.014468997878983153
2021-04-20,NIFTY 50,14526.70,14526.95,14207.30,14296.4,-0.004400504730724992,0.014302997693974974
2021-04-22,NIFTY 50,14219.15,14424.75,14151.40,14406.15,0.007647441420956932,0.01409280747840442
2021-04-23,NIFTY 50,14326.35,14461.15,14273.30,14341.35,-0.004508225741375628,0.014111479300773711
2021-04-26,NIFTY 50,14449.45,14557.50,14421.30,14485.0,0.009966658221529558,0.014265056751069208
2021-04-27,NIFTY 50,14493.80,14667.55,14484.85,14653.05,0.011534873699277236,0.013946438490735177
2021-04-28,NIFTY 50,14710.50,14890.25,14694.95,14864.55,0.014330678619181423,0.013752042627332423
2021-04-29,NIFTY 50,14979.00,15044.35,14814.45,14894.9,0.002039688940633703,0.013515954743781183
2021-04-30,NIFTY 50,14747.35,14855.45,14601.70,14631.1,-0.017869472304921995,0.01314825117801055
2021-05-03,NIFTY 50,14481.05,14673.85,14416.25,14634.15,0.00020843833632333135,0.012947635930575132
2021-05-04,NIFTY 50,14687.25,14723.40,14461.50,14496.5,-0.009450597532297881,0.012774287537464976
2021-05-05,NIFTY 50,14604.15,14637.90,14506.60,14617.85,0.00833614370438461,0.012480817277699419
2021-05-06,NIFTY 50,14668.35,14743.90,14611.50,14724.8,0.00728976241856127,0.012571411830216829
2021-05-07,NIFTY 50,14816.85,14863.05,14765.50,14823.15,0.00665700078709295,0.012487960981888362
2021-05-10,NIFTY 50,14928.25,14966.90,14892.50,14942.35,0.008009315295494882,0.012591832007943312
2021-05-11,NIFTY 50,14789.70,14900.00,14771.40,14850.75,-0.006149094161166533,0.012658398498162738
2021-05-12,NIFTY 50,14823.55,14824.05,14649.70,14696.5,-0.0104409988264523,0.009799886521700312
2021-05-14,NIFTY 50,14749.40,14749.65,14591.90,14677.8,-0.0012732220019680827,0.009384658709931288
2021-05-17,NIFTY 50,14756.25,14938.00,14725.35,14923.15,0.016577550301561973,0.010001585430360184
2021-05-18,NIFTY 50,15067.20,15137.25,15043.70,15108.1,0.012317325341082912,0.010307179763877804
2021-05-19,NIFTY 50,15058.60,15133.40,15008.85,15030.15,-0.005172840083098081,0.009395971318866596
2021-05-20,NIFTY 50,15042.60,15069.80,14884.90,14906.05,-0.00829101294717533,0.009580080908671896
2021-05-21,NIFTY 50,14987.80,15190.00,14985.85,15175.3,0.017901935299818986,0.010150698923497256
2021-05-24,NIFTY 50,15211.35,15256.25,15145.45,15197.7,0.0014749945057214828,0.01001745208948164
2021-05-25,NIFTY 50,15291.75,15293.85,15163.40,15208.45,0.0007070938246309187,0.009886777782963967
2021-05-26,NIFTY 50,15257.05,15319.90,15194.95,15301.45,0.006096400711710557,0.009696333698675978
2021-05-27,NIFTY 50,15323.95,15384.55,15272.50,15337.85,0.0023760345128514245,0.009265819737195279
2021-05-28,NIFTY 50,15421.20,15469.65,15394.75,15435.65,0.006356139487801307,0.009327468795325231
2021-05-31,NIFTY 50,15437.75,15606.35,15374.00,15582.8,0.00948797273161881,0.008235848476790968
2021-06-01,NIFTY 50,15629.65,15660.75,15528.30,15574.85,-0.0005103080734601435,0.008250918166372878
2021-06-02,NIFTY 50,15520.35,15597.45,15459.85,15576.2,8.667444601998165e-05,0.007746660685094429
2021-06-03,NIFTY 50,15655.55,15705.10,15611.00,15690.35,0.00730176544363814,0.00771671433634791
2021-06-04,NIFTY 50,15712.50,15733.60,15622.35,15670.25,-0.0012818634051846062,0.0077355095989603655
2021-06-07,NIFTY 50,15725.10,15773.45,15678.10,15751.65,0.005181111396264527,0.007706893690509543
2021-06-08,NIFTY 50,15773.90,15778.80,15680.00,15740.1,-0.0007335254800309069,0.0076578551617573105
2021-06-09,NIFTY 50,15766.30,15800.45,15566.90,15635.35,-0.0066772198768095935,0.007690455543381963
2021-06-10,NIFTY 50,15692.10,15751.25,15648.50,15737.75,0.0065279085353827145,0.007091723234521913
2021-06-11,NIFTY 50,15796.45,15835.55,15749.80,15799.35,0.003906515078371861,0.007005260062074894
2021-06-14,NIFTY 50,15791.40,15823.05,15606.50,15811.85,0.0007908589772940088,0.00633283257251687
2021-06-15,NIFTY 50,15866.95,15901.60,15842.40,15869.25,0.0036236155189037843,0.0059379034720288245
2021-06-16,NIFTY 50,15847.50,15880.85,15742.60,15767.55,-0.006429243811976895,0.0060288287082097495
2021-06-17,NIFTY 50,15648.30,15769.35,15616.75,15691.4,-0.004841239057948083,0.005749908031310564
2021-06-18,NIFTY 50,15756.50,15761.50,15450.90,15683.35,-0.0005131515104754852,0.0045046705426305235
2021-06-21,NIFTY 50,15525.85,15765.15,15505.65,15746.5,0.0040184782924328364,0.004535371758924483
2021-06-22,NIFTY 50,15840.50,15895.75,15752.10,15772.75,0.0016656491552922152,0.004528566788361579
2021-06-23,NIFTY 50,15862.80,15862.95,15673.95,15686.95,-0.005454610993256628,0.004688446716497568
2021-06-24,NIFTY 50,15737.30,15821.40,15702.70,15790.45,0.0065761703950533955,0.004833637323743325
2021-06-25,NIFTY 50,15839.35,15870.80,15772.30,15860.35,0.004416957147551428,0.004748835851762154
2021-06-28,NIFTY 50,15915.35,15915.65,15792.15,15814.7,-0.0028823968142633397,0.0044289060885279565
2021-06-29,NIFTY 50,15807.50,15835.90,15724.05,15748.45,-0.004197939514398237,0.004558501294588263
2021-06-30,NIFTY 50,15776.90,15839.10,15708.75,15721.5,-0.0017127454341774183,0.004585890290314797
2021-07-01,NIFTY 50,15755.05,15755.55,15667.05,15680.0,-0.0026431873739428875,0.0043379412054025054
2021-07-02,NIFTY 50,15705.85,15738.35,15635.95,15722.2,0.0026877113962504966,0.004368497408544633
2021-07-05,NIFTY 50,15793.40,15845.95,15762.05,15834.35,0.007107904518881885,0.0045040722715253955
2021-07-06,NIFTY 50,15813.75,15914.20,15801.00,15818.25,-0.0010172940856974727,0.004507818182722394
2021-07-07,NIFTY 50,15819.60,15893.55,15779.70,15879.65,0.0038740785221350028,0.004265646187136331
2021-07-08,NIFTY 50,15855.40,15885.75,15682.90,15727.9,-0.009602209976720955,0.004630033644682251
2021-07-09,NIFTY 50,15688.25,15730.85,15632.75,15689.8,-0.002425385606006873,0.004562591478922146
2021-07-12,NIFTY 50,15766.80,15789.20,15644.75,15692.6,0.00017844396906752612,0.004556597840001538
2021-07-13,NIFTY 50,15794.00,15820.80,15744.60,15812.35,0.007602016616565908,0.004819748759351629
2021-07-14,NIFTY 50,15808.70,15877.35,15764.20,15853.95,0.0026274003550276126,0.004623109239213586
2021-07-15,NIFTY 50,15872.15,15952.35,15855.00,15924.2,0.004421284085811662,0.004547112661708518
2021-07-16,NIFTY 50,15958.35,15962.25,15882.60,15923.4,-5.023926450783297e-05,0.004541592485896118
2021-07-19,NIFTY 50,15754.50,15836.90,15707.50,15752.4,-0.010796990837843464,0.005149613910203342
2021-07-20,NIFTY 50,15703.95,15728.45,15578.55,15632.1,-0.007666242201175643,0.005408785277810762
2021-07-22,NIFTY 50,15736.60,15834.80,15726.40,15824.05,0.012204442218645537,0.0059615673758801535
2021-07-23,NIFTY 50,15856.80,15899.80,15768.40,15856.05,0.002020196330389148,0.005799397721324954
2021-07-26,NIFTY 50,15849.30,15893.35,15797.00,15824.45,-0.0019949186710989724,0.005731262767222665
2021-07-27,NIFTY 50,15860.50,15881.55,15701.00,15746.45,-0.004941269251421819,0.0058016763121871125
2021-07-28,NIFTY 50,15761.55,15767.50,15513.45,15709.4,-0.002355683736621079,0.005749522324892205
2021-07-29,NIFTY 50,15762.70,15817.35,15737.80,15778.45,0.004385825687307919,0.005822097465551848
2021-07-30,NIFTY 50,15800.60,15862.80,15744.85,15763.05,-0.0009764913668472192,0.005791396084124669
2021-08-02,NIFTY 50,15874.90,15892.90,15834.65,15885.15,0.007716116923125624,0.0060072729314318025
2021-08-03,NIFTY 50,15951.55,16146.90,15914.35,16130.75,0.015342677718794513,0.006722520087354148
2021-08-04,NIFTY 50,16195.25,16290.20,16176.15,16258.8,0.007906912391925616,0.006880961287528233
2021-08-05,NIFTY 50,16288.95,16349.45,16210.30,16294.6,0.0021994639228035033,0.006859085550828553
2021-08-06,NIFTY 50,16304.40,16336.75,16223.30,16238.2,-0.0034672734288667254,0.006472640518798856
2021-08-09,NIFTY 50,16281.35,16320.75,16179.05,16258.25,0.001233981099116492,0.006404326801028421
2021-08-10,NIFTY 50,16274.80,16359.25,16202.25,16280.1,0.001343030810369638,0.0063942901584937645
2021-08-11,NIFTY 50,16327.30,16338.75,16162.55,16282.25,0.00013205435130599847,0.006256550373858217
2021-08-12,NIFTY 50,16303.65,16375.50,16286.90,16364.4,0.005032686256673825,0.006303030814229453
2021-08-13,NIFTY 50,16385.70,16543.60,16376.30,16529.1,0.01001422022003885,0.006554567664718339
2021-08-16,NIFTY 50,16518.40,16589.40,16480.75,16563.05,0.0020518468525620097,0.006539090146691534
2021-08-17,NIFTY 50,16545.25,16628.55,16495.40,16614.6,0.003107516143149264,0.005808735955361793
2021-08-18,NIFTY 50,16691.95,16701.85,16535.85,16568.85,-0.002757400390098923,0.005441339005051734
2021-08-20,NIFTY 50,16382.50,16509.55,16376.05,16450.5,-0.007168554609066652,0.00542400215142302
2021-08-23,NIFTY 50,16592.25,16592.50,16395.70,16496.45,0.0027893343567396453,0.005427317007742766
2021-08-24,NIFTY 50,16561.40,16647.10,16495.30,16624.6,0.0077383198591159386,0.00548820202253641
2021-08-25,NIFTY 50,16654.00,16712.45,16617.50,16634.65,0.0006043431710507372,0.0052281789570726295
2021-08-26,NIFTY 50,16627.95,16683.70,16603.40,16636.9,0.00013525068735473022,0.005129037931809555
2021-08-27,NIFTY 50,16642.55,16722.05,16565.60,16705.2,0.004096928239887572,0.005124944057518815
2021-08-30,NIFTY 50,16775.85,16951.50,16764.85,16931.05,0.013429166104186735,0.005552754469396521
2021-08-31,NIFTY 50,16947.50,17153.50,16915.85,17132.2,0.011810519440649946,0.005784158133310955
2021-09-01,NIFTY 50,17185.60,17225.75,17055.05,17076.25,-0.0032711245256615783,0.005303057156682598
2021-09-02,NIFTY 50,17095.40,17245.50,17059.70,17234.15,0.009204271285332572,0.005375632954609569
2021-09-03,NIFTY 50,17262.45,17340.10,17212.20,17323.6,0.005176853225117625,0.005396023105586687
2021-09-06,NIFTY 50,17399.35,17429.55,17345.55,17377.8,0.003123795816542275,0.005172941726708234
2021-09-07,NIFTY 50,17401.55,17436.50,17287.00,17362.1,-0.0009038598884199581,0.00524150075668998
2021-09-08,NIFTY 50,17375.75,17383.40,17254.20,17353.5,-0.0004954545032160359,0.005293207553724725
2021-09-09,NIFTY 50,17312.85,17379.65,17302.70,17369.25,0.0009071862729865194,0.005272416366635772
2021-09-13,NIFTY 50,17363.55,17378.35,17269.15,17355.3,-0.0008034661788540212,0.005328672854397654
2021-09-14,NIFTY 50,17420.35,17438.55,17367.05,17380.0,0.0014221845881971984,0.005068268127595149
2021-09-15,NIFTY 50,17387.65,17532.70,17386.90,17519.45,0.007991572484174538,0.005212003364286734
2021-09-16,NIFTY 50,17539.20,17644.60,17510.45,17629.5,0.006261942937460994,0.005268996851533137
2021-09-17,NIFTY 50,17709.65,17792.95,17537.65,17585.15,-0.0025188393721590984,0.00525561457418438
2021-09-20,NIFTY 50,17443.85,17622.75,17361.80,17396.9,-0.010762766458321043,0.005666186553458309
2021-09-21,NIFTY 50,17450.50,17578.35,17326.10,17562.0,0.00944544750940251,0.005857954071196912
2021-09-22,NIFTY 50,17580.90,17610.45,17524.00,17546.65,-0.0008744284373270665,0.0058177591027440325
2021-09-23,NIFTY 50,17670.85,17843.90,17646.55,17822.95,0.015623904173446654,0.006466378698340966
2021-09-24,NIFTY 50,17897.45,17947.65,17819.40,17853.2,0.0016958111931557232,0.006433608330631356
2021-09-27,NIFTY 50,17932.20,17943.50,17802.90,17855.1,0.00010641783572961581,0.006476769017798567
2021-09-28,NIFTY 50,17906.45,17912.85,17576.10,17748.6,-0.005982542131478065,0.0063364104410152935
2021-09-29,NIFTY 50,17657.95,17781.75,17608.15,17711.3,-0.0021037856145795374,0.005998794960292027
2021-09-30,NIFTY 50,17718.90,17742.15,17585.35,17618.15,-0.005273233285638534,0.006101282110315079
2021-10-01,NIFTY 50,17531.90,17557.15,17452.90,17532.05,-0.004898986190713282,0.00598543666553604
2021-10-04,NIFTY 50,17615.55,17750.90,17581.35,17691.25,0.009039532585512345,0.0061909575403729655
2021-10-05,NIFTY 50,17661.35,17833.45,17640.90,17822.3,0.0073803151105359625,0.006337429863006556
2021-10-06,NIFTY 50,17861.50,17884.60,17613.15,17646.0,-0.009941353376534637,0.006805002078293914
2021-10-07,NIFTY 50,17810.55,17857.55,17763.80,17790.35,0.008147046658443456,0.006989577186791869
2021-10-08,NIFTY 50,17886.85,17941.85,17840.35,17895.2,0.005876345003409079,0.007064921163129133
2021-10-11,NIFTY 50,17867.55,18041.95,17839.10,17945.95,0.002831942274032983,0.0070495158809733595
2021-10-12,NIFTY 50,17915.80,18008.65,17864.95,17991.95,0.002559972904460075,0.007051973037555621
2021-10-13,NIFTY 50,18097.85,18197.80,18050.75,18161.75,0.009393298528785267,0.0071240739318394475
2021-10-14,NIFTY 50,18272.85,18350.75,18248.70,18338.55,0.009687667374482732,0.007276543681428012
2021-10-18,NIFTY 50,18500.10,18543.15,18445.30,18477.05,0.007524019892830094,0.007296849628523364
2021-10-19,NIFTY 50,18602.35,18604.45,18377.70,18418.75,-0.0031602539324889403,0.006748423920190294
2021-10-20,NIFTY 50,18439.90,18458.30,18209.35,18266.6,-0.00829491185970416,0.006997718588479033
2021-10-21,NIFTY 50,18382.70,18384.20,18048.00,18178.1,-0.00485668280747376,0.007138066871674423
2021-10-22,NIFTY 50,18230.70,18314.25,18034.35,18114.9,-0.0034827687919410082,0.0064294092276125136
2021-10-25,NIFTY 50,18229.50,18241.40,17968.50,18125.4,0.000579465417990845,0.00642618112224774
2021-10-26,NIFTY 50,18154.50,18310.45,18099.30,18268.4,0.007858521832249608,0.006615891779870177
2021-10-27,NIFTY 50,18295.85,18342.05,18167.90,18210.95,-0.003149729778398594,0.006484299684838662
2021-10-28,NIFTY 50,18187.65,18190.70,17799.45,17857.25,-0.01961347328760292,0.007976407051777124
2021-10-29,NIFTY 50,17833.05,17915.85,17613.10,17671.65,-0.010447927649083697,0.008249715732273856
2021-11-01,NIFTY 50,17783.15,17954.10,17697.10,17929.65,0.014494106489669145,0.008749414342982592
2021-11-02,NIFTY 50,17970.90,18012.25,17847.60,17888.95,-0.0022725632780962878,0.008574483318378668
2021-11-03,NIFTY 50,17947.95,17988.75,17757.95,17829.2,-0.0033456411226991806,0.008459828511559263
2021-11-04,NIFTY 50,17935.05,17947.55,17900.60,17916.8,0.004901257503659256,0.008186662468902916
2021-11-08,NIFTY 50,18040.20,18087.80,17836.10,18068.55,0.00843403771450868,0.008200528966942702
2021-11-09,NIFTY 50,18084.35,18112.60,17983.05,18044.25,-0.0013457834157164536,0.00812275207506757
2021-11-10,NIFTY 50,17973.45,18061.25,17915.00,18017.2,-0.001500217272092116,0.00811265623261757
2021-11-11,NIFTY 50,17967.45,17971.35,17798.20,17873.6,-0.008002093364690321,0.008292596297987523
2021-11-12,NIFTY 50,17977.60,18123.00,17905.90,18102.75,0.012739096598234837,0.0085294376856595
2021-11-15,NIFTY 50,18140.95,18210.15,18071.30,18109.45,0.0003700410401166087,0.008211635271027801
2021-11-16,NIFTY 50,18127.05,18132.65,17958.80,17999.2,-0.006106589008761365,0.008063701258071787
2021-11-17,NIFTY 50,17939.35,18022.65,17879.25,17898.65,-0.005602021455896025,0.008111530661505694
2021-11-18,NIFTY 50,17890.55,17945.60,17688.50,17764.8,-0.007506319690276539,0.00807826413121864
2021-11-22,NIFTY 50,17796.25,17805.25,17280.45,17416.55,-0.019798067728082253,0.009048125401336045
2021-11-23,NIFTY 50,17281.75,17553.70,17216.10,17503.35,0.004971387591004055,0.009178622886762217
2021-11-24,NIFTY 50,17550.05,17600.60,17354.00,17415.05,-0.005057516278800545,0.009190929008693694
2021-11-25,NIFTY 50,17417.30,17564.35,17351.70,17536.25,0.0069353921488597555,0.009141001930136445
2021-11-26,NIFTY 50,17338.75,17355.40,16985.70,17026.45,-0.029502149772621358,0.011015648289939534
2021-11-29,NIFTY 50,17055.80,17160.70,16782.40,17053.95,0.001613831173843718,0.010371256234334197
2021-11-30,NIFTY 50,17051.15,17324.65,16931.40,16983.2,-0.004157228316412426,0.010205250297571541
2021-12-01,NIFTY 50,17104.40,17213.05,17064.25,17166.9,0.010758491006561958,0.00991787215449299
2021-12-02,NIFTY 50,17183.20,17420.35,17149.30,17401.65,0.01358191816862196,0.010524605113875915
2021-12-03,NIFTY 50,17424.90,17489.80,17180.80,17196.7,-0.011847524364121427,0.010776814078293255
2021-12-06,NIFTY 50,17209.05,17216.75,16891.70,16912.25,-0.016679293525066932,0.011144023971438072
2021-12-07,NIFTY 50,17044.10,17251.65,16987.75,17176.7,0.015515602865605863,0.01162472571067556
2021-12-08,NIFTY 50,17315.25,17484.60,17308.95,17469.75,0.01691699951017999,0.012413262107952036
2021-12-09,NIFTY 50,17524.40,17543.25,17379.60,17516.85,0.0026924610252884998,0.01245069888799045
2021-12-10,NIFTY 50,17476.05,17534.35,17405.25,17511.3,-0.0003168879913123273,0.012354705571371477
2021-12-13,NIFTY 50,17619.10,17639.50,17355.95,17368.25,-0.008202560070672313,0.012009471901463497
2021-12-14,NIFTY 50,17283.20,17376.20,17225.80,17324.9,-0.0024990537072034653,0.011995906857650823
2021-12-15,NIFTY 50,17323.65,17351.20,17192.20,17221.4,-0.005991976545675948,0.011993976889347904
2021-12-16,NIFTY 50,17373.00,17379.35,17184.95,17248.4,0.0015665890444361708,0.011994347898580855
2021-12-17,NIFTY 50,17276.00,17298.15,16966.45,16985.2,-0.015377008913403054,0.012314534055320216
2021-12-20,NIFTY 50,16824.25,16840.10,16410.20,16614.2,-0.02208462525426377,0.012495371162010003
2021-12-21,NIFTY 50,16773.15,16936.40,16688.25,16770.85,0.009384508914368171,0.012669370256671308
2021-12-22,NIFTY 50,16865.55,16971.00,16819.50,16955.45,0.010947055769810723,0.012976938551135058
2021-12-23,NIFTY 50,17066.80,17118.65,17015.55,17072.6,0.006885523140111989,0.012975270025372698
2021-12-24,NIFTY 50,17149.50,17155.60,16909.60,17003.75,-0.004040931243418335,0.01119341390900568
2021-12-27,NIFTY 50,16937.75,17112.05,16833.20,17086.25,0.004840138519222991,0.011242050396821666
2021-12-28,NIFTY 50,17177.60,17250.25,17161.15,17233.25,0.008566610759914585,0.011348294821219816
2021-12-29,NIFTY 50,17220.10,17285.95,17176.65,17213.6,-0.0011408881875360657,0.01110419793611167
2021-12-30,NIFTY 50,17201.45,17264.05,17146.35,17203.95,-0.0005607604406977799,0.0106436249500795
2021-12-31,NIFTY 50,17244.50,17400.80,17238.50,17354.05,0.008686899930872365,0.010487903390321494
2022-01-03,NIFTY 50,17387.15,17646.65,17383.30,17625.7,0.015532155674438485,0.010187083926035822
2022-01-04,NIFTY 50,17681.40,17827.60,17593.55,17805.25,0.01013529340916908,0.00987962047160487
2022-01-05,NIFTY 50,17820.10,17944.70,17748.85,17925.25,0.006716975758933995,0.009304555756979032
2022-01-06,NIFTY 50,17768.50,17797.95,17655.55,17745.9,-0.010055830065243644,0.009634035918038963
2022-01-07,NIFTY 50,17797.60,17905.00,17704.55,17812.7,0.003757182711433793,0.009655572964850633
2022-01-10,NIFTY 50,17913.30,18017.45,17879.15,18003.3,0.01064338838998579,0.009644883447010661
2022-01-11,NIFTY 50,17997.75,18081.25,17964.40,18055.75,0.0029091191803581893,0.009593818245699352
2022-01-12,NIFTY 50,18170.40,18227.95,18128.80,18212.35,0.00863574177947351,0.009504343836722013
2022-01-13,NIFTY 50,18257.00,18272.25,18163.80,18257.8,0.0024924505947533245,0.00950028753261534
2022-01-14,NIFTY 50,18185.00,18286.95,18119.65,18255.75,-0.00011228708258463262,0.008522256824772381
2022-01-17,NIFTY 50,18235.65,18321.55,18228.75,18308.1,0.0028634859715560308,0.00602331802734265
2022-01-18,NIFTY 50,18337.20,18350.95,18085.90,18113.05,-0.010710911914286183,0.006847543696013358
2022-01-19,NIFTY 50,18129.20,18129.20,17884.90,17938.4,-0.009689006478082284,0.007263870929629576
2022-01-20,NIFTY 50,17921.00,17943.70,17648.45,17757.0,-0.010163862100486327,0.007745806630565749
2022-01-21,NIFTY 50,17613.70,17707.60,17485.85,17617.15,-0.007906944964905686,0.007949152853009286
2022-01-24,NIFTY 50,17575.15,17599.40,16997.85,17149.1,-0.026927165310979384,0.010167954810396243
2022-01-25,NIFTY 50,17001.55,17309.15,16836.80,17277.95,0.007485427978237365,0.010123818012911191
2022-01-27,NIFTY 50,17062.00,17182.50,16866.75,17110.15,-0.009759267410336796,0.0103613719482549
2022-01-28,NIFTY 50,17208.30,17373.50,17077.10,17101.95,-0.0004793625738860481,0.01036128069510815
2022-01-31,NIFTY 50,17301.05,17410.00,17264.15,17339.85,0.01381482870112138,0.010654597291625788
2022-02-01,NIFTY 50,17529.45,17622.40,17244.55,17576.85,0.013575374518897244,0.010512097616275197
2022-02-02,NIFTY 50,17706.20,17794.60,17674.80,17780.0,0.011491534770912802,0.010585977233978774
2022-02-03,NIFTY 50,17767.75,17781.15,17511.15,17560.2,-0.012439252422007897,0.010803863919979098
2022-02-04,NIFTY 50,17590.20,17617.80,17462.55,17516.3,-0.002503101673277095,0.010601836132286782
2022-02-07,NIFTY 50,17456.30,17536.75,17119.40,17213.6,-0.017432106933369305,0.011181041911520221
2022-02-08,NIFTY 50,17279.85,17306.45,17043.65,17266.75,0.003082917783403323,0.010864711290020231
2022-02-09,NIFTY 50,17370.10,17477.15,17339.00,17463.8,0.01134748021146286,0.011226819771730775
2022-02-10,NIFTY 50,17554.10,17639.45,17427.15,17605.85,0.008101066127662239,0.01120160424303593
2022-02-11,NIFTY 50,17451.00,17454.75,17303.00,17374.75,-0.013213230321500876,0.011440678661904501
2022-02-14,NIFTY 50,17076.15,17099.50,16809.65,16842.8,-0.031094737081558063,0.01308308330673305
2022-02-15,NIFTY 50,16933.25,17375.00,16839.25,17352.45,0.029810441021687707,0.015067228932167123
2022-02-16,NIFTY 50,17408.45,17490.60,17257.70,17322.2,-0.0017447909452098886,0.014948639660922665
2022-02-17,NIFTY 50,17396.55,17442.90,17235.85,17304.6,-0.0010165537396252585,0.014846384952559097
2022-02-18,NIFTY 50,17236.05,17380.80,17219.20,17276.3,-0.0016367420349265715,0.014715370022378703
2022-02-21,NIFTY 50,17192.25,17351.05,17070.70,17206.65,-0.004039683073425889,0.014650247065909564
2022-02-22,NIFTY 50,16847.95,17148.55,16843.80,17092.2,-0.006673717910992999,0.013425569890922678
2022-02-23,NIFTY 50,17194.50,17220.70,17027.85,17063.25,-0.0016951910709848976,0.013306605616587815
2022-02-24,NIFTY 50,16548.90,16705.25,16203.25,16247.95,-0.04896028105156906,0.01707608644650854
2022-02-25,NIFTY 50,16515.65,16748.80,16478.30,16658.4,0.024947846739819746,0.018153688356054992
2022-02-28,NIFTY 50,16481.60,16815.90,16356.30,16793.9,0.008101131524734604,0.01794685685050172
2022-03-02,NIFTY 50,16593.10,16678.50,16478.65,16605.95,-0.011254660360669237,0.01769897195494228
2022-03-03,NIFTY 50,16723.20,16768.95,16442.95,16498.05,-0.006518872771080209,0.01738677972764661
2022-03-04,NIFTY 50,16339.45,16456.00,16133.80,16245.35,-0.015435478124563093,0.017478333692695847
2022-03-07,NIFTY 50,15867.95,15944.60,15711.45,15863.15,-0.02380790463144289,0.018029793057243913
2022-03-08,NIFTY 50,15747.75,16028.75,15671.45,16013.45,0.009430184764144683,0.0180520597281456
2022-03-09,NIFTY 50,16078.00,16418.05,15990.00,16345.35,0.020514459110673795,0.01879779545732673
2022-03-10,NIFTY 50,16757.10,16757.30,16447.90,16594.9,0.015151966019218735,0.018966371538150124
2022-03-11,NIFTY 50,16528.80,16694.40,16470.90,16630.45,0.002139933127338912,0.018836546967138556
2022-03-14,NIFTY 50,16633.70,16887.95,16606.50,16871.3,0.014378601088806696,0.01904682023525924
2022-03-15,NIFTY 50,16900.65,16927.75,16555.00,16663.0,-0.012423260902022252,0.01794402275108604
2022-03-16,NIFTY 50,16876.65,16987.90,16837.85,16975.35,0.018571599232414908,0.017099761854298682
2022-03-17,NIFTY 50,17202.90,17344.60,17175.75,17287.05,0.018195374494415762,0.01763309309028927
2022-03-21,NIFTY 50,17329.50,17353.35,17096.40,17117.6,-0.009850492312713139,0.0177673502556832
2022-03-22,NIFTY 50,17120.40,17334.40,17006.30,17315.5,0.011494880163363386,0.01796633561331938
2022-03-23,NIFTY 50,17405.05,17442.40,17199.60,17245.65,-0.004042116370829646,0.01796636522513301
2022-03-24,NIFTY 50,17094.95,17291.75,17091.15,17222.75,-0.001328753488373596,0.01789972633008591
2022-03-25,NIFTY 50,17289.00,17294.90,17076.55,17153.0,-0.004058098847076208,0.01792193173662748
2022-03-28,NIFTY 50,17181.85,17235.10,17003.90,17222.0,0.004014550846285441,0.013675981755347533
2022-03-29,NIFTY 50,17297.20,17343.65,17235.70,17325.3,0.005980224669388954,0.012689464632979664
2022-03-30,NIFTY 50,17468.15,17522.50,17387.20,17498.25,0.00993301498577251,0.012742605006193695
2022-03-31,NIFTY 50,17519.20,17559.80,17435.20,17464.75,-0.001916312115762529,0.012395634959513605
2022-04-01,NIFTY 50,17436.90,17703.70,17422.70,17670.45,0.011709189086995933,0.012366056223816072
2022-04-04,NIFTY 50,17809.10,18114.65,17791.40,18053.4,0.02144027979090949,0.01215199850777037
2022-04-05,NIFTY 50,18080.60,18095.45,17921.55,17957.4,-0.005331746443847561,0.010400706250550331
2022-04-06,NIFTY 50,17842.75,17901.00,17779.85,17807.65,-0.008374145995435539,0.010861441307566671
2022-04-07,NIFTY 50,17723.30,17787.50,17623.70,17639.55,-0.009484600202821923,0.010721724422144894
2022-04-08,NIFTY 50,17698.15,17842.75,17600.55,17784.35,0.00817531703084775,0.010443165218212466
2022-04-11,NIFTY 50,17740.90,17779.05,17650.95,17674.95,-0.0061704741556992595,0.010661549423229258
2022-04-12,NIFTY 50,17584.85,17595.30,17442.35,17530.3,-0.008217570617932296,0.010594435392754897
2022-04-13,NIFTY 50,17599.90,17663.65,17457.40,17475.65,-0.003122328883991324,0.010125650268929897
2022-04-18,NIFTY 50,17183.45,17237.75,17067.85,17173.65,-0.017432251023419793,0.010294747437462755
2022-04-19,NIFTY 50,17258.95,17275.65,16824.70,16958.65,-0.012598204259997624,0.009813119638266485
2022-04-20,NIFTY 50,17045.25,17186.90,16978.95,17136.55,0.010435581223143465,0.009893777673311175
2022-04-21,NIFTY 50,17234.60,17414.70,17215.50,17392.6,0.014831219041721086,0.01012229686444174
2022-04-22,NIFTY 50,17242.75,17315.30,17149.20,17171.95,-0.01276758976251808,0.010496865353114103
2022-04-25,NIFTY 50,17009.05,17054.30,16888.70,16953.95,-0.012776393616003143,0.010866450075269566
2022-04-26,NIFTY 50,17121.30,17223.85,17064.45,17200.8,0.014455049340358107,0.0113508178932612
2022-04-27,NIFTY 50,17073.35,17110.70,16958.45,17038.4,-0.00948627408669976,0.011508569931645674
2022-04-28,NIFTY 50,17189.50,17322.50,17071.05,17245.05,0.012055525496746364,0.01176689181471155
2022-04-29,NIFTY 50,17329.25,17377.65,17053.25,17102.55,-0.008297570577797668,0.011643471975585662
2022-05-02,NIFTY 50,16924.45,17092.25,16917.25,17069.1,-0.001957763858873641,0.011643620437027819
2022-05-04,NIFTY 50,17096.60,17132.85,16623.95,16677.6,-0.023203309652967317,0.012217862797483128
2022-05-05,NIFTY 50,16854.75,16945.70,16651.85,16682.65,0.000302755527226413,0.010838724627966412
2022-05-06,NIFTY 50,16415.55,16484.20,16340.90,16411.25,-0.016402181947133422,0.011190080098567031
2022-05-09,NIFTY 50,16227.70,16403.70,16142.10,16301.85,-0.006688476961240644,0.011165699933871584
2022-05-10,NIFTY 50,16248.90,16404.55,16197.30,16240.05,-0.003798184758416227,0.011102098582218596
2022-05-11,NIFTY 50,16270.05,16318.75,15992.60,16167.1,-0.00450210050671121,0.0107176122226329
2022-05-12,NIFTY 50,16021.10,16041.95,15735.75,15808.0,-0.022462172034303025,0.011425628025202321
2022-05-13,NIFTY 50,15977.00,16083.60,15740.85,15782.15,-0.0016365864530401846,0.011440472988933992
2022-05-16,NIFTY 50,15845.10,15977.95,15739.65,15842.3,0.0038040233132169052,0.011611902153815856
2022-05-17,NIFTY 50,15912.60,16284.25,15900.80,16259.3,0.025981474896775072,0.013108458536177502
2022-05-18,NIFTY 50,16318.15,16399.80,16211.20,16240.3,-0.0011692452931500745,0.012903391088828679
2022-05-19,NIFTY 50,15917.40,15984.75,15775.20,15809.4,-0.02689110763221448,0.013662204031600868
2022-05-20,NIFTY 50,16043.80,16283.05,16003.85,16266.15,0.028481561554378136,0.014935672911833467
2022-05-23,NIFTY 50,16290.95,16414.70,16185.75,16214.7,-0.003168023190952943,0.014770359618773122
2022-05-24,NIFTY 50,16225.55,16262.80,16078.60,16125.15,-0.005538073236373267,0.014602522459671237
2022-05-25,NIFTY 50,16196.35,16223.35,16006.95,16025.8,-0.006180241406599101,0.014059966070502944
2022-05-26,NIFTY 50,16105.00,16204.45,15903.70,16170.15,0.008967026426285264,0.01425321818379386
2022-05-27,NIFTY 50,16296.60,16370.60,16221.95,16352.45,0.011210783228271726,0.014208637850525174
2022-05-30,NIFTY 50,16527.90,16695.50,16506.15,16661.4,0.018716933609406666,0.014910932506625065
2022-05-31,NIFTY 50,16578.45,16690.75,16521.90,16584.55,-0.004623127742067441,0.014928958344300572
2022-06-01,NIFTY 50,16594.40,16649.20,16438.85,16522.75,-0.0037333199493177205,0.014043658295601266
2022-06-02,NIFTY 50,16481.65,16646.40,16443.05,16628.0,0.006349802260260305,0.014125943421367138
2022-06-03,NIFTY 50,16761.65,16793.85,16567.90,16584.3,-0.002631556695493478,0.013619324027280796
2022-06-06,NIFTY 50,16530.70,16610.95,16444.55,16569.55,-0.000889791138776673,0.01351904319880284
2022-06-07,NIFTY 50,16469.60,16487.25,16347.10,16416.35,-0.009288884132275873,0.013672521647165987
2022-06-08,NIFTY 50,16474.95,16514.30,16293.35,16356.25,-0.0036677021275259834,0.013657591879995863
2022-06-09,NIFTY 50,16263.85,16492.80,16243.85,16478.1,0.007422139276322272,0.01259739138152148
2022-06-10,NIFTY 50,16283.95,16324.70,16172.60,16201.8,-0.016909879395574055,0.013278795499679717
2022-06-13,NIFTY 50,15877.55,15886.15,15684.00,15774.4,-0.02673397433842731,0.014660990754217595
2022-06-14,NIFTY 50,15674.25,15858.00,15659.45,15732.1,-0.0026851618183916293,0.013303580232301328
2022-06-15,NIFTY 50,15729.25,15783.65,15678.90,15692.15,-0.0025426237076681558,0.013304522929208603
2022-06-16,NIFTY 50,15832.25,15863.15,15335.10,15360.6,-0.02135479785597345,0.012801250975239722
2022-06-17,NIFTY 50,15272.65,15400.40,15183.40,15293.5,-0.0043778879281600415,0.010694111151596655
2022-06-20,NIFTY 50,15334.50,15382.50,15191.10,15350.15,0.0036973444439847482,0.010800887647038383
2022-06-21,NIFTY 50,15455.95,15707.25,15419.85,15638.8,0.0186297598584063,0.01177897454162732
2022-06-22,NIFTY 50,15545.65,15565.40,15385.95,15413.3,-0.014524232766921568,0.01209581010864793
2022-06-23,NIFTY 50,15451.55,15628.45,15367.50,15556.65,0.009257426877078428,0.012109769132106832
2022-06-24,NIFTY 50,15657.40,15749.25,15619.45,15699.25,0.009124740571574834,0.011999071804419928
2022-06-27,NIFTY 50,15926.20,15927.45,15815.50,15832.05,0.008423425943395693,0.01125996207914223
2022-06-28,NIFTY 50,15757.45,15892.10,15710.15,15850.2,0.0011457520842448876,0.011278014320703139
2022-06-29,NIFTY 50,15701.70,15861.60,15687.80,15799.1,-0.0032291421550026864,0.01127512141796655
2022-06-30,NIFTY 50,15774.50,15890.00,15728.85,15780.25,-0.0011938182539383846,0.011097449948840531
2022-07-01,NIFTY 50,15703.70,15793.95,15511.05,15752.05,-0.0017886425993802585,0.011098990025457538
2022-07-04,NIFTY 50,15710.50,15852.35,15661.80,15835.35,0.0052742671509817375,0.01123300268305442
2022-07-05,NIFTY 50,15909.15,16025.75,15785.45,15810.85,-0.0015483694658309363,0.011110986534410049
2022-07-06,NIFTY 50,15818.20,16011.35,15800.90,15989.8,0.011254605733214696,0.011479471030970958
2022-07-07,NIFTY 50,16113.75,16150.50,16045.95,16132.9,0.008909646239367608,0.011542462591589262
2022-07-08,NIFTY 50,16273.65,16275.50,16157.90,16220.6,0.005421374182162639,0.01099553065665437
2022-07-11,NIFTY 50,16136.15,16248.55,16115.50,16216.0,-0.0002836302220848392,0.00901594726093337
2022-07-12,NIFTY 50,16126.20,16158.75,16031.15,16058.3,-0.009772559284971526,0.009318370046684232
2022-07-13,NIFTY 50,16128.20,16140.00,15950.15,15966.65,-0.005723677957848531,0.009409195803499464
2022-07-14,NIFTY 50,16018.85,16070.85,15858.20,15938.65,-0.0017551947286701716,0.007867266043775231
2022-07-15,NIFTY 50,16010.80,16066.95,15927.30,16049.2,0.0069120269187908055,0.00780187036700348
2022-07-18,NIFTY 50,16151.40,16287.95,16142.20,16278.5,0.01418621464032833,0.008233445834247994
2022-07-19,NIFTY 50,16187.05,16359.50,16187.05,16340.55,0.0038045298587748868,0.007368045548258092
2022-07-20,NIFTY 50,16562.80,16588.00,16490.95,16520.85,0.010973470957583456,0.00647468502319358
2022-07-21,NIFTY 50,16523.55,16626.95,16483.90,16605.25,0.005095690867800048,0.006344449674942985
2022-07-22,NIFTY 50,16661.25,16752.25,16610.90,16719.45,0.006853801957183238,0.006253664771734638
2022-07-25,NIFTY 50,16662.55,16706.05,16564.25,16631.0,-0.005304288690666916,0.0063959130991437215
2022-07-26,NIFTY 50,16632.90,16636.10,16463.30,16483.85,-0.008887309985909385,0.006879717045478589
2022-07-27,NIFTY 50,16475.35,16653.45,16438.75,16641.8,0.009536488917606722,0.0069646053646090595
2022-07-28,NIFTY 50,16774.85,16947.65,16746.25,16929.6,0.01714596654805997,0.007615940364507541
2022-07-29,NIFTY 50,17079.50,17172.80,17018.15,17158.25,0.01341553833962306,0.007814882486069237
2022-08-01,NIFTY 50,17243.20,17356.25,17154.80,17340.05,0.010539747347198897,0.007938026778087491
2022-08-02,NIFTY 50,17310.15,17390.15,17215.85,17345.45,0.0003113693066917206,0.007873600389357856
2022-08-03,NIFTY 50,17349.25,17407.50,17225.85,17388.15,0.002458715567124006,0.007728513540087601
2022-08-04,NIFTY 50,17463.10,17490.70,17161.25,17382.0,-0.0003537517131295328,0.00770844966560915
2022-08-05,NIFTY 50,17423.65,17474.40,17348.75,17397.5,0.0008913297215996853,0.007722637348146527
2022-08-08,NIFTY 50,17401.50,17548.80,17359.75,17525.1,0.00730762130159987,0.007713318718114941
2022-08-10,NIFTY 50,17566.10,17566.10,17442.80,17534.75,0.0005504872521527912,0.007070094761461286
2022-08-11,NIFTY 50,17711.65,17719.30,17631.95,17659.0,0.007060942140366637,0.006673635061255577
2022-08-12,NIFTY 50,17659.65,17724.65,17597.85,17698.15,0.00221454591221288,0.006518208266731672
2022-08-16,NIFTY 50,17797.20,17839.10,17764.05,17825.25,0.007155877104248459,0.006521736115438614
2022-08-17,NIFTY 50,17868.15,17965.95,17833.35,17944.25,0.006653737907021656,0.006187308894560379
2022-08-18,NIFTY 50,17898.65,17968.45,17852.05,17956.5,0.0006824370229270742,0.006254656253337899
2022-08-19,NIFTY 50,17966.55,17992.20,17710.75,17758.45,-0.011090707396812729,0.0069947711147261725
2022-08-22,NIFTY 50,17682.90,17690.05,17467.35,17490.7,-0.01519214788075593,0.008144810692298438
2022-08-23,NIFTY 50,17357.35,17625.55,17345.20,17577.5,0.004950363991350716,0.008103474459915072
2022-08-24,NIFTY 50,17525.45,17623.65,17499.25,17604.95,0.0015604374095596946,0.007898191205933158
2022-08-25,NIFTY 50,17679.00,17726.50,17487.45,17522.45,-0.004697196586572179,0.007621306503788529
2022-08-26,NIFTY 50,17619.30,17685.85,17519.35,17558.9,0.0020780279616681788,0.007468412892854661
2022-08-29,NIFTY 50,17188.65,17380.15,17166.20,17312.9,-0.014109055502046193,0.007552157137394874
2022-08-30,NIFTY 50,17414.95,17777.65,17401.50,17759.3,0.025457433999052224,0.008937091853216828
2022-09-01,NIFTY 50,17485.70,17695.60,17468.45,17542.8,-0.01226571304940768,0.009203652840305792
2022-09-02,NIFTY 50,17598.40,17643.85,17476.45,17539.45,-0.0001909797695519074,0.009205113452106575
2022-09-05,NIFTY 50,17546.45,17683.15,17540.35,17665.8,0.007177937523042408,0.00931626535105755
2022-09-06,NIFTY 50,17695.70,17764.65,17587.65,17655.6,-0.0005775535671594472,0.009317848361801589
2022-09-07,NIFTY 50,17519.40,17650.75,17484.30,17624.4,-0.0017687079440843621,0.009335157465714177
2022-09-08,NIFTY 50,17748.15,17807.65,17691.95,17798.75,0.009843924547387145,0.00944694750212549
2022-09-09,NIFTY 50,17923.35,17925.95,17786.00,17833.35,0.0019420696997862557,0.009450333238209277
2022-09-12,NIFTY 50,17890.85,17980.55,17889.15,17936.35,0.005759080153498418,0.009409655756531651
2022-09-13,NIFTY 50,18044.45,18088.30,18015.45,18070.05,0.0074264916511124004,0.00952298868220554
2022-09-14,NIFTY 50,17771.15,18091.55,17771.15,18003.75,-0.0036758020863416896,0.009464679305216722
2022-09-15,NIFTY 50,18046.35,18096.15,17861.50,17877.4,-0.007042724229622524,0.009491320902935389
2022-09-16,NIFTY 50,17796.80,17820.05,17497.25,17530.85,-0.01957515923811545,0.01042835202411244
2022-09-19,NIFTY 50,17540.65,17667.20,17429.70,17622.25,0.005200122092461122,0.010249799956082344
2022-09-20,NIFTY 50,17770.40,17919.30,17744.40,17816.25,0.010948654031257964,0.009923763009086331
2022-09-21,NIFTY 50,17766.35,17838.70,17663.60,17718.35,-0.005510136469804691,0.009975801404805066
2022-09-22,NIFTY 50,17609.65,17722.75,17532.45,17629.8,-0.005010173671356769,0.010043505343668139
2022-09-23,NIFTY 50,17593.85,17642.15,17291.65,17327.35,-0.01730447403289598,0.01073062585134347
2022-09-26,NIFTY 50,17156.30,17196.40,16978.30,17016.3,-0.018114469805080784,0.011398523102322167
2022-09-27,NIFTY 50,17110.90,17176.45,16942.35,17007.4,-0.0005231647471022982,0.011010102429965432
2022-09-28,NIFTY 50,16870.55,17037.60,16820.40,16858.6,-0.008787631108325747,0.009213155281988294
2022-09-29,NIFTY 50,16993.60,17026.05,16788.60,16818.1,-0.002405224949281472,0.008928253724116243
2022-09-30,NIFTY 50,16798.05,17187.10,16747.70,17094.35,0.016292312151434972,0.009829917214076942
2022-10-03,NIFTY 50,17102.10,17114.65,16855.55,16887.35,-0.012183178617222033,0.009905648459937626
2022-10-04,NIFTY 50,17147.45,17287.30,17117.30,17274.3,0.022655026911186513,0.011366951057816444
2022-10-06,NIFTY 50,17379.25,17428.80,17315.65,17331.8,0.003323116613248181,0.011407936890697249
2022-10-07,NIFTY 50,17287.20,17337.35,17216.95,17314.65,-0.0009900004993715066,0.011127846929328163
2022-10-10,NIFTY 50,17094.35,17280.15,17064.70,17241.0,-0.004262695768817714,0.011116878460065305
2022-10-11,NIFTY 50,17256.05,17261.80,16950.30,16983.55,-0.01504503966897207,0.011354071861827726
2022-10-12,NIFTY 50,17025.55,17142.35,16960.05,17123.6,0.00821240045686677,0.0113923651394534
2022-10-13,NIFTY 50,17087.35,17112.35,16956.95,17014.35,-0.0064005233452741625,0.01142103124023999
2022-10-14,NIFTY 50,17322.30,17348.55,17169.75,17185.7,0.010020537033444438,0.011722805486176166
2022-10-17,NIFTY 50,17144.80,17328.55,17098.55,17311.8,0.0073107072473373395,0.01112433823210679
2022-10-18,NIFTY 50,17438.75,17527.80,17434.05,17486.95,0.010066538543434379,0.011310209410476006
2022-10-19,NIFTY 50,17568.15,17607.60,17472.85,17512.25,0.0014457475831908754,0.01100448117303422
2022-10-20,NIFTY 50,17423.10,17584.15,17421.00,17563.95,0.002947869919725599,0.010978882735453064
2022-10-21,NIFTY 50,17622.85,17670.15,17520.75,17576.3,0.0007028977032589984,0.010927854281460807
2022-10-24,NIFTY 50,17736.35,17777.55,17707.40,17730.75,0.00874901670915349,0.010311009804344868
2022-10-25,NIFTY 50,17808.30,17811.50,17637.00,17656.35,-0.004204928328390179,0.009369276283272911
2022-10-27,NIFTY 50,17771.40,17783.90,17654.50,17736.95,0.004554542205983215,0.009370490089802043
2022-10-28,NIFTY 50,17756.40,17838.90,17723.70,17786.8,0.0028065749095631263,0.00901329816897876
2022-10-31,NIFTY 50,17910.20,18022.80,17899.90,18012.2,0.012592696923282446,0.009190134733989363
2022-11-01,NIFTY 50,18130.70,18175.80,18060.15,18145.4,0.0073677789761327165,0.008738276121347342
2022-11-02,NIFTY 50,18177.90,18178.75,18048.65,18082.85,-0.0034531097777932285,0.008138226304557752
2022-11-03,NIFTY 50,17968.35,18106.30,17959.20,18052.7,-0.0016687172048770696,0.006823752322745887
2022-11-04,NIFTY 50,18053.40,18135.10,18017.15,18117.15,0.0035637453962944995,0.006826041545213379
2022-11-07,NIFTY 50,18211.75,18255.50,18064.75,18202.8,0.004716424927414722,0.006804216191867322
2022-11-09,NIFTY 50,18288.25,18296.40,18117.50,18157.0,-0.0025192671149599894,0.006723692971593624
2022-11-10,NIFTY 50,18044.35,18103.10,17969.40,18028.2,-0.007118962667659443,0.00579976463619007
2022-11-11,NIFTY 50,18272.35,18362.30,18259.35,18349.7,0.017676026972224347,0.006582026054623063
2022-11-14,NIFTY 50,18376.40,18399.45,18311.40,18329.15,-0.0011205368843472386,0.006264012512064902
2022-11-15,NIFTY 50,18362.75,18427.95,18282.00,18403.4,0.0040427414446846995,0.0060877839984910965
2022-11-16,NIFTY 50,18398.25,18442.15,18344.15,18409.65,0.0003395535039911678,0.006052938169888288
2022-11-17,NIFTY 50,18358.70,18417.60,18312.95,18343.9,-0.0035778894904250048,0.005991993422513237
2022-11-18,NIFTY 50,18382.95,18394.60,18209.80,18307.65,-0.0019780888841003656,0.006068870630833593
2022-11-21,NIFTY 50,18246.40,18262.30,18133.35,18159.95,-0.008100385417505962,0.0064876006512526695
2022-11-22,NIFTY 50,18179.15,18261.85,18137.70,18244.2,0.004628601432195923,0.0065161721588960705
2022-11-23,NIFTY 50,18325.20,18325.40,18246.00,18267.25,0.0012626177849523763,0.006311715219516213
2022-11-24,NIFTY 50,18326.10,18529.70,18294.25,18484.1,0.011801063995242344,0.0065613637791071275
2022-11-25,NIFTY 50,18528.45,18534.90,18445.10,18512.75,0.001548780813877488,0.0065411754729224015
2022-11-28,NIFTY 50,18430.55,18614.25,18365.60,18562.75,0.0026972005940332764,0.006540634978754435
2022-11-29,NIFTY 50,18552.45,18678.10,18552.15,18618.05,0.0029746557780997683,0.006067752286951179
2022-11-30,NIFTY 50,18625.70,18816.05,18616.55,18758.35,0.0075074463545009,0.006074750573108452
2022-12-01,NIFTY 50,18871.95,18887.60,18778.20,18812.5,0.0028825558908002974,0.005958095502069162
2022-12-02,NIFTY 50,18752.40,18781.95,18639.20,18696.1,-0.006206596549144281,0.006186306997641617
2022-12-05,NIFTY 50,18719.55,18728.60,18591.35,18701.05,0.00026472605687367874,0.0061794062739644945
2022-12-06,NIFTY 50,18600.65,18654.90,18577.90,18642.75,-0.0031223414523407593,0.006218873253068267
2022-12-07,NIFTY 50,18638.85,18668.30,18528.40,18560.5,-0.004421663914122268,0.006292769622576404
2022-12-08,NIFTY 50,18570.85,18625.00,18536.95,18609.35,0.002628475935464882,0.005993128878549355
2022-12-09,NIFTY 50,18662.40,18664.70,18410.10,18496.6,-0.006077211175639539,0.004888632339894334
2022-12-12,NIFTY 50,18402.15,18521.55,18345.70,18497.15,2.9734752494251067e-05,0.004876569810294072
2022-12-13,NIFTY 50,18524.40,18617.25,18490.20,18608.0,0.005974929613628151,0.0049696137888327165
2022-12-14,NIFTY 50,18671.25,18696.10,18632.90,18660.3,0.002806676684070734,0.0049945985209888626
2022-12-15,NIFTY 50,18614.40,18652.90,18387.70,18414.9,-0.013238152933783446,0.005825621683472379
2022-12-16,NIFTY 50,18319.10,18440.95,18255.15,18269.0,-0.007954485172163248,0.00609012713596908
2022-12-19,NIFTY 50,18288.10,18431.65,18244.55,18420.45,0.00825582614174796,0.006058166019410491
2022-12-20,NIFTY 50,18340.30,18404.90,18202.65,18385.3,-0.0019100282258184755,0.0060119423850734394
2022-12-21,NIFTY 50,18435.15,18473.35,18162.75,18199.1,-0.01017928995978198,0.006452329397730564
2022-12-22,NIFTY 50,18288.80,18318.75,18068.60,18127.35,-0.003950294801933504,0.00584477099002552
2022-12-23,NIFTY 50,17977.65,18050.45,17779.50,17806.8,-0.01784144069070276,0.006914497163898195
2022-12-26,NIFTY 50,17830.40,18084.10,17774.25,18014.6,0.011602133416483444,0.007491702785696583
2022-12-27,NIFTY 50,18089.80,18149.25,17967.45,18132.3,0.006512338041518727,0.00764311448827113
2022-12-28,NIFTY 50,18084.75,18173.10,18068.35,18122.5,-0.0005406180830502604,0.007360428822972524
2022-12-29,NIFTY 50,18045.70,18229.70,17992.80,18191.0,0.0037727060871833766,0.007392373593924543
2022-12-30,NIFTY 50,18259.10,18265.25,18080.30,18105.3,-0.004722253191470682,0.007351873441937941
2023-01-02,NIFTY 50,18131.70,18215.15,18086.50,18197.45,0.005076761287723933,0.007493674586427589
2023-01-03,NIFTY 50,18163.20,18251.95,18149.80,18232.55,0.0019269838518420508,0.007516372416151908
2023-01-04,NIFTY 50,18230.65,18243.00,18020.60,18042.95,-0.010453431463642316,0.0077727771764408106
2023-01-05,NIFTY 50,18101.95,18120.30,17892.60,17992.15,-0.00281947510358644,0.007718926251693274
2023-01-06,NIFTY 50,18008.05,18047.40,17795.55,17859.45,-0.007402771759558915,0.00776416998831684
2023-01-09,NIFTY 50,17952.55,18141.40,17936.15,18101.2,0.013445454515296811,0.008473402131587723
2023-01-10,NIFTY 50,18121.30,18127.60,17856.00,17914.15,-0.010387331059448432,0.00854578273290997
2023-01-11,NIFTY 50,17924.25,17976.35,17824.35,17895.7,-0.0010304428324909225,0.008477352280618482
2023-01-12,NIFTY 50,17920.85,17945.80,17761.65,17858.2,-0.002097674030007273,0.008062257382582136
2023-01-13,NIFTY 50,17867.50,17999.35,17774.25,17956.6,0.005494948881159234,0.00805952306481738
2023-01-16,NIFTY 50,18033.15,18049.65,17853.65,17894.85,-0.00344477342271146,0.007782719893352101
2023-01-17,NIFTY 50,17922.80,18072.05,17886.95,18053.3,0.008815531599927283,0.008111740169639583
2023-01-18,NIFTY 50,18074.30,18183.75,18032.45,18165.35,0.006187439757166874,0.007951511636691567
2023-01-19,NIFTY 50,18119.80,18155.20,18063.75,18107.85,-0.00317038740242059,0.007933490273436362
2023-01-20,NIFTY 50,18115.60,18145.45,18016.20,18027.65,-0.004438855512424057,0.006843024034164658
2023-01-23,NIFTY 50,18118.45,18162.60,18063.45,18118.55,0.005029584942406578,0.0064332254149416495
2023-01-24,NIFTY 50,18183.95,18201.25,18078.65,18118.3,-1.3798108831454769e-05,0.006264169127848503
2023-01-25,NIFTY 50,18093.35,18100.60,17846.15,17891.95,-0.012571586207360697,0.0068638738153312135
2023-01-27,NIFTY 50,17877.20,17884.75,17493.55,17604.35,-0.016204860425410094,0.007601847169502915
2023-01-30,NIFTY 50,17541.95,17709.15,17405.55,17648.95,0.0025302609284759267,0.007619989447365041
2023-01-31,NIFTY 50,17731.45,17735.70,17537.55,17662.15,0.0007476402952535127,0.007490405716724458
2023-02-01,NIFTY 50,17811.60,17972.20,17353.40,17616.3,-0.0025993220119003902,0.007449909138069481
2023-02-02,NIFTY 50,17517.10,17653.90,17445.95,17610.4,-0.00033497319108321866,0.007163620624105992
2023-02-03,NIFTY 50,17721.75,17870.30,17584.20,17854.05,0.013740736629151006,0.007888573084760665
2023-02-06,NIFTY 50,17818.55,17823.70,17698.35,17764.6,-0.005022660210145283,0.00779452871093161
2023-02-07,NIFTY 50,17790.10,17811.15,17652.55,17721.5,-0.00242912132880731,0.007102282199175882
2023-02-08,NIFTY 50,17750.30,17898.70,17744.15,17871.7,0.008439864444755188,0.00704844260091162
2023-02-09,NIFTY 50,17885.50,17916.90,17779.80,17893.45,0.0012162679413476782,0.007051048630288875
2023-02-10,NIFTY 50,17847.55,17876.95,17801.00,17856.5,-0.0020671364943135387,0.007050575203254703
2023-02-13,NIFTY 50,17859.10,17880.70,17719.75,17770.9,-0.004805299556804492,0.007003740469583664
2023-02-14,NIFTY 50,17840.35,17954.55,17800.05,17929.85,0.008904633672618059,0.007271551039843809
2023-02-15,NIFTY 50,17896.60,18034.10,17853.80,18015.85,0.004785004275328774,0.007070292169191675
2023-02-16,NIFTY 50,18094.75,18134.75,18000.65,18035.85,0.0011095178342057001,0.006922102226790914
2023-02-17,NIFTY 50,17974.85,18034.25,17884.60,17944.2,-0.0050945008816343056,0.0069764089423101265
2023-02-20,NIFTY 50,17965.55,18004.35,17818.40,17844.6,-0.005566001494152447,0.0070147418951687695
2023-02-21,NIFTY 50,17905.80,17924.90,17800.30,17826.7,-0.0010036080267580851,0.006892630242321998
2023-02-22,NIFTY 50,17755.35,17772.50,17529.45,17554.3,-0.01539839927597453,0.007619061722988568
2023-02-23,NIFTY 50,17574.65,17620.05,17455.40,17511.25,-0.0024554026176142147,0.007173820276088283
2023-02-24,NIFTY 50,17591.35,17599.75,17421.80,17465.8,-0.0025988484209401182,0.006249098976899548
2023-02-27,NIFTY 50,17428.60,17451.60,17299.00,17392.7,-0.0041941051482731325,0.006264300733055304
2023-02-28,NIFTY 50,17383.25,17440.45,17255.20,17303.95,-0.0051157788177069495,0.006328321402438586
2023-03-01,NIFTY 50,17360.10,17467.75,17345.25,17450.9,0.008456424108409272,0.006657804309533001
2023-03-02,NIFTY 50,17421.50,17445.80,17306.00,17321.9,-0.007419626362913088,0.006836229384893407
2023-03-03,NIFTY 50,17451.25,17644.75,17427.70,17594.35,0.015606230891244488,0.007054676085538637
2023-03-06,NIFTY 50,17680.35,17799.95,17671.95,17711.45,0.006633495312281151,0.007162264858035907
2023-03-08,NIFTY 50,17665.75,17766.50,17602.25,17754.4,0.0024220494360940436,0.007163156170433072
2023-03-09,NIFTY 50,17772.05,17772.35,17573.60,17589.6,-0.00932555422876939,0.007175083203969871
2023-03-10,NIFTY 50,17443.80,17451.50,17324.35,17412.9,-0.010096507452669731,0.00744883044204595
2023-03-13,NIFTY 50,17421.90,17529.90,17113.45,17154.3,-0.014962439797248966,0.008047222849141803
2023-03-14,NIFTY 50,17160.55,17224.65,16987.10,17043.3,-0.006491706424752578,0.008086836666840782
2023-03-15,NIFTY 50,17166.45,17211.35,16938.90,16972.15,-0.004183399235659102,0.007669043833880026
2023-03-16,NIFTY 50,16994.65,17062.45,16850.15,16985.6,0.000792160888359323,0.007513099327570148
2023-03-17,NIFTY 50,17111.80,17145.80,16958.15,17100.05,0.006715461205305623,0.00777239645327009
2023-03-20,NIFTY 50,17066.60,17066.60,16828.35,16988.4,-0.006550629274632628,0.007803121220292311
2023-03-21,NIFTY 50,17060.40,17127.70,17016.00,17107.5,0.0069862056382009536,0.008064020510329114
2023-03-22,NIFTY 50,17177.45,17207.25,17107.85,17151.9,0.0025919908029994904,0.00812977809558024
2023-03-23,NIFTY 50,17097.40,17205.40,17045.30,17076.9,-0.004382281589036814,0.007519476140751679
2023-03-24,NIFTY 50,17076.20,17109.45,16917.35,16945.05,-0.007750917280890061,0.007651462085289211
2023-03-27,NIFTY 50,16984.30,17091.00,16918.55,16985.7,0.0023960578205877384,0.007699997744977189
2023-03-28,NIFTY 50,17031.75,17061.75,16913.75,16951.7,-0.0020036898156717883,0.007673601416099907
2023-03-29,NIFTY 50,16977.30,17126.15,16940.60,17080.7,0.007581047344671876,0.007862797804521591
2023-03-31,NIFTY 50,17210.35,17381.60,17204.65,17359.75,0.016205137079674727,0.008500166000974991
2023-04-03,NIFTY 50,17427.95,17428.05,17312.75,17398.05,0.0022038227679195624,0.008344613069011027
2023-04-05,NIFTY 50,17422.30,17570.55,17402.70,17557.05,0.009097447675193594,0.00782359715599956
2023-04-06,NIFTY 50,17533.85,17638.70,17502.85,17599.15,0.002395026773333662,0.0076876521996776664
2023-04-10,NIFTY 50,17634.90,17694.10,17597.95,17624.05,0.0014138411131193697,0.007672028609425112
2023-04-11,NIFTY 50,17704.80,17748.75,17655.15,17722.3,0.0055592870573658824,0.0074768792813886065
2023-04-12,NIFTY 50,17759.55,17825.75,17717.25,17812.4,0.005071110384239979,0.007119449879453726
2023-04-13,NIFTY 50,17807.30,17842.15,17729.65,17828.0,0.0008754111062864357,0.00603266890146295
2023-04-17,NIFTY 50,17863.00,17863.00,17574.05,17706.85,-0.0068186847221795,0.0060570759680442674
2023-04-18,NIFTY 50,17766.60,17766.60,17610.20,17660.15,-0.002640881451153317,0.005984797050495409
2023-04-19,NIFTY 50,17653.35,17666.15,17579.85,17618.75,-0.0023470130306909674,0.006058488872822318
2023-04-20,NIFTY 50,17638.60,17684.45,17584.35,17624.45,0.00032346665738081727,0.005954909758375338
2023-04-21,NIFTY 50,17639.75,17663.20,17553.95,17624.05,-2.269600124935328e-05,0.005661499776202842
2023-04-24,NIFTY 50,17707.55,17754.50,17612.50,17743.4,0.006749169252810326,0.0056503895708488175
2023-04-25,NIFTY 50,17761.55,17807.45,17716.85,17769.25,0.0014558195215261978,0.0056479816535742544
2023-04-26,NIFTY 50,17767.30,17827.75,17711.20,17813.6,0.0024927751973571103,0.005460045898861742
2023-04-27,NIFTY 50,17813.10,17931.60,17797.90,17915.05,0.005678931202210298,0.004988743833403246
2023-04-28,NIFTY 50,17950.40,18089.15,17885.30,18065.0,0.008335222889282883,0.005138985705539835
2023-05-02,NIFTY 50,18124.80,18180.25,18101.75,18147.65,0.004564711144417706,0.005005126786104661
2023-05-03,NIFTY 50,18113.80,18116.35,18042.40,18089.85,-0.003190068245158949,0.005110916455755601
2023-05-04,NIFTY 50,18081.00,18267.45,18066.70,18255.8,0.009131830258481237,0.0043236937549274304
2023-05-05,NIFTY 50,18117.30,18216.95,18055.45,18069.0,-0.010285075027649962,0.00518689805558649
2023-05-08,NIFTY 50,18120.60,18286.95,18100.30,18264.4,0.01075604726542361,0.005319723422335137
2023-05-09,NIFTY 50,18303.40,18344.20,18229.65,18265.95,8.486094444379597e-05,0.005335179372386622
2023-05-10,NIFTY 50,18313.60,18326.75,18211.95,18315.1,0.0026871852817707963,0.005337179754550177
2023-05-11,NIFTY 50,18357.80,18389.70,18270.40,18297.0,-0.000988744238902929,0.005303112418976197
2023-05-12,NIFTY 50,18273.75,18342.75,18194.55,18314.8,0.0009723641778049823,0.0052405647277051735
2023-05-15,NIFTY 50,18339.30,18458.90,18287.90,18398.85,0.004578686501499633,0.005286619870174342
2023-05-16,NIFTY 50,18432.35,18432.35,18264.35,18286.5,-0.006125079970559869,0.0052306316176152804
2023-05-17,NIFTY 50,18300.45,18309.00,18115.35,18181.75,-0.005744738948538704,0.0054065004920918905
2023-05-18,NIFTY 50,18287.50,18297.20,18104.85,18129.95,-0.0028530768395788,0.0054263805382563195
2023-05-19,NIFTY 50,18186.15,18218.10,18060.40,18203.4,0.004043122919096419,0.005450147852095408
2023-05-22,NIFTY 50,18201.10,18335.25,18178.85,18314.4,0.006079245839243774,0.005523875992473811
2023-05-23,NIFTY 50,18362.90,18419.75,18324.20,18348.0,0.0018329410735294929,0.005405847479867284
2023-05-24,NIFTY 50,18294.80,18392.60,18262.95,18285.4,-0.0034176495183284154,0.00552479315612698
2023-05-25,NIFTY 50,18268.90,18338.10,18202.40,18321.15,0.001953202985013659,0.005520654754297142
2023-05-26,NIFTY 50,18368.35,18508.55,18333.15,18499.35,0.009679466130279842,0.005751326939287771
2023-05-29,NIFTY 50,18619.15,18641.20,18581.25,18598.65,0.00535340110800121,0.0056044430862167895
2023-05-30,NIFTY 50,18606.65,18662.45,18575.50,18633.85,0.0018908217545032591,0.005558073287354593
2023-05-31,NIFTY 50,18594.20,18603.90,18483.85,18534.4,-0.005351354305298902,0.005670294075134311
2023-06-01,NIFTY 50,18579.40,18580.30,18464.55,18487.75,-0.002520114293168742,0.005406393307914308
2023-06-02,NIFTY 50,18550.85,18573.70,18478.40,18534.1,0.0025039280433874476,0.004765638348445245
2023-06-05,NIFTY 50,18612.00,18640.15,18582.80,18593.85,0.003218602243386475,0.004245723011333734
2023-06-06,NIFTY 50,18600.80,18622.75,18531.60,18599.0,0.0002769349502884268,0.004244013671255113
2023-06-07,NIFTY 50,18665.60,18738.95,18636.00,18726.4,0.006826477130569099,0.004432328488694317
2023-06-08,NIFTY 50,18725.35,18777.90,18615.60,18634.55,-0.004916908432305566,0.004613571906928272
2023-06-09,NIFTY 50,18655.90,18676.65,18555.40,18563.4,-0.003825484295202245,0.004733555119630794
2023-06-12,NIFTY 50,18595.05,18633.60,18559.75,18601.5,0.0020503223927487504,0.004656930351276539
2023-06-13,NIFTY 50,18631.80,18728.90,18631.80,18716.15,0.006144564876073942,0.004538285247298571
2023-06-14,NIFTY 50,18744.60,18769.70,18690.00,18755.9,0.0021215820810404676,0.004239297667673814
2023-06-15,NIFTY 50,18774.45,18794.10,18669.05,18688.1,-0.0036214119270170913,0.004284581078290747
2023-06-16,NIFTY 50,18723.30,18864.70,18710.50,18826.0,0.007351935466131494,0.004448056266009486
2023-06-19,NIFTY 50,18873.30,18881.45,18719.15,18755.45,-0.0037545162773133895,0.004479745892315261
2023-06-20,NIFTY 50,18752.35,18839.70,18660.65,18816.7,0.0032603965574623172,0.004501848125398522
2023-06-21,NIFTY 50,18849.40,18875.90,18794.85,18856.85,0.0021314697022533084,0.00436729523388
2023-06-22,NIFTY 50,18853.60,18886.60,18759.50,18771.25,-0.0045497990950773125,0.004572084618206127
2023-06-23,NIFTY 50,18741.85,18756.40,18647.10,18665.5,-0.005649543898520234,0.0043580267143472715
2023-06-26,NIFTY 50,18682.35,18722.05,18646.70,18691.2,0.0013759247500199831,0.004210607982366491
2023-06-27,NIFTY 50,18748.55,18829.25,18714.25,18817.4,0.006729148846371014,0.004442553064035465
2023-06-28,NIFTY 50,18908.15,19011.25,18861.35,18972.1,0.008187505216794124,0.00453612105579972
2023-06-30,NIFTY 50,19076.85,19201.70,19024.60,19189.05,0.011370324916684512,0.004983213370135905
2023-07-03,NIFTY 50,19246.50,19345.10,19234.40,19322.55,0.006933003808714836,0.0051100615517119035
2023-07-04,NIFTY 50,19406.60,19434.15,19300.00,19389.0,0.0034330872964505156,0.005112794497490502
2023-07-05,NIFTY 50,19405.95,19421.60,19339.60,19398.5,0.0004898485434720244,0.005109032764293227
2023-07-06,NIFTY 50,19385.70,19512.20,19373.00,19497.3,0.005080250952215662,0.005038521600643959
2023-07-07,NIFTY 50,19422.80,19523.60,19303.60,19331.8,-0.008524586056305487,0.005354501774775533
2023-07-10,NIFTY 50,19400.35,19435.85,19327.10,19355.9,0.0012458741727910268,0.0051897971469148825
2023-07-11,NIFTY 50,19427.10,19515.10,19406.45,19439.4,0.004304651797411916,0.0052133113477402515
2023-07-12,NIFTY 50,19497.45,19507.70,19361.75,19384.3,-0.0028384742821917232,0.005242735373058418
2023-07-13,NIFTY 50,19495.20,19567.00,19385.80,19413.75,0.0015181178258223326,0.0052422440163211615
2023-07-14,NIFTY 50,19493.45,19595.35,19433.50,19564.5,0.007735121594226721,0.005247859958191873
2023-07-17,NIFTY 50,19612.15,19731.85,19562.95,19711.45,0.007482985679822449,0.005254588520157754
2023-07-18,NIFTY 50,19787.50,19819.45,19690.20,19749.25,0.001915830766397027,0.00506020760414036
2023-07-19,NIFTY 50,19802.95,19851.70,19727.45,19833.15,0.004239264200742216,0.0050718395912968
2023-07-20,NIFTY 50,19831.70,19991.85,19758.40,19979.15,0.007334449629633137,0.0051772383276530295
2023-07-21,NIFTY 50,19800.45,19887.40,19700.00,19745.0,-0.011788935034292592,0.005924000281003652
2023-07-24,NIFTY 50,19748.45,19782.75,19658.30,19672.35,-0.003686198197714694,0.005796234651601629
2023-07-25,NIFTY 50,19729.35,19729.35,19615.95,19680.6,0.00041928242334364116,0.005811029385123348
2023-07-26,NIFTY 50,19733.35,19825.60,19716.70,19778.3,0.004951998137413459,0.005757570566487494
2023-07-27,NIFTY 50,19850.90,19867.55,19603.55,19659.9,-0.006004348865560584,0.005891427977274088
2023-07-28,NIFTY 50,19659.75,19695.90,19563.10,19646.05,-0.0007047279393175503,0.0054598664448654586
2023-07-31,NIFTY 50,19666.35,19772.75,19597.60,19753.8,0.005469577606164628,0.0053879970863501755
2023-08-01,NIFTY 50,19784.00,19795.60,19704.60,19733.55,-0.0010256450116385468,0.00537877590852967
2023-08-02,NIFTY 50,19655.40,19678.25,19423.55,19526.55,-0.010545154913078857,0.005955990256161627
2023-08-03,NIFTY 50,19463.75,19537.65,19296.45,19381.65,-0.007448335820864754,0.006087372769388085
2023-08-04,NIFTY 50,19462.80,19538.85,19436.45,19517.0,0.006959138491705194,0.005969446111243934
2023-08-07,NIFTY 50,19576.85,19620.45,19524.80,19597.3,0.004105920996260323,0.0060228596910221225
2023-08-08,NIFTY 50,19627.20,19634.40,19533.10,19570.85,-0.0013505873532751007,0.005973301599020132
2023-08-09,NIFTY 50,19578.80,19645.50,19467.50,19632.55,0.0031476887690017655,0.00595576397478381
2023-08-10,NIFTY 50,19605.55,19623.60,19495.40,19543.1,-0.004566620104543575,0.006062796819283755
2023-08-11,NIFTY 50,19554.25,19557.75,19412.75,19428.3,-0.005891516961594456,0.005951714706635332
2023-08-14,NIFTY 50,19383.95,19465.85,19257.90,19434.55,0.00032164393779061565,0.005664183523065313
2023-08-16,NIFTY 50,19369.00,19482.75,19317.20,19465.0,0.0015655711297147335,0.005656181872279282
2023-08-17,NIFTY 50,19450.55,19461.55,19326.25,19365.25,-0.005137758290060533,0.005611500759737965
2023-08-18,NIFTY 50,19301.75,19373.80,19253.60,19310.15,-0.0028493583662490217,0.005247132943426735
2023-08-21,NIFTY 50,19320.65,19425.95,19296.30,19393.6,0.004312250328000912,0.004837397021505107
2023-08-22,NIFTY 50,19417.10,19443.50,19381.30,19396.45,0.00014694489979421606,0.004796873539573802
2023-08-23,NIFTY 50,19439.20,19472.05,19366.60,19444.0,0.002448479549304461,0.004843168477635619
2023-08-24,NIFTY 50,19535.15,19584.45,19369.00,19386.7,-0.0029512752327599183,0.004685785380921413
2023-08-25,NIFTY 50,19297.40,19339.55,19229.70,19265.8,-0.0062557606509410085,0.004700232399518208
2023-08-28,NIFTY 50,19298.35,19366.85,19249.70,19306.05,0.0020870149919961396,0.004751032868696112
2023-08-29,NIFTY 50,19374.85,19377.90,19309.10,19342.65,0.0018939840636754115,0.0045633748637402246
2023-08-30,NIFTY 50,19433.45,19452.80,19334.75,19347.45,0.0002481254907391843,0.004572636439400558
2023-08-31,NIFTY 50,19375.55,19388.20,19223.65,19253.8,-0.004852183996052265,0.004099056780560246
2023-09-01,NIFTY 50,19258.15,19458.55,19255.70,19435.3,0.009382556404132514,0.004360765113547004
2023-09-04,NIFTY 50,19525.05,19545.15,19432.85,19528.8,0.004799298814420837,0.004206990584343681
2023-09-05,NIFTY 50,19564.65,19587.05,19525.75,19574.9,0.002357834238565403,0.004135407369008003
2023-09-06,NIFTY 50,19581.20,19636.45,19491.50,19611.05,0.0018450495779825536,0.004144528923137515
2023-09-07,NIFTY 50,19598.65,19737.00,19550.05,19727.05,0.005897607470804029,0.0042937943707578525
2023-09-08,NIFTY 50,19774.80,19867.15,19728.05,19819.95,0.004698215838548732,0.00424744638888227
2023-09-11,NIFTY 50,19890.00,20008.15,19865.35,19996.35,0.008860750704518585,0.004322189198819553
2023-09-12,NIFTY 50,20110.15,20110.35,19914.65,19993.2,-0.00015754115795312492,0.0043300414274482415
2023-09-13,NIFTY 50,19989.50,20096.90,19944.10,20070.0,0.003833947067360447,0.004363715484906603
2023-09-14,NIFTY 50,20127.95,20167.65,20043.45,20103.1,0.0016478692204573958,0.0040720184281585105
2023-09-15,NIFTY 50,20156.45,20222.45,20129.70,20192.35,0.0044297877773378114,0.003951553495217224
2023-09-18,NIFTY 50,20155.95,20195.35,20115.70,20133.3,-0.002928659163891997,0.004080686289401958
2023-09-20,NIFTY 50,19980.75,20050.65,19878.85,19901.4,-0.0115850796274781,0.005065953625214562
2023-09-21,NIFTY 50,19840.55,19848.75,19709.95,19742.35,-0.008024006475894206,0.005464883721225709
2023-09-22,NIFTY 50,19744.85,19798.65,19657.50,19674.25,-0.00345540040278986,0.005484038299626371
2023-09-25,NIFTY 50,19678.20,19734.15,19601.55,19674.55,1.524824136976305e-05,0.005236939621092368
2023-09-26,NIFTY 50,19682.80,19699.35,19637.45,19664.7,-0.000500772140080995,0.0052419281963861815
2023-09-27,NIFTY 50,19637.05,19730.70,19554.00,19716.45,0.0026281624476409476,0.005251667150325951
2023-09-28,NIFTY 50,19761.80,19766.65,19492.10,19523.55,-0.00983188348126239,0.0057803575775849875
2023-09-29,NIFTY 50,19581.20,19726.25,19551.05,19638.3,0.005860311931494425,0.005759173227207174
2023-10-03,NIFTY 50,19622.40,19623.20,19479.65,19528.75,-0.005594002391173672,0.005581231123873991
2023-10-04,NIFTY 50,19446.30,19457.80,19333.60,19436.1,-0.004755577121972701,0.005579348020606821
2023-10-05,NIFTY 50,19521.85,19576.95,19487.30,19545.75,0.005625709872108961,0.0057057844205357115
2023-10-06,NIFTY 50,19621.20,19675.75,19589.40,19653.5,0.005497568008546022,0.005827610612699982
2023-10-09,NIFTY 50,19539.45,19588.95,19480.50,19512.35,-0.007207841070540643,0.005878941713932273
2023-10-10,NIFTY 50,19565.60,19717.80,19565.45,19689.85,0.00905567610965498,0.006157700677251122
2023-10-11,NIFTY 50,19767.00,19839.20,19756.95,19811.35,0.006151731247061281,0.005971899734900218
2023-10-12,NIFTY 50,19822.70,19843.30,19772.65,19794.0,-0.0008761443143344063,0.005972115946983399
2023-10-13,NIFTY 50,19654.55,19805.40,19635.30,19751.05,-0.0021722069835914395,0.00589316585774547
2023-10-16,NIFTY 50,19737.25,19781.30,19691.85,19731.75,-0.0009776409746631235,0.005864919697878122
2023-10-17,NIFTY 50,19843.20,19849.75,19775.65,19811.5,0.004033563661320618,0.005846494154038695
2023-10-18,NIFTY 50,19820.45,19840.95,19659.95,19671.1,-0.007112023615253143,0.005993907199103443
2023-10-19,NIFTY 50,19545.20,19681.80,19512.35,19624.7,-0.0023615766348855094,0.005482710114834176
2023-10-20,NIFTY 50,19542.15,19593.80,19518.70,19542.65,-0.004189720265668789,0.005276285108303635
2023-10-23,NIFTY 50,19521.60,19556.85,19257.85,19281.75,-0.01344020396363619,0.0059934508728367334
2023-10-25,NIFTY 50,19286.45,19347.30,19074.15,19122.15,-0.008311703697890308,0.006204178282410021
2023-10-26,NIFTY 50,19027.25,19041.70,18837.85,18857.25,-0.013949893667133624,0.006799180959604861
2023-10-27,NIFTY 50,18928.75,19076.15,18926.65,19047.25,0.010025278863763394,0.007255581838961704
2023-10-30,NIFTY 50,19053.40,19158.50,18940.00,19140.9,0.004904672666023684,0.0071364285860126475
2023-10-31,NIFTY 50,19232.95,19233.70,19056.45,19079.6,-0.003207705423086861,0.006964303961523475
2023-11-01,NIFTY 50,19064.05,19096.05,18973.70,18989.15,-0.0047519380175908114,0.006940392950308263
2023-11-02,NIFTY 50,19120.00,19175.25,19064.15,19133.25,0.00755989582502197,0.007169647000122331
2023-11-03,NIFTY 50,19241.00,19276.25,19210.90,19230.6,0.005075101114760032,0.007144748169208938
2023-11-06,NIFTY 50,19345.85,19423.00,19309.70,19411.75,0.009375792466276,0.007373977708620144
2023-11-07,NIFTY 50,19404.05,19423.50,19329.10,19406.7,-0.0002601855575629086,0.007209042786159304
2023-11-08,NIFTY 50,19449.60,19464.40,19401.50,19443.5,0.0018944567083908723,0.0068922810052813
2023-11-09,NIFTY 50,19457.40,19463.90,19378.35,19395.3,-0.0024820553026905696,0.006713249166533689
2023-11-10,NIFTY 50,19351.85,19451.30,19329.45,19425.35,0.001548145433003843,0.006738605233996485
2023-11-12,NIFTY 50,19547.25,19547.25,19510.25,19525.55,0.0051449502336882525,0.006865621514352254
2023-11-13,NIFTY 50,19486.75,19494.40,19414.75,19443.55,-0.004208468813832688,0.0069134576635019734
2023-11-15,NIFTY 50,19651.40,19693.20,19579.65,19675.45,0.01185627017720115,0.0074015426621351485
2023-11-16,NIFTY 50,19674.70,19875.25,19627.00,19765.2,0.00455114988803013,0.007299031788741294
2023-11-17,NIFTY 50,19674.75,19806.00,19667.45,19731.8,-0.0016912680943572324,0.007287994544367433
2023-11-20,NIFTY 50,19731.15,19756.45,19670.50,19694.0,-0.0019175266745258626,0.00723227698422905
2023-11-21,NIFTY 50,19770.90,19829.10,19754.05,19783.4,0.0045291813962118265,0.006503753091216386
2023-11-22,NIFTY 50,19784.00,19825.55,19703.85,19811.85,0.00143704130651907,0.0060994703248014115
2023-11-23,NIFTY 50,19828.45,19875.15,19786.75,19802.0,-0.0004973008280183108,0.00489790480653767
2023-11-24,NIFTY 50,19809.60,19832.85,19768.85,19794.7,-0.00036871759933041186,0.004593126987320821
2023-11-28,NIFTY 50,19844.65,19916.85,19800.00,19889.7,0.004787784694880058,0.004589208160817974
2023-11-29,NIFTY 50,19976.55,20104.65,19956.30,20096.6,0.010348636732111694,0.0047889679257345445
2023-11-30,NIFTY 50,20108.50,20158.70,20015.85,20133.15,0.0018170637429511605,0.004473311687552619
2023-12-01,NIFTY 50,20194.10,20291.55,20183.70,20267.9,0.006670643444628036,0.004429018389018936
2023-12-04,NIFTY 50,20601.95,20702.65,20507.75,20686.8,0.020457461991232925,0.005916121031556486
2023-12-05,NIFTY 50,20808.90,20864.05,20711.15,20855.1,0.00810270694380261,0.005857829899282465
2023-12-06,NIFTY 50,20950.75,20961.95,20852.15,20937.7,0.003952839127870011,0.005787569314879121
2023-12-07,NIFTY 50,20932.40,20941.25,20850.80,20901.15,-0.0017471803980189876,0.005906623628287425
2023-12-08,NIFTY 50,20934.10,21006.10,20862.70,20969.4,0.0032600508207486305,0.005731648656591905
2023-12-11,NIFTY 50,20965.30,21026.10,20923.70,20997.1,0.0013201007481038823,0.005736801572094986
2023-12-12,NIFTY 50,21018.55,21037.90,20867.15,20906.4,-0.004329000758647416,0.006012274169379423
2023-12-13,NIFTY 50,20929.75,20950.00,20769.50,20926.35,0.0009537982328403815,0.005773774264336777
2023-12-14,NIFTY 50,21110.40,21210.90,21074.45,21182.7,0.012175680378580502,0.005797986946533529
2023-12-15,NIFTY 50,21287.45,21492.30,21235.30,21456.65,0.01284980983467759,0.006149123346058287
2023-12-18,NIFTY 50,21434.80,21482.80,21365.35,21418.65,-0.0017725828134065394,0.0061531834373963375
2023-12-19,NIFTY 50,21477.65,21505.05,21337.75,21453.1,0.0016071192528823127,0.006020769254079058
2023-12-20,NIFTY 50,21543.50,21593.00,21087.35,21150.15,-0.014222159410509942,0.007303015356478202
2023-12-21,NIFTY 50,21033.95,21288.35,20976.80,21255.05,0.00494751652994106,0.00729705054349186
2023-12-22,NIFTY 50,21295.85,21390.50,21232.45,21349.4,0.004429122039579133,0.007237361160461765
2023-12-26,NIFTY 50,21365.20,21477.15,21329.45,21441.35,0.0042976644029708395,0.007172108122735584
2023-12-27,NIFTY 50,21497.65,21675.75,21495.80,21654.75,0.009903529283836263,0.007292077938227152
2023-12-28,NIFTY 50,21715.00,21801.45,21678.00,21778.7,0.005707598014420873,0.007160485367839185
2023-12-29,NIFTY 50,21737.65,21770.30,21676.90,21731.4,-0.0021742086840976452,0.007279712154921515
2024-01-01,NIFTY 50,21727.75,21834.35,21680.85,21741.9,0.0004830551259819097,0.007283647221304617
2024-01-02,NIFTY 50,21751.35,21755.60,21555.65,21665.8,-0.003506293950845306,0.006246197377802149
2024-01-03,NIFTY 50,21661.10,21677.00,21500.35,21517.35,-0.0068753939803709255,0.006411101172981344
2024-01-04,NIFTY 50,21605.80,21685.65,21564.55,21658.6,0.006543017764368559,0.006487622489744872
2024-01-05,NIFTY 50,21705.75,21749.60,21629.20,21710.8,0.0024072283779417876,0.006438010600953425
2024-01-08,NIFTY 50,21747.60,21763.95,21492.90,21513.0,-0.00915242902089806,0.006882936988821155
2024-01-09,NIFTY 50,21653.60,21724.45,21517.85,21544.85,0.0014794053028200293,0.006883078429019094
2024-01-10,NIFTY 50,21529.30,21641.85,21448.65,21618.7,0.003421872022129979,0.006767427199844121
2024-01-11,NIFTY 50,21688.00,21726.50,21593.75,21647.2,0.0013174349370812008,0.006765875423305572
2024-01-12,NIFTY 50,21773.55,21928.25,21715.15,21894.55,0.011361631573985991,0.006701640090296571
2024-01-15,NIFTY 50,22053.15,22115.55,21963.55,22097.45,0.009224469846440882,0.006426206657265991
2024-01-16,NIFTY 50,22080.50,22124.15,21969.80,22032.3,-0.002952658799676969,0.006462872521019277
2024-01-17,NIFTY 50,21647.25,21851.50,21550.45,21571.95,-0.02111569879842982,0.008192633439616036
2024-01-18,NIFTY 50,21414.20,21539.40,21285.55,21462.25,-0.005098281720792006,0.007573448567149718
2024-01-19,NIFTY 50,21615.20,21670.60,21575.00,21622.4,0.007434236443611493,0.007666136788876219
2024-01-20,NIFTY 50,21706.15,21720.30,21541.80,21571.8,-0.0023429082212985306,0.007649583980375578
2024-01-23,NIFTY 50,21716.70,21750.25,21192.60,21238.8,-0.015557208551848641,0.008386168834676497
2024-01-24,NIFTY 50,21185.25,21482.35,21137.20,21453.95,0.010079080002224091,0.008397686940418205
2024-01-25,NIFTY 50,21454.60,21459.00,21247.05,21352.6,-0.004735265485242329,0.00831791516447145
2024-01-29,NIFTY 50,21433.10,21763.25,21429.60,21737.6,0.017869967895292525,0.009315216129334848
2024-01-30,NIFTY 50,21775.75,21813.05,21501.80,21522.1,-0.009963165839113332,0.009576739703282966
2024-01-31,NIFTY 50,21487.25,21741.35,21448.85,21725.7,0.009415577400253396,0.009797166744438195
2024-02-01,NIFTY 50,21780.65,21832.95,21658.75,21697.45,-0.0013011494553287434,0.00966555029114216
2024-02-02,NIFTY 50,21812.75,22126.80,21805.55,21853.8,0.00718007734330033,0.009687826120963887
2024-02-05,NIFTY 50,21921.05,21964.30,21726.95,21771.7,-0.0037638581528382955,0.0097203804344078
2024-02-06,NIFTY 50,21825.20,21951.40,21737.55,21929.4,0.007217240963270505,0.009584988455355999
2024-02-07,NIFTY 50,22045.05,22053.30,21860.15,21930.5,5.015971309687693e-05,0.009586228573065375
2024-02-08,NIFTY 50,22009.65,22011.05,21665.30,21717.95,-0.009739254433202903,0.009851136123507822
2024-02-09,NIFTY 50,21727.00,21804.45,21629.90,21782.5,0.002967787569021457,0.00986763126453872
2024-02-12,NIFTY 50,21800.80,21831.70,21574.75,21616.05,-0.007670800806730669,0.00966146528093396
2024-02-13,NIFTY 50,21664.30,21766.80,21543.35,21743.25,0.005867270223610988,0.009509017941686205
2024-02-14,NIFTY 50,21578.15,21870.85,21530.20,21840.05,0.004442075711187993,0.009564836374045102
2024-02-15,NIFTY 50,21906.55,21953.85,21794.80,21910.75,0.003231943714910831,0.00825420691368014
2024-02-16,NIFTY 50,22020.30,22068.65,21968.95,22040.7,0.005913360249649653,0.00820865789613145
2024-02-19,NIFTY 50,22103.45,22186.65,22021.05,22122.25,0.0036931451676362253,0.008104191185489704
2024-02-20,NIFTY 50,22099.20,22215.60,22045.85,22196.95,0.0033710026687649355,0.008075511282551956
2024-02-21,NIFTY 50,22248.85,22249.40,21997.95,22055.05,-0.006413291438377891,0.007283233975305628
2024-02-22,NIFTY 50,22081.55,22252.50,21875.25,22217.45,0.007336415535777436,0.007145357654046609
2024-02-23,NIFTY 50,22290.00,22297.50,22186.10,22212.7,-0.00021381877027633613,0.006999459507092787
2024-02-26,NIFTY 50,22169.20,22202.15,22075.15,22122.05,-0.004089348708477196,0.0060299756545066615
2024-02-27,NIFTY 50,22090.20,22218.25,22085.65,22198.35,0.0034431131207391997,0.005481799638501186
2024-02-28,NIFTY 50,22214.10,22229.15,21915.85,21951.15,-0.011198431843397458,0.005850021244973713
2024-02-29,NIFTY 50,21935.20,22060.55,21860.65,21982.8,0.0014407994489542065,0.0058373053121202
2024-03-01,NIFTY 50,22048.30,22353.30,22047.75,22338.75,0.016062509231593233,0.006642403362890532
2024-03-02,NIFTY 50,22406.95,22419.55,22367.05,22378.4,0.0017733692952736234,0.006543783610695005
2024-03-04,NIFTY 50,22403.50,22440.90,22358.30,22405.6,0.0012147196920581206,0.00639771553142677
2024-03-05,NIFTY 50,22371.25,22416.90,22269.15,22356.3,-0.002202767082468908,0.006436410817504312
2024-03-06,NIFTY 50,22327.50,22497.20,22224.35,22474.05,0.005253149742597478,0.0059815246471049245
2024-03-07,NIFTY 50,22505.30,22525.65,22430.00,22493.55,0.0008672911706346735,0.005976736889124643
2024-03-11,NIFTY 50,22517.50,22526.60,22307.25,22332.65,-0.00717886820713181,0.0059374324832939486
2024-03-12,NIFTY 50,22334.45,22452.55,22256.00,22335.7,0.00013656201783766265,0.005859992135258023
2024-03-13,NIFTY 50,22432.20,22446.75,21905.65,21997.7,-0.01524839281915699,0.006877806099890809
2024-03-14,NIFTY 50,21982.55,22204.60,21917.50,22146.65,0.006748341079488168,0.006998974952488688
2024-03-15,NIFTY 50,22064.85,22120.90,21931.70,22023.35,-0.005582989371484147,0.007006133684212694
2024-03-18,NIFTY 50,21990.10,22123.70,21916.55,22055.7,0.0014678177414507178,0.00696126348211224
2024-03-19,NIFTY 50,21946.45,21978.30,21793.10,21817.45,-0.010860963573548457,0.007301428093866814
2024-03-20,NIFTY 50,21843.90,21930.90,21710.20,21839.1,0.0009918329219701341,0.007192056293815537
2024-03-21,NIFTY 50,21989.90,22080.95,21941.30,22011.95,0.007883546470263552,0.007224368497479405
2024-03-22,NIFTY 50,21932.20,22180.70,21883.30,22096.75,0.0038450511793153485,0.007288510059448888
2024-03-26,NIFTY 50,21947.90,22073.20,21947.55,22004.7,-0.004174471981014722,0.007290887352663744
2024-03-27,NIFTY 50,22053.95,22193.60,22052.85,22123.65,0.005391105178276993,0.007355767795221856
2024-03-28,NIFTY 50,22163.60,22516.00,22163.60,22326.9,0.009145057440967922,0.007154059435596558
2024-04-01,NIFTY 50,22455.00,22529.95,22427.75,22462.0,0.006032763016645629,0.007247144555782261
2024-04-02,NIFTY 50,22458.80,22497.60,22388.15,22453.3,-0.0003873958365548433,0.006332832367370621
2024-04-03,NIFTY 50,22385.70,22521.10,22346.50,22434.65,-0.0008309580220587544,0.006326756577496767
2024-04-04,NIFTY 50,22592.10,22619.00,22303.80,22514.65,0.0035595697583823936,0.0063695845749730294
2024-04-05,NIFTY 50,22486.40,22537.60,22427.60,22513.7,-4.219563897600843e-05,0.006344196359837094
2024-04-08,NIFTY 50,22578.35,22697.30,22550.35,22666.3,0.006755227104931126,0.006413795105721019
2024-04-09,NIFTY 50,22765.10,22768.40,22612.25,22642.75,-0.0010395275169402805,0.006421056749614124
2024-04-10,NIFTY 50,22720.25,22775.70,22673.70,22753.8,0.0048924520259116325,0.006242903514800557
2024-04-12,NIFTY 50,22677.4,22726.45,22503.75,22519.4,-0.010355004482994602,0.006734856927292293
2024-04-15,NIFTY 50,22339.05,22427.45,22259.55,22272.5,-0.011024426319883079,0.006268048728768155
2024-04-16,NIFTY 50,22125.3,22213.75,22079.45,22147.9,-0.005610049742502448,0.0062412846839865555
2024-04-18,NIFTY 50,22212.35,22326.5,21961.7,21995.85,-0.006888884669556557,0.006309258525480664
2024-04-19,NIFTY 50,21861.5,22179.55,21777.65,22147.0,0.006848247937105312,0.006490060982719747
2024-04-22,NIFTY 50,22336.9,22375.65,22198.15,22336.4,0.008515587591357532,0.006190292484493985
2024-04-23,NIFTY 50,22447.05,22447.55,22349.45,22368.0,0.0014137313223340777,0.006190352956702785
2024-04-24,NIFTY 50,22421.55,22476.45,22384,22402.4,0.0015367299273513811,0.00598890914273952
2024-04-25,NIFTY 50,22316.9,22625.95,22305.25,22570.35,0.007469002041045313,0.006136374262779074
2024-04-26,NIFTY 50,22620.4,22620.4,22385.55,22419.95,-0.006685910529919674,0.0062733035320083124
2024-04-29,NIFTY 50,22475.55,22655.8,22441.9,22643.4,0.009917231248162194,0.006519339364939717
2024-04-30,NIFTY 50,22679.65,22783.35,22568.4,22604.85,-0.0017039337135533136,0.006266506301690187
2024-05-02,NIFTY 50,22567.85,22710.5,22567.85,22648.2,0.0019158935479583357,0.006145753378541014
2024-05-03,NIFTY 50,22766.35,22794.7,22348.05,22475.85,-0.007638979130133127,0.0064039318627544875
2024-05-06,NIFTY 50,22561.6,22588.8,22409.45,22442.7,-0.001476005170173867,0.006410224433624835
2024-05-07,NIFTY 50,22489.75,22499.05,22232.05,22302.5,-0.006266614466335558,0.006500418259964726
2024-05-08,NIFTY 50,22231.2,22368.65,22185.2,22302.5,0.0,0.006500572413903654
2024-05-09,NIFTY 50,22224.8,22307.75,21932.4,21957.5,-0.015590012996666094,0.007086979934567464
2024-05-10,NIFTY 50,21990.95,22131.3,21950.3,22055.2,0.0044396349451461085,0.007214082155389528
2024-05-13,NIFTY 50,22027.95,22131.65,21821.05,22104.05,0.0022124478982964036,0.007116956332064683
2024-05-14,NIFTY 50,22112.9,22270.05,22081.25,22217.85,0.005135170201418869,0.006937290284877106
2024-05-15,NIFTY 50,22255.6,22297.55,22151.75,22200.55,-0.0007789565078779477,0.006497069419451122
2024-05-16,NIFTY 50,22319.2,22432.25,22054.55,22403.85,0.009115755746059738,0.0066790047013928
2024-05-17,NIFTY 50,22415.25,22502.15,22345.65,22466.1,0.0027746872879504058,0.0064565035501868585
2024-05-18,NIFTY 50,22512.85,22520.25,22470.05,22502.0,0.0015966877687512294,0.006313824798739409
2024-05-21,NIFTY 50,22404.55,22591.1,22404.55,22529.05,0.001201393405374315,0.006049391746607848
2024-05-22,NIFTY 50,22576.6,22629.5,22483.15,22597.8,0.0030469688528972257,0.006074351005339672
2024-05-23,NIFTY 50,22614.1,22993.6,22577.45,22967.65,0.016234147702677632,0.0070203458469426
2024-05-24,NIFTY 50,22930.75,23026.4,22908,22957.1,-0.00045944725602593643,0.00687274762106487
2024-05-27,NIFTY 50,23038.95,23110.8,22871.2,22932.45,-0.0010743187662915156,0.006660182615435647
2024-05-28,NIFTY 50,22977.15,22998.55,22858.5,22888.15,-0.0019336287086089532,0.0063575605025438225
2024-05-29,NIFTY 50,22762.75,22825.5,22685.45,22704.7,-0.008047357864970186,0.006627761820630444
2024-05-30,NIFTY 50,22617.45,22705.75,22417,22488.65,-0.00956121402290562,0.0069616837443311295
2024-05-31,NIFTY 50,22568.1,22653.75,22465.1,22530.7,0.0018680861553376123,0.006759684879420408
2024-06-03,NIFTY 50,23337.9,23338.7,23062.3,23263.9,0.03202397920857283,0.009806690229408976
2024-06-04,NIFTY 50,23179.5,23179.5,21281.45,21884.5,-0.061124179171720965,0.017123119744338732
2024-06-05,NIFTY 50,22128.35,22670.4,21791.95,22620.35,0.03307131991776584,0.018739799204747373
2024-06-06,NIFTY 50,22798.6,22910.15,22642.6,22821.4,0.008848748644383161,0.01841513524017565
2024-06-07,NIFTY 50,22821.85,23320.2,22789.05,23290.15,0.020331832162561177,0.01886648934768785
2024-06-10,NIFTY 50,23319.15,23411.9,23227.15,23259.2,-0.0013297717180034533,0.018888159408964912
2024-06-11,NIFTY 50,23283.75,23389.45,23206.65,23264.85,0.00024288513264755015,0.0188845555129955
2024-06-12,NIFTY 50,23344.45,23441.95,23295.95,23322.95,0.00249421651679488,0.018870624315607668
2024-06-13,NIFTY 50,23480.95,23481.05,23353.9,23398.9,0.003251158372345044,0.018807314912457497
2024-06-14,NIFTY 50,23464.95,23490.4,23334.25,23465.6,0.0028465062056323236,0.01880744273526656
2024-06-18,NIFTY 50,23570.8,23579.05,23499.7,23557.9,0.00392570176772377,0.018810874395216302
2024-06-19,NIFTY 50,23629.85,23664,23412.9,23516.0,-0.0017801801450586289,0.01883178266804653
2024-06-20,NIFTY 50,23586.15,23624,23442.6,23567.0,0.0021663878659495613,0.01883058920675318
2024-06-21,NIFTY 50,23661.15,23667.1,23398.2,23501.1,-0.002800199840690768,0.01855765334339407
2024-06-24,NIFTY 50,23382.3,23558.1,23350,23537.85,0.0015625351959234377,0.018553942524306484
2024-06-25,NIFTY 50,23577.1,23754.15,23562.05,23721.3,0.007763614937362357,0.018600879448941128
2024-06-26,NIFTY 50,23723.1,23889.9,23670.45,23868.8,0.0061987880801539115,0.018606360911261815
2024-06-27,NIFTY 50,23881.55,24087.45,23805.4,24044.5,0.00733411339077519,0.01848243371071091
2024-06-28,NIFTY 50,24085.9,24174,23985.8,24010.6,-0.001410880660883107,0.01828276402334699
2024-07-01,NIFTY 50,23992.95,24164,23992.7,24141.95,0.005455591688744926,0.018285840528143516
2024-07-02,NIFTY 50,24228.75,24236.35,24056.4,24123.85,-0.000750013502250918,0.017015109276554734
2024-07-03,NIFTY 50,24291.75,24309.15,24207.1,24286.5,0.0067196627176867064,0.008377141235161421
2024-07-04,NIFTY 50,24369.95,24401,24281,24302.15,0.0006441833860869355,0.005257490704598621
2024-07-05,NIFTY 50,24213.35,24363,24168.85,24323.85,0.0008925266910921613,0.005137950082858763
2024-07-08,NIFTY 50,24329.45,24344.6,24240.55,24320.55,-0.00013567851613180805,0.003226202360745498
2024-07-09,NIFTY 50,24351,24443.6,24331.9,24433.2,0.004621191209858602,0.003160723332751721
2024-07-10,NIFTY 50,24459.85,24461.05,24141.8,24324.45,-0.004460845850279831,0.0034921666481574102
2024-07-11,NIFTY 50,24396.55,24402.65,24193.75,24315.95,-0.00034950370829703764,0.003538297975505541
2024-07-12,NIFTY 50,24387.95,24592.2,24331.15,24502.15,0.007628355177359564,0.0037436592366369144
2024-07-15,NIFTY 50,24587.6,24635.05,24522.75,24586.7,0.003444777525214419,0.0037506094683545607
2024-07-16,NIFTY 50,24615.9,24661.25,24587.65,24613.0,0.0010691123118667994,0.003741164730575961
2024-07-18,NIFTY 50,24543.8,24837.75,24504.45,24800.85,0.00760316813758856,0.0038048096418426907
2024-07-19,NIFTY 50,24853.8,24854.8,24508.15,24530.9,-0.010944379412161618,0.0048736225840345145
2024-07-22,NIFTY 50,24445.75,24595.2,24362.3,24509.25,-0.0008829500483391605,0.004792323487221499
2024-07-23,NIFTY 50,24568.9,24582.55,24074.2,24479.05,-0.0012329476150728363,0.004849258221233683
2024-07-24,NIFTY 50,24444.95,24504.25,24307.25,24413.5,-0.002681391716104508,0.00475286451034041
2024-07-25,NIFTY 50,24230.95,24426.15,24210.8,24406.1,-0.00030315693109630526,0.00463089926463096
2024-07-26,NIFTY 50,24423.35,24861.15,24410.9,24834.85,0.01741480762361384,0.00575565648702004
2024-07-29,NIFTY 50,24943.3,24999.75,24774.6,24836.1,5.0331229834195685e-05,0.005724386637355398
2024-07-30,NIFTY 50,24839.4,24971.75,24798.65,24857.3,0.0008532320705021157,0.005657162048688469
2024-07-31,NIFTY 50,24886.7,24984.6,24856.5,24951.15,0.003768441341371064,0.005654480613945937
2024-08-01,NIFTY 50,25030.95,25078.3,24956.4,25010.9,0.0023918165281347566,0.0055332169789893805
2024-08-02,NIFTY 50,24789,24851.9,24686.85,24717.7,-0.01179214365820847,0.006279337883879088
2024-08-05,NIFTY 50,24302.85,24350.05,23893.7,24055.6,-0.027151768509934573,0.008866904289043319
2024-08-06,NIFTY 50,24189.85,24382.6,23960.4,23992.55,-0.0026244521876233645,0.008878174151216627
2024-08-07,NIFTY 50,24289.4,24337.7,24184.9,24297.5,0.012630098903435905,0.009300393735984173
2024-08-08,NIFTY 50,24248.55,24340.5,24079.7,24117.0,-0.007456478381555143,0.009394937033667323
2024-08-09,NIFTY 50,24386.85,24419.75,24311.2,24367.5,0.010333291215294636,0.009698427685655526
2024-08-12,NIFTY 50,24320.05,24472.8,24212.1,24347.0,-0.0008416385761983504,0.00953622939229093
2024-08-13,NIFTY 50,24342.35,24359.95,24116.5,24139.0,-0.00857984886239657,0.009664730132952576
2024-08-14,NIFTY 50,24184.4,24196.5,24099.7,24143.75,0.0001967576418212346,0.009657251736530908
2024-08-16,NIFTY 50,24334.85,24563.9,24204.5,24541.15,0.016325753017997963,0.010243601007308666
2024-08-19,NIFTY 50,24636.35,24638.8,24522.95,24572.65,0.0012827353745464452,0.00994976262532635
2024-08-20,NIFTY 50,24648.9,24734.3,24607.2,24698.85,0.005122648020588943,0.010009456229596649
2024-08-21,NIFTY 50,24680.55,24787.95,24654.5,24770.2,0.0028846339064908873,0.010016762927466089
2024-08-22,NIFTY 50,24863.4,24867.35,24784.45,24811.5,0.001665937616169819,0.009989140515297036
2024-08-23,NIFTY 50,24845.4,24858.4,24771.65,24823.15,0.00046943013455067465,0.009986108514749306
2024-08-26,NIFTY 50,24906.1,25043.8,24874.7,25010.6,0.007523049502801839,0.009346864071140222
2024-08-27,NIFTY 50,25024.8,25073.1,24973.65,25017.75,0.00028583793184004246,0.009346611581370465
2024-08-28,NIFTY 50,25030.8,25129.6,24964.65,25052.35,0.0013820625685767348,0.00934881513884073
2024-08-29,NIFTY 50,25035.3,25192.9,24998.5,25151.95,0.003967792825316532,0.00935271132046437
2024-08-30,NIFTY 50,25249.7,25268.35,25199.4,25235.9,0.003332155576256976,0.009365601968073128
2024-09-02,NIFTY 50,25333.6,25333.65,25235.5,25278.7,0.0016945599981708784,0.008912496643683019
2024-09-03,NIFTY 50,25313.4,25321.7,25235.8,25279.85,4.5491810987265924e-05,0.005955893637671245
2024-09-04,NIFTY 50,25089.95,25216,25083.8,25198.7,-0.0032152298316295127,0.0059839514474816355
2024-09-05,NIFTY 50,25250.5,25275.45,25127.75,25145.1,-0.002129359335315646,0.005557651162406728
2024-09-06,NIFTY 50,25093.7,25168.75,24801.3,24852.15,-0.011718778635040884,0.0059925384945200616
2024-09-09,NIFTY 50,24823.4,24957.5,24753.15,24936.4,0.0033843154867430215,0.005644876534289343
2024-09-10,NIFTY 50,24999.4,25130.5,24896.8,25041.1,0.004189891577969935,0.005663349819935598
2024-09-11,NIFTY 50,25034,25113.7,24885.15,24918.45,-0.004909982031582216,0.0053749020936102385
2024-09-12,NIFTY 50,25059.65,25433.35,24941.45,25388.9,0.018703577686811725,0.006580464462765435
2024-09-13,NIFTY 50,25430.45,25430.5,25292.45,25356.5,-0.0012769632085949123,0.005762278974720059
2024-09-16,NIFTY 50,25406.65,25445.7,25336.2,25383.75,0.0010740980826790941,0.005763137517830901
2024-09-17,NIFTY 50,25416.9,25441.65,25352.25,25418.55,0.0013700169261289907,0.005704012307706968
2024-09-18,NIFTY 50,25402.4,25482.2,25285.55,25377.55,-0.0016142975111744227,0.005732521578601515
2024-09-19,NIFTY 50,25487.05,25611.95,25376.05,25415.8,0.0015061029536485916,0.005731965618360604
2024-09-20,NIFTY 50,25525.95,25849.25,25426.6,25790.95,0.014652627320371103,0.006466692039398458
2024-09-23,NIFTY 50,25872.55,25956,25847.35,25939.05,0.005725900043797215,0.0063967332739643295
2024-09-24,NIFTY 50,25921.45,26011.55,25886.85,25940.4,5.204372830882163e-05,0.006399902067077998
2024-09-25,NIFTY 50,25899.45,26032.8,25871.35,26004.15,0.0024545416990469533,0.006400613692284742
2024-09-26,NIFTY 50,26005.4,26250.9,25998.4,26216.05,0.008115677958002051,0.006538078805052826
2024-09-27,NIFTY 50,26248.25,26277.35,26151.4,26178.95,-0.0014161659013423675,0.00657600615552689
2024-09-30,NIFTY 50,26061.3,26134.7,25794.1,25810.85,-0.014160706565616464,0.007486436142625761
2024-10-01,NIFTY 50,25788.45,25907.6,25739.2,25796.9,-0.0005406164903432377,0.007491686074739568
2024-10-03,NIFTY 50,25452.85,25639.45,25230.3,25250.1,-0.021424213560051142,0.008989262267183823
2024-10-04,NIFTY 50,25181.9,25485.05,24966.8,25014.6,-0.009370461703002124,0.009226549551965842
2024-10-07,NIFTY 50,25084.1,25143,24694.35,24795.75,-0.00878738688905138,0.009056661337040623
2024-10-08,NIFTY 50,24832.2,25044,24756.8,25013.15,0.008729419061179721,0.009242277697932575
2024-10-09,NIFTY 50,25065.8,25234.05,24947.7,24981.95,-0.0012481224780150524,0.009197166097104864
2024-10-10,NIFTY 50,25067.05,25134.05,24979.4,24998.45,0.0006602588454441217,0.009128507606979157
2024-10-11,NIFTY 50,24985.3,25028.65,24920.05,24964.25,-0.001369021503702845,0.008018407249616916
