Date,INFY,RELIANCE,TCS
2000-01-03,,,
2000-01-04,,0.07701254145065954,
2000-01-05,,0.03842810699456584,
2000-01-06,,0.04109098488777481,
2000-01-07,,0.06637351054176831,
2000-01-10,,-0.019421202670596202,
2000-01-11,,-0.06702675739728821,
2000-01-12,,0.04473806021686109,
2000-01-13,,0.03308915680711638,
2000-01-14,,0.01416882733947155,
2000-01-17,,-0.024159242369416273,
2000-01-18,,0.017497837879333695,
2000-01-19,,0.017040488070598953,
2000-01-20,,-0.02134637144774716,
2000-01-21,,0.0422465826368539,
2000-01-24,,-0.0006130268391215767,
2000-01-25,,-0.019192664656635747,
2000-01-27,,0.04581653336880721,
2000-01-28,,0.01009959572395811,
2000-01-31,,-0.03061004175850286,
2000-02-01,,0.01781986145175475,
2000-02-02,,0.018096014419583382,
2000-02-03,,0.004400124435717508,
2000-02-04,,0.007290787617585894,
2000-02-07,,-0.0015994187342727572,
2000-02-08,,-0.003498545842513393,
2000-02-09,,0.023095714794649395,
2000-02-10,,0.01515287790772546,
2000-02-11,,0.021000702257194612,
2000-02-14,,-0.03131371306614938,
2000-02-15,,-0.022256644170299583,
2000-02-16,,0.010974839397848421,
2000-02-17,,0.01821595836145001,
2000-02-18,,-0.014488889826867725,
2000-02-21,,-0.010933787531864029,
2000-02-22,,-0.03323835389128636,
2000-02-23,,-0.01370193837448907,
2000-02-24,,0.020854405164974766,
2000-02-25,,-0.02449960968730557,
2000-02-28,,0.013601539596466313,
2000-02-29,,-0.06913226448428741,
2000-03-01,,0.018960179224924125,
2000-03-02,,-0.08237338877360545,
2000-03-03,,-0.08323259429808688,
2000-03-06,,-0.055527279621324484,
2000-03-07,,-0.046960769424773896,
2000-03-08,,-0.03935278955967435,
2000-03-09,,-0.00710826902541217,
2000-03-10,,-0.06450969895601838,
2000-03-13,,-0.0650151545770485,
2000-03-14,,0.07579383936953372,
2000-03-15,,0.07702017699232722,
2000-03-16,,-0.0080577195931835,
2000-03-21,,0.012903404835908001,
2000-03-22,,0.022855763244514864,
2000-03-23,,-0.010116737467085166,
2000-03-24,,-0.00145363954576324,
2000-03-27,,0.07696873791387242,
2000-03-28,,0.0770037999337573,
2000-03-29,,-0.03388312172332213,
2000-03-30,,0.07694738935218122,
2000-03-31,,0.07699264220424694,
2000-04-03,,0.0376759543818534,
2000-04-04,,-0.08325591888394576,
2000-04-05,,-0.0003307972243199379,
2000-04-06,,0.07610290874720294,
2000-04-07,,0.07698375253668471,
2000-04-10,,0.0343225654736497,
2000-04-11,,-0.03007326729499198,
2000-04-12,,-0.04569249341108429,
2000-04-13,,-0.08326582799646483,
2000-04-17,,-0.041197259220292506,
2000-04-18,,0.0055142591059161965,
2000-04-19,,0.04814720749922997,
2000-04-20,,0.07020964190555638,
2000-04-24,,-0.0023714254480822973,
2000-04-25,,-0.014648991405503213,
2000-04-26,,0.07510775185547129,
2000-04-27,,-0.034966609450920096,
2000-04-28,,-0.0017373683246630464,
2000-05-02,,-0.04717576015272522,
2000-05-03,,-0.0034999655297419424,
2000-05-04,,0.027662617743556682,
2000-05-05,,-0.00550146358195407,
2000-05-08,,-0.034431246753416925,
2000-05-09,,0.01333659684465228,
2000-05-10,,-0.009485995244367102,
2000-05-11,,-0.02648129819136624,
2000-05-12,,-0.002687111393209003,
2000-05-15,,0.011331566009550018,
2000-05-16,,-0.006594465725280825,
2000-05-17,,0.00455796466897207,
2000-05-18,,-0.0278259466548774,
2000-05-19,,0.017580762865315847,
2000-05-22,,-0.010031132596628585,
2000-05-23,,0.007334216549365843,
2000-05-24,,-0.006374523577435989,
2000-05-25,,0.00015985932413550795,
2000-05-26,,0.011601242550158182,
2000-05-29,,0.07016140952634166,
2000-05-30,,0.012733432201092887,
2000-05-31,,0.000290824489471528,
2000-06-01,,-0.013761013520472517,
2000-06-02,,-0.00517255272833249,
2000-06-05,,0.005172552728332513,
2000-06-06,,-0.0011799411398486367,
2000-06-07,,-0.0025120072315362777,
2000-06-08,,0.00854454226243119,
2000-06-09,,0.0010263178087295923,
2000-06-12,,-0.005289462817398168,
2000-06-13,,-0.0026552604477961595,
2000-06-14,,-0.0034031252788952293,
2000-06-15,,-0.017643998386033963,
2000-06-16,,0.0024107289059542903,
2000-06-19,,-0.0027124790591187766,
2000-06-20,,-0.0031738861374919886,
2000-06-21,,-0.003487758482858332,
2000-06-22,,0.04703084311747403,
2000-06-23,,-0.021238440191051547,
2000-06-26,,-0.01973453190931989,
2000-06-27,,0.0100654346372947,
2000-06-28,,-0.002244669853823862,
2000-06-29,,0.025149254454099088,
2000-06-30,,-0.004245669213397611,
2000-07-03,,0.021337626433394895,
2000-07-04,,-0.007930255675977556,
2000-07-05,,0.025017386487053497,
2000-07-06,,0.022890043355658845,
2000-07-07,,-0.003178774012460126,
2000-07-10,,0.020008890086561006,
2000-07-11,,0.020015444194644662,
2000-07-12,,-0.015818024180560483,
2000-07-13,,-0.011688091743241697,
2000-07-14,,-0.012518218357403334,
2000-07-17,,0.005797117684325915,
2000-07-18,,-0.01427704616669608,
2000-07-19,,-0.011372533942602034,
2000-07-20,,0.009835684181501034,
2000-07-21,,-0.03906412586113869,
2000-07-24,,-0.05192096872173465,
2000-07-25,,0.022411598233123067,
2000-07-26,,-0.02517191282122348,
2000-07-27,,0.055117361520103644,
2000-07-28,,-0.010518723719513273,
2000-07-31,,-0.01077898956080391,
2000-08-01,,0.005034809984157956,
2000-08-02,,0.0014760150281206794,
2000-08-03,,-0.0039902513595993375,
2000-08-04,,-0.0226142171617035,
2000-08-07,,0.00045430454328722065,
2000-08-08,,0.0018151570556338373,
2000-08-09,,0.008577285299259734,
2000-08-10,,-0.012514298258599305,
2000-08-11,,-0.0009107468753384797,
2000-08-14,,0.000303674463311494,
2000-08-16,,0.024148155025165846,
2000-08-17,,0.0010368067284403084,
2000-08-18,,-0.0023714254480822973,
2000-08-21,,-0.0013364023074434314,
2000-08-22,,0.005334926701880277,
2000-08-23,,0.0036881357731376806,
2000-08-24,,-0.011701236966749256,
2000-08-25,,-0.005977304108459414,
2000-08-28,,-0.00420547330539728,
2000-08-29,,-0.005433155532371495,
2000-08-30,,0.01948210876568409,
2000-08-31,,-0.0010394239557849632,
2000-09-04,,0.05026766089469546,
2000-09-05,,0.005213849618544168,
2000-09-06,,0.021826125333362003,
2000-09-07,,-0.004824600991187051,
2000-09-08,,0.024702723183408312,
2000-09-11,,0.0324940729208681,
2000-09-12,,0.0007826767944548889,
2000-09-13,,-0.02095076300667873,
2000-09-14,,0.0005324813757337702,
2000-09-15,,-0.02629424053268704,
2000-09-18,,-0.05548006930512719,
2000-09-19,,-0.02515488002030669,
2000-09-20,,0.028902902283044762,
2000-09-21,,0.0011504171530495357,
2000-09-22,,-0.02783421947966173,
2000-09-25,,0.0105836648658704,
2000-09-26,,-0.0019026716314436208,
2000-09-27,,0.030585188414878024,
2000-09-28,,-0.018065007397638774,
2000-09-29,,-0.009010379227620609,
2000-10-03,,0.001896011652363534,
2000-10-04,,0.010147956033855706,
2000-10-05,,-0.018928928597429694,
2000-10-06,,0.0007346999081493611,
2000-10-09,,0.00014687522975664652,
2000-10-10,,-0.015540903321047713,
2000-10-11,,-0.01472603621118396,
2000-10-12,,-0.008971397509643523,
2000-10-13,,-0.02803560059905324,
2000-10-16,,-0.025454762833712574,
2000-10-17,,-0.027278130700424414,
2000-10-18,,-0.011994146785819166,
2000-10-19,,0.015960438549648754,
2000-10-20,,-0.016798731833713842,
2000-10-23,,-0.04196180297404551,
2000-10-24,,0.0236809959878597,
2000-10-25,,0.04132750390002138,
2000-10-26,,0.0016377337430630043,
2000-10-27,,-0.00854565594992654,
2000-10-30,,-0.00645751064212227,
2000-10-31,,0.0038133180586916427,
2000-11-01,,0.02096032195950852,
2000-11-02,,0.022908490796870122,
2000-11-03,,-0.00015839075031133724,
2000-11-06,,-0.009389740349839032,
2000-11-07,,0.0015976996528525064,
2000-11-08,,0.01662351270072684,
2000-11-09,,0.002195734884691468,
2000-11-10,,-0.025386100686839455,
2000-11-13,,-0.028524466709849004,
2000-11-14,,0.028203026655650932,
2000-11-15,,0.006568957371331198,
2000-11-16,,-0.004641865077500538,
2000-11-17,,-0.0025702825395129444,
2000-11-20,,-0.002093229972908165,
2000-11-21,,-0.0035524016043676607,
2000-11-22,,-0.003078171729818661,
2000-11-23,,0.009688433606974738,
2000-11-24,,0.007045665655457762,
2000-11-27,,0.016929444752606083,
2000-11-28,,0.033326132519271155,
2000-11-29,,-0.007004749213969934,
2000-11-30,,0.0028992161911397217,
2000-12-01,,-0.0001523809526756732,
2000-12-04,,0.013622126791771376,
2000-12-05,,0.018174193064898654,
2000-12-06,,-0.004290264735860723,
2000-12-07,,0.0008891524000142121,
2000-12-08,,0.005465705312246426,
2000-12-11,,0.01911490314469426,
2000-12-12,,-0.004780885600341897,
2000-12-13,,0.00896348346252633,
2000-12-14,,-0.003171402398628207,
2000-12-15,,-0.024407495862013243,
2000-12-18,,0.009863900366298367,
2000-12-19,,-0.005582503112535484,
2000-12-20,,0.007192691559677248,
2000-12-21,,0.0013155011763367269,
2000-12-22,,-0.012050109071659787,
2000-12-26,,-0.030623828080336188,
2000-12-27,,0.01527902047504469,
2000-12-28,,0.017117333918710967,
2000-12-29,,0.0004426410990752143,
2001-01-01,,0.008226871727084402,
2001-01-02,,0.03606453626736741,
2001-01-03,,0.01609889882344942,
2001-01-04,,-0.006268739620257059,
2001-01-05,,0.01800353293989922,
2001-01-08,,-0.011318271272662493,
2001-01-09,,-0.006266120899661678,
2001-01-10,,-0.01761477236225729,
2001-01-11,,0.0115902357517981,
2001-01-12,,-0.003519395481729071,
2001-01-15,,0.002816506579521359,
2001-01-16,,0.03550341805162471,
2001-01-17,,-0.017386980546321967,
2001-01-18,,0.0074298635680652494,
2001-01-19,,0.011855422633058008,
2001-01-22,,0.014524192921321318,
2001-01-23,,0.018912155287205218,
2001-01-24,,-0.003412076801169121,
2001-01-25,,0.003543078307873708,
2001-01-29,,-0.010667118991727117,
2001-01-30,,0.03128105953011286,
2001-01-31,,-0.01304506713489046,
2001-02-01,,0.004022061860593431,
2001-02-02,,0.021393245270656218,
2001-02-05,,0.011718145805878903,
2001-02-06,,-0.0032622362682639067,
2001-02-07,,-0.011121054842551513,
2001-02-08,,0.006333945675429117,
2001-02-09,,0.007422818254939423,
2001-02-12,,0.0041278437497650425,
2001-02-13,,0.023440500821294435,
2001-02-14,,0.013323840516615138,
2001-02-15,,0.017059763573708833,
2001-02-16,,-0.0005916109738903632,
2001-02-19,,0.006841262823039558,
2001-02-20,,-0.006013105425810787,
2001-02-21,,-0.02079176344456097,
2001-02-22,,0.001327300345690958,
2001-02-23,,-0.00811191566083431,
2001-02-26,,-0.01235414159243122,
2001-02-27,,-0.010267919740718803,
2001-02-28,,0.029406676648293224,
2001-03-01,,0.05656793660984442,
2001-03-02,,-0.044565872230340295,
2001-03-05,,-0.025250510968887214,
2001-03-07,,0.00816430538738782,
2001-03-08,,0.0033922978981414296,
2001-03-09,,-0.00947874395454377,
2001-03-12,,-0.0036697288889624017,
2001-03-13,,-0.05000413602930101,
2001-03-14,,0.028700382606854077,
2001-03-15,,-0.005397615564889384,
2001-03-16,,-0.03392325282909849,
2001-03-19,,-0.003913899321136329,
2001-03-20,,-0.024212335784879715,
2001-03-21,,0.07219295979116026,
2001-03-22,,-0.01988237131791243,
2001-03-23,,-0.0358405654921814,
2001-03-26,,0.01217690987167891,
2001-03-27,,0.016776751726568635,
2001-03-28,,0.02851208655799626,
2001-03-29,,-0.013902158900613209,
2001-03-30,,-0.017557702941540736,
2001-04-02,,0.003843202270753352,
2001-04-03,,-0.0005115743812809974,
2001-04-04,,-0.02002780295973611,
2001-04-06,,-0.0009140171688101716,
2001-04-09,,-0.0689462177278164,
2001-04-10,,-0.08359461120680899,
2001-04-11,,-0.013326382406614492,
2001-04-12,,-0.0866049270439505,
2001-04-16,,0.035676781255649236,
2001-04-17,,0.022620680575471844,
2001-04-18,,0.037364246744867984,
2001-04-19,,0.12225549686231728,
2001-04-20,,-0.029922627714828252,
2001-04-23,,-0.013325114758222808,
2001-04-24,,-0.013218869194720102,
2001-04-25,,0.025986492649305325,
2001-04-26,,-0.010651817601451381,
2001-04-27,,-0.027136769436009997,
2001-04-30,,-0.008286737832702042,
2001-05-02,,-0.0005841121661403288,
2001-05-03,,0.004808752435883338,
2001-05-04,,-0.0007271141162349612,
2001-05-07,,-0.008180004711930807,
2001-05-08,,0.015138571497441286,
2001-05-09,,0.016192945353199782,
2001-05-10,,0.009619539449320497,
2001-05-11,,0.0005629838290853769,
2001-05-14,,0.012445102243528619,
2001-05-15,,0.030114512175267255,
2001-05-16,,-0.010437234700628321,
2001-05-17,,0.041633764686789115,
2001-05-18,,-0.02033341772878978,
2001-05-21,,0.004790428322632518,
2001-05-22,,0.0021217353139301545,
2001-05-23,,0.009492490526492654,
2001-05-24,,0.03062452645228761,
2001-05-25,,0.0016529980240451029,
2001-05-28,,0.013251913499224072,
2001-05-29,,0.01146858743242795,
2001-05-30,,-0.029815404323164672,
2001-05-31,,0.00191363201856027,
2001-06-01,,-0.031197922076104664,
2001-06-04,,-0.01456979415669515,
2001-06-05,,-0.0048147745815348185,
2001-06-06,,-0.02004129366184723,
2001-06-07,,-0.003699901445817391,
2001-06-08,,0.016880335478516743,
2001-06-11,,0.0008096073846622572,
2001-06-12,,-0.0017549785132110818,
2001-06-13,,0.014353992508932994,
2001-06-14,,-0.031113019534294288,
2001-06-15,,-0.017464061318754907,
2001-06-18,,-0.04870627507077122,
2001-06-19,,0.018183641602722372,
2001-06-20,,-0.005782869954010099,
2001-06-21,,-0.010933850452700216,
2001-06-22,,0.003803954842986859,
2001-06-25,,-0.0027783888604887854,
2001-06-26,,0.015546989499288698,
2001-06-27,,0.0320640320980002,
2001-06-28,,0.011660320896644406,
2001-06-29,,0.016968113728359754,
2001-07-02,,-0.027093729056947957,
2001-07-03,,-0.08507416482890354,
2001-07-04,,-0.009762127556626364,
2001-07-05,,0.016870983025403415,
2001-07-06,,-0.01840496093012909,
2001-07-09,,0.004594892446404292,
2001-07-10,,0.01967078102873635,
2001-07-11,,0.00865289599937739,
2001-07-12,,0.010638398205055577,
2001-07-13,,0.011107977411637056,
2001-07-16,,-0.03550668845690976,
2001-07-17,,0.0030075210639553224,
2001-07-18,,-0.018947137476112492,
2001-07-19,,-0.008143242356829514,
2001-07-20,,-0.03197764629959395,
2001-07-23,,-0.0028712733077545364,
2001-07-24,,0.004303824288916983,
2001-07-25,,-0.011679198430068437,
2001-07-26,,-0.01900796404517652,
2001-07-27,,0.0039286349432536,
2001-07-30,,0.02197535514729378,
2001-07-31,,0.018996930316908196,
2001-08-01,,-0.010562090780012814,
2001-08-02,,0.007263572121347817,
2001-08-03,,-0.0018897643419227483,
2001-08-06,,0.018738836886247483,
2001-08-07,,0.01824224726694526,
2001-08-08,,-0.0021289545754037326,
2001-08-09,,0.02213112530495854,
2001-08-10,,0.011841464594391126,
2001-08-13,,-0.03977413288916551,
2001-08-14,,-0.016986202108608708,
2001-08-16,,0.018057439490107394,
2001-08-17,,-0.02901902748118094,
2001-08-20,,0.000944287133433864,
2001-08-21,,0.0032980006335940975,
2001-08-23,,-0.0059758001387312685,
2001-08-24,,-0.005853057918161597,
2001-08-27,,0.0004758505918961548,
2001-08-28,,-0.007800724106642644,
2001-08-29,,0.01758461152585521,
2001-08-30,,0.002196079313970059,
2001-08-31,,-0.025229422268971062,
2001-09-03,,0.004969153448568689,
2001-09-04,,0.00526275036527455,
2001-09-05,,-0.010231903813843373,
2001-09-06,,0.001445202981366424,
2001-09-07,,-0.012595031668597115,
2001-09-10,,-0.011604281561281807,
2001-09-11,,0.0029546968311473095,
2001-09-12,,-0.023717837878625,
2001-09-13,,-0.025842988688652223,
2001-09-14,,-0.10524569850401735,
2001-09-17,,0.005153174873403701,
2001-09-18,,-0.036840148984052315,
2001-09-19,,-0.0249988020647844,
2001-09-20,,-0.028761226505484964,
2001-09-21,,-0.10193902165973051,
2001-09-24,,0.02055805612841741,
2001-09-25,,-0.06805664762879761,
2001-09-26,,0.0948260355198741,
2001-09-27,,0.062086695504024944,
2001-09-28,,0.09052196397141819,
2001-10-01,,-0.019269889407617345,
2001-10-03,,-0.051181771542994185,
2001-10-04,,0.01149090357680252,
2001-10-05,,0.004799049402466203,
2001-10-08,,0.006759469076758943,
2001-10-09,,0.002967654764807075,
2001-10-10,,0.01975614377457966,
2001-10-11,,0.02769731057244905,
2001-10-12,,0.006197784887672308,
2001-10-15,,0.024231278962616145,
2001-10-16,,0.0,
2001-10-17,,0.03924179930073753,
2001-10-18,,-0.0306892951636227,
2001-10-19,,0.0019911310768793446,
2001-10-22,,-0.013471894993082384,
2001-10-23,,0.007668469201892877,
2001-10-24,,-0.03309907398287342,
2001-10-25,,-0.007738077679048293,
2001-10-29,,-0.013159339318077749,
2001-10-30,,-0.030801655277138913,
2001-10-31,,0.0072985825519054385,
2001-11-01,,0.024462489473488974,
2001-11-02,,0.008593579095897077,
2001-11-05,,-0.005529616530375575,
2001-11-06,,0.003816798526700811,
2001-11-07,,-0.01303699446361402,
2001-11-08,,0.0061562333713916124,
2001-11-09,,0.012768158213486215,
2001-11-12,,0.008109426808068896,
2001-11-13,,0.008416770907567308,
2001-11-14,,0.017539450828056562,
2001-11-15,,0.01759682593693809,
2001-11-19,,0.093330159357241,
2001-11-20,,-0.04763603927306946,
2001-11-21,,0.011444313136976596,
2001-11-22,,-0.008528108994652063,
2001-11-23,,0.0,
2001-11-26,,0.022693607245021175,
2001-11-27,,-0.018249915092593723,
2001-11-28,,-0.009079291491381734,
2001-11-29,,-0.0020671841986650537,
2001-12-03,,0.0017229501160918126,
2001-12-04,,0.027338488394115314,
2001-12-05,,0.04839126512548925,
2001-12-06,,-0.010750203810217717,
2001-12-07,,0.0065921936615540595,
2001-12-10,,0.00972816857858222,
2001-12-11,,-0.014708498577162726,
2001-12-12,,0.0017700543683323523,
2001-12-13,,0.0,
2001-12-14,,-0.0022533407248995505,
2001-12-18,,-0.0037129754497569395,
2001-12-19,,-0.0014566644964640444,
2001-12-20,,0.005169639946220929,
2001-12-21,,0.00016112140532734424,
2001-12-24,,0.0011271235393398669,
2001-12-26,,-0.012631746905900574,
2001-12-27,,-0.01494157999819914,
2001-12-28,,-0.0011586527821090364,
2001-12-31,,0.014142646510790256,
2002-01-01,,-0.003926706616171752,
2002-01-02,,-0.00460073108593666,
2002-01-03,,-0.023832475368098262,
2002-01-04,,0.07971830408668065,
2002-01-07,,-0.003275878446285154,
2002-01-08,,-0.006741422411354347,
2002-01-09,,0.03250053925456383,
2002-01-10,,-0.011332433682485996,
2002-01-11,,0.006600684031352093,
2002-01-14,,-0.003371650703660123,
2002-01-15,,-0.009098682555435895,
2002-01-16,,-0.007776088949908235,
2002-01-17,,-0.004851719353552972,
2002-01-18,,-0.022529907426697474,
2002-01-21,,0.002564103968937634,
2002-01-22,,0.0006400000218455154,
2002-01-23,,0.0065364919855661445,
2002-01-24,,-0.0035020729839126833,
2002-01-25,,0.003978679554218398,
2002-01-28,,-0.0011124355537359119,
2002-01-29,,0.0068140664573996,
2002-01-30,,-0.008086938546522095,
2002-01-31,,-0.04543645645406825,
2002-02-01,,0.0018310450392560631,
2002-02-04,,0.007125724077716209,
2002-02-05,,-0.0298329481384221,
2002-02-06,,-0.007513696551195858,
2002-02-07,,0.054211555259376494,
2002-02-08,,0.010498360171184358,
2002-02-11,,-0.008389852375176015,
2002-02-12,,0.001942376784206301,
2002-02-13,,0.0025839807659250678,
2002-02-14,,0.004987541511039188,
2002-02-15,,0.012915749981488176,
2002-02-18,,0.009931507500916713,
2002-02-19,,0.0065666277238885596,
2002-02-20,,-0.011914234050483748,
2002-02-21,,-0.008393429590989206,
2002-02-22,,0.0015890675519275176,
2002-02-25,,-0.0006353240366177677,
2002-02-26,,0.020911067746934065,
2002-02-27,,0.013599344187659223,
2002-02-28,,-0.0565175646477353,
2002-03-01,,0.045870137464172976,
2002-03-04,,-0.02720507427863995,
2002-03-05,,0.0003187759032414486,
2002-03-06,,-0.01963371725949444,
2002-03-07,,0.011794304261063246,
2002-03-08,,-0.014072209574057224,
2002-03-11,,-0.028082453258846535,
2002-03-12,,-0.020992814262481046,
2002-03-13,,0.004778981616350601,
2002-03-14,,0.013025643017156061,
2002-03-15,,0.034847882474895266,
2002-03-18,,-0.004392036340373935,
2002-03-19,,-0.02342181947714131,
2002-03-20,,0.01375674301169369,
2002-03-21,,-0.0006586530783151423,
2002-03-22,,0.0008232485852294848,
2002-03-26,,-0.01258711550547148,
2002-03-27,,0.0003332777901205565,
2002-03-28,,0.0006662225429631738,
2002-04-01,,0.006141607818282895,
2002-04-02,,0.00462275876887553,
2002-04-03,,-0.015270006249529719,
2002-04-04,,0.021182324342230382,
2002-04-05,,0.0011455692276450256,
2002-04-08,,-0.00887142338741959,
2002-04-09,,-0.009450455811517156,
2002-04-10,,-0.013078657248511136,
2002-04-11,,0.0010121458353948057,
2002-04-12,,0.005716222693289928,
2002-04-15,,-0.012822851587445816,
2002-04-16,,-0.018509525862094544,
2002-04-17,,0.003453638383588136,
2002-04-18,,0.007898392709606251,
2002-04-19,,-0.026515720337687752,
2002-04-22,,0.008916922444873191,
2002-04-23,,0.013657399593665902,
2002-04-24,,-0.0053370187798978015,
2002-04-25,,-0.009191081783011968,
2002-04-26,,0.00521287018853321,
2002-04-29,,-0.046833673799592544,
2002-04-30,,0.011017902480955098,
2002-05-02,,0.021326559123291823,
2002-05-03,,0.01223363736900992,
2002-05-06,,0.006406393653485934,
2002-05-07,,0.011838518634919318,
2002-05-08,,-0.01097592908777444,
2002-05-09,,0.00515997016910911,
2002-05-10,,-0.011734388313166588,
2002-05-13,,-0.007142265358539622,
2002-05-14,,-0.008074469005046948,
2002-05-15,,-0.0028238635072842444,
2002-05-16,,-0.017832141559063486,
2002-05-17,,0.010381335403198062,
2002-05-20,,-0.0165174311764644,
2002-05-21,,-0.05182699369878511,
2002-05-22,,-0.01343590269682769,
2002-05-23,,-0.018331246539837927,
2002-05-24,,0.06311061769694683,
2002-05-27,,-0.004630066610144921,
2002-05-28,,-0.03533001811101513,
2002-05-29,,0.020179630128166298,
2002-05-30,,-0.01461820050955439,
2002-05-31,,0.0078103073472774644,
2002-06-03,,0.025664047846596955,
2002-06-04,,0.009754379356945812,
2002-06-05,,0.005115100666770409,
2002-06-06,,0.003092879751059178,
2002-06-07,,-0.0018181823190586274,
2002-06-10,,0.03276047019519472,
2002-06-11,,0.01849642680568423,
2002-06-12,,-0.01007827818054022,
2002-06-13,,-0.006131227054936408,
2002-06-14,,-0.009533970521548904,
2002-06-17,,0.01076322697627851,
2002-06-18,,-0.0054553588882341455,
2002-06-19,,0.011579076738763289,
2002-06-20,,-0.00034891835664517046,
2002-06-21,,-0.009290977518821082,
2002-06-24,,-0.0003522987529831501,
2002-06-25,,-0.039530838756635205,
2002-06-26,,-0.021303019183527755,
2002-06-27,,0.01744661921553951,
2002-06-28,,-0.008685262025055245,
2002-07-01,,0.008501252456038442,
2002-07-02,,-0.017075396316386788,
2002-07-03,,0.003923405313018799,
2002-07-04,,-0.00429786702868463,
2002-07-05,,-0.0139545918979858,
2002-07-08,,0.03195637708966591,
2002-07-09,,0.018405986584986378,
2002-07-10,,0.0016238163243274461,
2002-07-11,,-0.04310059360429144,
2002-07-12,,-0.0013183917532581131,
2002-07-15,,0.0020709788066535567,
2002-07-16,,-0.030360327063048587,
2002-07-17,,-0.015631424176666273,
2002-07-18,,0.0212380120867766,
2002-07-19,,0.0017336034390900282,
2002-07-22,,-0.011614532420693002,
2002-07-23,,-0.00019472300713849062,
2002-07-24,,-0.02046107187134006,
2002-07-25,,0.0009933446729191878,
2002-07-26,,-0.025745589333435803,
2002-07-29,,0.009530640933286256,
2002-07-30,,-0.0038418811788646185,
2002-07-31,,-0.009976668315068951,
2002-08-01,,0.002860647639392745,
2002-08-02,,-0.009018302563802712,
2002-08-05,,0.004519317470092288,
2002-08-06,,-0.009886795261430407,
2002-08-07,,-0.001242750781320454,
2002-08-08,,-0.03415171696476538,
2002-08-09,,0.006413018986096804,
2002-08-12,,0.026494400845915003,
2002-08-13,,0.006618431604883952,
2002-08-14,,-0.016628942729109482,
2002-08-16,,0.017659127223227267,
2002-08-19,,0.01004003926012918,
2002-08-20,,0.014773110928073778,
2002-08-21,,-0.014977005311490106,
2002-08-22,,0.009942254972190435,
2002-08-23,,0.008443958494416075,
2002-08-26,,0.004793298572279795,
2002-08-27,,-0.01748612537069869,
2002-08-28,,-0.0036563112031105433,
2002-08-29,,0.015748356968139112,
2002-08-30,,0.023362773148486497,
2002-09-02,,0.03745036785033341,
2002-09-03,,-0.0035879558838489514,
2002-09-04,,0.018741178207309726,
2002-09-05,,-0.012517678629226757,
2002-09-06,,-0.0011286682913743654,
2002-09-09,,-0.017850834807529952,
2002-09-11,,-0.013697522927396032,
2002-09-12,,0.011971566031395337,
2002-09-13,,-0.005774799493883908,
2002-09-16,,-0.0036746971048015084,
2002-09-17,,0.013663254988307484,
2002-09-18,,-0.011340823133519766,
2002-09-19,,-0.0021286897249557296,
2002-09-20,,-0.010124697080809104,
2002-09-23,,0.01745922137176855,
2002-09-24,,-0.017459221371768655,
2002-09-25,,-0.0005872565501062135,
2002-09-26,,0.0013697292034879148,
2002-09-27,,0.008760885393517898,
2002-09-30,,0.0003875969040772702,
2002-10-01,,-0.031692446732489755,
2002-10-03,,-0.032110053918233704,
2002-10-04,,-0.024883667601886685,
2002-10-07,,0.016796531768707223,
2002-10-08,,0.009119234180551527,
2002-10-09,,-0.016433027100190217,
2002-10-10,,-0.006311824026454957,
2002-10-11,,0.011332755076554358,
2002-10-14,,0.01079296487769755,
2002-10-16,,0.00822373055761244,
2002-10-17,,-0.0022547923870890937,
2002-10-18,,-0.0030829332813883596,
2002-10-21,,-0.003092467158888711,
2002-10-22,,-0.009126800544983724,
2002-10-23,,-0.016810650131858007,
2002-10-24,,-0.025975486403260563,
2002-10-25,,-0.030248470194862122,
2002-10-28,,-0.014677919604752785,
2002-10-29,,0.04774971668319358,
2002-10-30,,0.016561299050142964,
2002-10-31,,0.12458578297913593,
2002-11-01,,-0.02962471778492419,
2002-11-04,,0.021114028117015477,
2002-11-05,,-0.007817753611808883,
2002-11-07,,-0.0059518271119480895,
2002-11-08,,-0.006374985368710398,
2002-11-11,,-0.007782140442054963,
2002-11-12,,0.018576385572935457,
2002-11-13,,0.00782969721295922,
2002-11-14,,0.0077688690125667145,
2002-11-15,,0.012380574569554239,
2002-11-18,,0.013517472744351578,
2002-11-20,,0.005868346200852002,
2002-11-21,,0.004560803308446413,
2002-11-22,,0.03803690388148905,
2002-11-25,,0.004196544015029389,
2002-11-26,,0.020209686877876814,
2002-11-27,,-0.01759576189037949,
2002-11-28,,0.01210877967412034,
2002-11-29,,-0.010022548041234267,
2002-12-02,,0.02283557034956623,
2002-12-03,,-0.010923474378613135,
2002-12-04,,0.003939373082827859,
2002-12-05,,0.006474720182809877,
2002-12-06,,0.005926695868253108,
2002-12-09,,-0.010864136732176458,
2002-12-10,,0.001364489381071412,
2002-12-11,,-0.00238907963463911,
2002-12-12,,0.004092077321429751,
2002-12-13,,0.010494341403209713,
2002-12-16,,-0.00421834760343764,
2002-12-17,,-0.005425581298482103,
2002-12-18,,-0.014383809632339678,
2002-12-19,,-0.0027633869053092365,
2002-12-20,,0.005863096637063796,
2002-12-23,,-0.003962448116731267,
2002-12-24,,0.00653822012553198,
2002-12-26,,0.03023623630709727,
2002-12-27,,-0.005338684685370224,
2002-12-30,,-0.004694844304207618,
2002-12-31,,0.0015114622073033191,
2003-01-01,,-0.0005035669430792304,
2003-01-02,,-0.014544480981757535,
2003-01-03,,-0.019090785315469806,
2003-01-06,,-0.01099967441486055,
2003-01-07,,0.0008774239397701207,
2003-01-08,,0.013589059286196067,
2003-01-09,,0.025287525470060218,
2003-01-10,,0.0023592865679033146,
2003-01-13,,-0.0060780197242787755,
2003-01-14,,-0.0025434519858302555,
2003-01-15,,-0.01264325743227708,
2003-01-16,,0.002232718832194308,
2003-01-17,,0.0030832501301207866,
2003-01-20,,-0.008588166835937588,
2003-01-21,,0.007732661607953448,
2003-01-22,,0.01343214958408986,
2003-01-23,,-0.011380165279945021,
2003-01-24,,-0.034938810576540434,
2003-01-27,,-0.03345635778029132,
2003-01-28,,0.01920348867453701,
2003-01-29,,-0.019935419173818695,
2003-01-30,,-0.017542689744199896,
2003-01-31,,0.024474494223940532,
2003-02-03,,0.022646546557820998,
2003-02-04,,0.00017769880100046396,
2003-02-05,,0.0040783813955638185,
2003-02-06,,0.008809077401738462,
2003-02-07,,-0.015200009859038332,
2003-02-10,,0.0032005717221702925,
2003-02-11,,0.0028363784305481606,
2003-02-12,,-0.004435383834761274,
2003-02-14,,0.010260128923632442,
2003-02-17,,0.02674234722854292,
2003-02-18,,-0.007395338546052278,
2003-02-19,,0.0024137942754259675,
2003-02-20,,-0.005006484345869475,
2003-02-21,,0.020555708349040927,
2003-02-24,,0.026105900206442392,
2003-02-25,,-0.023904188757294387,
2003-02-26,,-0.010031538684354545,
2003-02-27,,0.00952388151125532,
2003-02-28,,-0.0022028306797990814,
2003-03-03,,0.0035560108592192032,
2003-03-04,,-0.0122450509601004,
2003-03-05,,-0.011184836552812157,
2003-03-06,,-0.012537165781069738,
2003-03-07,,-0.01536182764897146,
2003-03-10,,-0.014517684854632907,
2003-03-11,,0.029178373123434857,
2003-03-12,,-0.024315689070702598,
2003-03-13,,-0.0012584271323666798,
2003-03-17,,0.005739926073175989,
2003-03-19,,0.019483436004936572,
2003-03-20,,0.028701831894278017,
2003-03-21,,0.0005112038962820658,
2003-03-22,,0.0032315701224285933,
2003-03-24,,-0.04019248760141492,
2003-03-25,,0.010025587447562568,
2003-03-26,,-0.004209055670341778,
2003-03-27,,-0.014159528603634616,
2003-03-28,,0.01749315744751712,
2003-03-31,,-0.026086121170348885,
2003-04-01,,0.01055182820816473,
2003-04-02,,0.004437745811359612,
2003-04-03,,0.011271693836621206,
2003-04-04,,0.027465237908278657,
2003-04-07,,0.02257508269350867,
2003-04-08,,-0.013416266974877973,
2003-04-09,,-0.02669106266155241,
2003-04-10,,-0.010809031319236702,
2003-04-11,,0.026294543793606268,
2003-04-15,,-0.03669019727634768,
2003-04-16,,0.005299429466498593,
2003-04-17,,-0.020109228204640162,
2003-04-21,,0.004125936429828999,
2003-04-22,,-0.0068259650703999825,
2003-04-23,,-0.022603951814490653,
2003-04-24,,0.009541356788108116,
2003-04-25,,-0.02066494200677043,
2003-04-28,,0.014804119369787478,
2003-04-29,,0.0023851034148754235,
2003-04-30,,0.0058469013636571615,
2003-05-02,,-0.003650305203116514,
2003-05-05,,-0.010661865704037382,
2003-05-06,,-0.0024054040647853987,
2003-05-07,,-0.016248373155550635,
2003-05-08,,-0.022853784595170082,
2003-05-09,,0.005762597583323302,
2003-05-12,,-0.0009581298040635115,
2003-05-13,,0.0036360196981482856,
2003-05-14,,0.017984393855252887,
2003-05-15,,0.003184417788841497,
2003-05-16,,0.004850755780089641,
2003-05-19,,0.0016736405580299154,
2003-05-20,,0.01108658805634055,
2003-05-21,,-0.0011031440721573171,
2003-05-22,,0.010248991616827463,
2003-05-23,,-0.01596803681455304,
2003-05-26,,0.033475929196389545,
2003-05-27,,0.0035720702386388575,
2003-05-28,,0.0265650241816001,
2003-05-29,,0.019257816604414738,
2003-05-30,,0.016886588364729442,
2003-06-02,,-0.013656117137393686,
2003-06-03,,-0.008181398967250383,
2003-06-04,,0.028679428485131574,
2003-06-05,,0.03865767169087848,
2003-06-06,,0.0031948908965192886,
2003-06-09,,-0.018999122441486434,
2003-06-10,,-0.013253896055045868,
2003-06-11,,0.013741423488119738,
2003-06-12,,0.0008120179090116785,
2003-06-13,,0.015943650397135946,
2003-06-16,,-0.01838168492456626,
2003-06-17,,0.044090852649324025,
2003-06-18,,-0.00970121831529154,
2003-06-19,,0.021466059894877723,
2003-06-20,,0.03195547133384246,
2003-06-23,,-0.030878796616282362,
2003-06-24,,-0.015179969307583984,
2003-06-25,,0.013949389241509333,
2003-06-26,,0.0009230769886207266,
2003-06-27,,-0.0012309587644517895,
2003-06-30,,0.000461787124345582,
2003-07-01,,0.002766253492890331,
2003-07-02,,0.008253141756720482,
2003-07-03,,0.006825965070399891,
2003-07-04,,0.006629525561566232,
2003-07-07,,-0.012694745064657023,
2003-07-08,,-0.007633624855071095,
2003-07-09,,0.0012253026498561775,
2003-07-10,,0.022551088075951593,
2003-07-11,,-0.010228729374963828,
2003-07-14,,0.026998433043506073,
2003-07-15,,-0.006200197010402207,
2003-07-16,,0.017904792959930232,
2003-07-17,,-0.014504686202881688,
2003-07-18,,0.0013273359370791862,
2003-07-21,,-0.010519394728989344,
2003-07-22,,-0.004927221614502847,
2003-07-23,,-0.01280427224598774,
2003-07-24,,0.03573936055599208,
2003-07-25,,0.02256387309988991,
2003-07-28,,-0.012665684572107642,
2003-07-29,,0.007072267335753968,
2003-07-30,,0.0027289065408939305,
2003-07-31,,0.02632848468605934,
2003-08-01,,-0.007994993143877386,
2003-08-04,,-0.0004225649756519002,
2003-08-05,,-0.019777268361591698,
2003-08-06,,0.007587181196275105,
2003-08-07,,0.014019913842392743,
2003-08-08,,0.02156305289762924,
2003-08-11,,-0.00552030107356169,
2003-08-12,,-0.012533237447740252,
2003-08-13,,0.01156404387931568,
2003-08-14,,-0.006531883414137437,
2003-08-18,,0.00736267825560926,
2003-08-19,,0.021497370609311124,
2003-08-20,,-0.0005420054333230605,
2003-08-21,,0.0059459634639221805,
2003-08-22,,0.028163391684631986,
2003-08-25,,-0.008154720975961538,
2003-08-26,,0.03133177966753069,
2003-08-27,,0.008031147762271972,
2003-08-28,,-0.00025396825533333296,
2003-08-29,,0.017623819692406936,
2003-09-01,,0.02343182799618139,
2003-09-02,,0.0202709643736192,
2003-09-03,,-0.02577119213709021,
2003-09-04,,0.0033037656235482262,
2003-09-05,,0.025449121131215027,
2003-09-08,,0.03682688642923319,
2003-09-09,,0.0016056890707585407,
2003-09-10,,-0.0037889706044906494,
2003-09-11,,-0.01378373592114189,
2003-09-12,,-0.022528522520065066,
2003-09-15,,-0.03545351283001761,
2003-09-16,,0.013747608194910155,
2003-09-17,,-0.007955491441114628,
2003-09-18,,-0.028796006490708053,
2003-09-19,,0.021767184162520475,
2003-09-22,,-0.0024780089498467194,
2003-09-23,,0.02329678682074237,
2003-09-24,,0.03909950837766474,
2003-09-25,,-0.025497131933483762,
2003-09-26,,0.01918353677663159,
2003-09-29,,0.01859221576961146,
2003-09-30,,0.02163847095771743,
2003-10-01,,-0.01842007737509716,
2003-10-03,,0.02906622488189615,
2003-10-06,,0.019756726710283494,
2003-10-07,,-0.012537280681673089,
2003-10-08,,0.007607114573814433,
2003-10-09,,-0.00021968365641958726,
2003-10-10,,0.03401872229821118,
2003-10-13,,0.021325457557764688,
2003-10-14,,-0.026968873483075716,
2003-10-15,,0.021967300068164195,
2003-10-16,,0.020472178997990146,
2003-10-17,,0.0020447814097280677,
2003-10-20,,-0.01595751161930931,
2003-10-21,,-0.02863353512396064,
2003-10-22,,0.0014939710387303002,
2003-10-23,,-0.021775140840324884,
2003-10-24,,0.02550033273801364,
2003-10-25,,0.010041836932864336,
2003-10-27,,-0.03510634486554836,
2003-10-28,,0.011480684965330902,
2003-10-29,,0.017295189297331218,
2003-10-30,,0.009795222874647748,
2003-10-31,,0.01951281422358172,
2003-11-03,,0.023666738657801112,
2003-11-04,,-0.013338920492016534,
2003-11-05,,-0.005917780763581154,
2003-11-06,,0.008660709287807813,
2003-11-07,,-0.021949599155054598,
2003-11-10,,0.0016578596689115984,
2003-11-11,,-0.004773774113479732,
2003-11-12,,0.007048852654255328,
2003-11-13,,-0.012891331453891864,
2003-11-14,,-0.027474547015649733,
2003-11-15,,0.007286787492957179,
2003-11-17,,0.01410041914669524,
2003-11-18,,-0.019023901210545584,
2003-11-19,,-0.00948691893175597,
2003-11-20,,-0.023674933028268594,
2003-11-21,,0.01900633978127272,
2003-11-24,,-0.007756634727498205,
2003-11-25,,0.024162831099462132,
2003-11-27,,0.019401615733904663,
2003-11-28,,0.022528853164202344,
2003-12-01,,0.010619930302270337,
2003-12-02,,0.014821060732187688,
2003-12-03,,-0.003408524603285665,
2003-12-04,,0.021459198180582333,
2003-12-05,,-0.031247863050381238,
2003-12-08,,-0.027032839914138337,
2003-12-09,,0.013864681485222432,
2003-12-10,,0.02235411107554744,
2003-12-11,,-0.009084548194889268,
2003-12-12,,-0.0036570540554778934,
2003-12-15,,0.015551156576916076,
2003-12-16,,0.011556215475484726,
2003-12-17,,-0.0040692825742419695,
2003-12-18,,0.008319350745827375,
2003-12-19,,0.026761680770264754,
2003-12-22,,0.01306958741924763,
2003-12-23,,-0.009810069625879785,
2003-12-24,,0.0104732938673492,
2003-12-26,,0.004347422025354801,
2003-12-29,,0.013209241667694528,
2003-12-30,,0.04628309091661347,
2003-12-31,,0.017877275900401578,
2004-01-01,,-0.003847840340025959,
2004-01-02,,0.025177607146360262,
2004-01-05,,-0.008839362424553575,
2004-01-06,,-0.013276259039119907,
2004-01-07,,0.013448643111258629,
2004-01-08,,0.017005323269568755,
2004-01-09,,-0.019594209769036437,
2004-01-12,,-0.012870862085672315,
2004-01-13,,0.027879076556105113,
2004-01-14,,0.016211094628082467,
2004-01-15,,-0.03217024930417164,
2004-01-16,,0.005175994992629434,
2004-01-19,,0.006261546383228447,
2004-01-20,,-0.017771344164914476,
2004-01-21,,-0.03814547977800487,
2004-01-22,,-0.03253365405157686,
2004-01-23,,0.04135618156939666,
2004-01-27,,0.040058056652578,
2004-01-28,,-0.008561474010002745,
2004-01-29,,-0.007322208446898667,
2004-01-30,,-0.019346038635262817,
2004-02-03,,-0.012295420770680923,
2004-02-04,,0.03146646596775102,
2004-02-05,,-0.01197197397728364,
2004-02-06,,0.018947935298058497,
2004-02-09,,0.022851264916768272,
2004-02-10,,0.007699179281657092,
2004-02-11,,-0.010080132787399245,
2004-02-12,,0.000680851090131215,
2004-02-13,,0.013016834963071034,
2004-02-16,,-0.004123370170871732,
2004-02-17,,0.00973407031432069,
2004-02-18,,0.010136344680732344,
2004-02-19,,-0.037908851857196404,
2004-02-20,,0.008719494464920746,
2004-02-23,,-0.0383461276323275,
2004-02-24,,0.0007072761323926202,
2004-02-25,,-0.018823875321051876,
2004-02-26,,-0.0235090553455799,
2004-02-27,,0.02260807321417412,
2004-03-01,,0.02246083727133245,
2004-03-03,,0.023604283626962357,
2004-03-04,,-0.012473093714331862,
2004-03-05,,0.02155627527268521,
2004-03-08,,0.01624538646101436,
2004-03-09,,-0.01940656641846023,
2004-03-10,,-0.018307937952565852,
2004-03-11,,-0.01377758619587483,
2004-03-12,,-0.005760129356194116,
2004-03-15,,-0.031691362481389096,
2004-03-16,,-0.005888323205363191,
2004-03-17,,-0.0026796042829605096,
2004-03-18,,-0.0402130632528604,
2004-03-19,,0.007962818492925806,
2004-03-22,,-0.030168639372760483,
2004-03-23,,0.007945502588050239,
2004-03-24,,0.0010741664037576318,
2004-03-25,,0.003410146043570998,
2004-03-26,,0.02241017083667499,
2004-03-29,,0.005879580712074066,
2004-03-30,,-0.0031251505145178412,
2004-03-31,,0.020466354623442505,
2004-04-01,,0.03254698103322282,
2004-04-02,,0.017742185187842676,
2004-04-05,,0.016303279852241715,
2004-04-06,,0.0005215123977389679,
2004-04-07,,-0.0024360547978811158,
2004-04-08,,-0.001830943447109094,
2004-04-12,,-0.019741541807018793,
2004-04-13,,0.020352228848898517,
2004-04-15,,-0.013964131533082803,
2004-04-16,,0.0014140523787943943,
2004-04-17,,-0.0022988515871107127,
2004-04-19,,-0.021925796683621625,
2004-04-20,,-0.0004525091710320435,
2004-04-21,,0.02855552281443537,
2004-04-22,,0.0007035441324405851,
2004-04-23,,-0.0025527059326387806,
2004-04-27,,-0.05033816233517221,
2004-04-28,,0.0017595040886946062,
2004-04-29,,-0.020754227222101948,
2004-04-30,,-0.005399018561173328,
2004-05-03,,0.003791833152587942,
2004-05-04,,0.004342907128008965,
2004-05-05,,-0.0014140940371979841,
2004-05-06,,0.0196176305330955,
2004-05-07,,-0.015099550558306448,
2004-05-10,,-0.025105921131076243,
2004-05-11,,-0.0573737003134247,
2004-05-12,,0.01297008758490932,
2004-05-13,,0.02936427624165137,
2004-05-14,,-0.06952371638095498,
2004-05-17,,-0.16556893587533617,
2004-05-18,,0.07019587419459535,
2004-05-19,,0.04232420895582176,
2004-05-20,,-0.020656124364068176,
2004-05-21,,-0.008383418307842373,
2004-05-24,,0.0321290298474047,
2004-05-25,,0.004067951297200616,
2004-05-26,,0.007868893061910864,
2004-05-27,,-0.02256935121478899,
2004-05-28,,-0.03708959288611965,
2004-05-31,,-0.0067246630224289845,
2004-06-01,,0.010185273235781295,
2004-06-02,,0.012018687566462774,
2004-06-03,,-0.025583326600601204,
2004-06-04,,0.011951177810543466,
2004-06-07,,0.025732946715776178,
2004-06-08,,0.02322197567134464,
2004-06-09,,-0.009822936442096072,
2004-06-10,,-0.0069004169187014365,
2004-06-11,,-0.036392462685488035,
2004-06-14,,0.007385217042160917,
2004-06-15,,0.035463908394551394,
2004-06-16,,-0.009924809651983717,
2004-06-17,,0.018102554419197364,
2004-06-18,,-0.02124544621941308,
2004-06-21,,-0.02331638184049784,
2004-06-22,,-0.00634922767865878,
2004-06-23,,-0.04864541494720633,
2004-06-24,,0.028289073290928324,
2004-06-25,,0.020008858013469796,
2004-06-28,,0.023131685218501084,
2004-06-29,,0.0035030263518366143,
2004-06-30,,-0.03116302119508534,
2004-07-01,,0.020502906638158732,
2004-07-02,,-0.010659737593085722,
2004-07-05,,-0.007982919700341321,
2004-07-06,,0.0183005625298421,
2004-07-07,,0.0,
2004-07-08,,-0.014706147389695449,
2004-07-09,,0.01584600845007806,
2004-07-12,,-0.004910647680022272,
2004-07-13,,-0.014413625146380463,
2004-07-14,,-0.02946589134302916,
2004-07-15,,0.005011345650580029,
2004-07-16,,0.010301435008640369,
2004-07-19,,-0.001532567349778005,
2004-07-20,,0.01114577151069302,
2004-07-21,,0.013328122195884426,
2004-07-22,,0.0463420750351822,
2004-07-23,,0.02464435638206703,
2004-07-26,,0.023423253053825612,
2004-07-27,,-0.025892787781799504,
2004-07-28,,0.012393321019457408,
2004-07-29,,0.0076158608004737935,
2004-07-30,,0.029896351534617345,
2004-08-02,,0.010579956267104609,
2004-08-03,,-0.009557774843133124,
2004-08-04,,0.0078359938941534,
2004-08-05,,0.01957402519701441,
2004-08-06,,-0.018257102553160074,
2004-08-09,,-0.003447929589623663,
2004-08-10,,0.009101084156349394,
2004-08-11,,-0.034304290303758936,
2004-08-12,,-0.00984095044100738,
2004-08-13,,0.0034658439356401506,
2004-08-16,,0.004080570663449729,
2004-08-17,,0.001565027185730939,
2004-08-18,,-0.019050199848562318,
2004-08-19,,0.00983354474363817,
2004-08-20,,-0.025145156050159382,
2004-08-23,,-0.026569102351185155,
2004-08-24,,0.005084007413862572,
2004-08-25,,0.009763667053231782,
2004-08-26,,0.005877887827686248,-0.00910044664931611
2004-08-27,,-0.0054413019224761475,-0.016841744355165878
2004-08-30,,0.019451661494622047,0.024726816367611912
2004-08-31,,0.017924858138448654,0.0013671926579606735
2004-09-01,,0.0007355645789541326,-0.00020242915048889224
2004-09-02,,-0.00854480646046656,0.005803553923865304
2004-09-03,,0.003912243953731779,0.004217932439700864
2004-09-06,,0.006940820797376329,-0.0030109923887373267
2004-09-07,,0.015907181600699916,0.0007535984681800396
2004-09-08,,-0.004237951456314046,-0.0019102202561192376
2004-09-09,,0.0061958066852518855,-0.01393380028244864
2004-09-10,,0.004416832202260062,0.008990536748557139
2004-09-13,,0.006334308061340169,0.014757081532966596
2004-09-14,,-0.009413760299849775,0.012034912363371264
2004-09-15,,0.002669406102574568,-0.009447331301759017
2004-09-16,,0.006540646720506561,0.0023330282851503686
2004-09-17,,0.0366040864791439,0.015790190095799083
2004-09-20,,-0.014042952292229112,-0.0015629582159927657
2004-09-21,,0.010796994590497109,0.02214041229106847
2004-09-22,,-0.008012308554318517,0.005958498931291028
2004-09-23,,-0.006776308939098844,-0.02093915046639446
2004-09-24,,-0.002402644063008852,-0.0014084167355718554
2004-09-27,,-0.0069399323042570946,-0.007855423283669751
2004-09-28,,0.0018150655381361047,-0.005107313562190459
2004-09-29,,0.03562617018747519,0.01509886737946526
2004-09-30,,0.006975420648975205,-0.003789907845201311
2004-10-01,,0.02920818392161421,0.01985798818716074
2004-10-04,,0.02399485168814482,0.02711775244549852
2004-10-05,,-0.011601271815363447,0.0038939415047021825
2004-10-06,,0.011875858792513157,0.0008324469795795497
2004-10-07,,0.02253183136605221,0.014228908534745524
2004-10-08,,-0.007814995983581745,0.0008655445498569091
2004-10-09,,-0.0012633100398795657,0.0023650349860383575
2004-10-11,,-0.012447351006618401,-0.010365626270940644
2004-10-12,,-0.021812325035467994,-0.004462342079783497
2004-10-14,,0.01447149559414642,0.028857113345717007
2004-10-15,,0.006243134490266515,0.008741470345302496
2004-10-18,,0.008021920866764055,0.009941537750477744
2004-10-19,,0.016478694437770208,0.005218280165544214
2004-10-20,,-0.021119918585657028,-0.008741736794699102
2004-10-21,,-0.016462412522451574,-0.006817805760786235
2004-10-25,,-0.004460973940625451,-0.007311994769777468
2004-10-26,,0.02746945947937377,0.017609290486449738
2004-10-27,,-0.02041541129449852,0.002371438465888191
2004-10-28,,-0.0037064534648487027,0.022595666101605356
2004-10-29,,-0.017701234837765086,-0.008354195517703477
2004-11-01,,0.0013220020811116982,0.012377140256866904
2004-11-02,,0.025251749371402326,-0.009397799120844295
2004-11-03,,0.0005519271596277153,0.013276994897009932
2004-11-04,,-0.011841026417099401,-0.004092775153752924
2004-11-05,,0.005660480014399031,-0.004238292193236006
2004-11-08,,0.0036944717370518145,0.015917939096063937
2004-11-09,,-0.004342409927906491,0.0035826469797099847
2004-11-10,,0.00802328276886911,0.004994239737516111
2004-11-11,,0.002843386460522863,0.0015895594411953944
2004-11-12,,-0.0006413486866042571,0.0004178855054543785
2004-11-16,,-0.0012839326782124502,-0.004900225498668231
2004-11-17,,-0.002020945020001357,0.012102138274993584
2004-11-18,,0.003671413027159405,0.0210153851355097
2004-11-19,,-0.03429653070743003,-0.01135586730394229
2004-11-22,,0.009812325166551325,0.004386061836595558
2004-11-23,,-0.008012485718904581,0.010659173338260773
2004-11-24,,-0.025206183779193106,-0.0013363301508792099
2004-11-25,,-0.023172367215644633,-0.013914332416387842
2004-11-29,,0.01273273876658273,0.021986052727818634
2004-11-30,,0.014121089688968877,0.024420025887973137
2004-12-01,,0.020009283719237617,-0.010330507453503153
2004-12-02,,0.0271171360894246,-0.015135165020795522
2004-12-03,,0.003131622712228894,-0.004718987521775383
2004-12-06,,-0.0237297693020204,-0.01811333330758498
2004-12-07,,-0.026528273218870614,0.0030417649233824813
2004-12-08,,-0.018051912360405892,-0.014427401404363386
2004-12-09,,0.00862750449484681,0.008829987934185804
2004-12-10,,-0.025708356710207037,0.011653326245388286
2004-12-13,,0.0062902708531054775,0.008530395378676095
2004-12-14,,0.0068442463275414115,-0.0024298396112501343
2004-12-15,,-0.02138157186848743,0.00996518443598291
2004-12-16,,-0.008111989322178426,0.013675631270895413
2004-12-17,,-0.021716491775905532,-0.004882608989483696
2004-12-20,,0.00020807324253177228,0.004803407342047975
2004-12-21,,0.009009536425657981,0.008007142672306648
2004-12-22,,0.02050987663104052,-0.025908287972990638
2004-12-23,,0.022470611407339757,-0.009967667615955633
2004-12-24,,0.033216611120181934,0.03213675063399115
2004-12-27,,-0.012399832063343259,0.002048454527610072
2004-12-28,,0.02029748955539885,0.030080953278811915
2004-12-29,,0.007459550193901605,0.008290281737574155
2004-12-30,,-0.015930547405437215,-0.018037097195703747
2004-12-31,,0.02006123296333384,0.02948429829645123
2005-01-03,,0.018839590199960125,0.013240792989297341
2005-01-04,,-0.0234407533012327,-0.008907091732179075
2005-01-05,,-0.002450057765362615,-0.012189555524585678
2005-01-06,,-0.007101293867071609,-0.003439871845297749
2005-01-07,,0.030045781100791417,0.014659712240932946
2005-01-10,,-0.015050451315087391,-0.009372491192627171
2005-01-11,,-0.015850883809087193,-0.010374165432169758
2005-01-12,,-0.014464546454799498,-0.012022504867800002
2005-01-13,,0.003659832651017206,-0.003975381062853306
2005-01-14,,-0.011992406780842976,0.002703435006884703
2005-01-17,,-0.004583361673234873,-0.02590342709537438
2005-01-18,,-0.0013693272875163367,0.0004748526067620101
2005-01-19,,0.005563432435789565,-0.006708370895348567
2005-01-20,,-0.004291852081541143,-0.009363439223736036
2005-01-24,,-0.009428472909817106,-0.018707303927687248
2005-01-25,,-0.010116123163153088,0.012051772432177905
2005-01-27,,0.0089312889013214,0.004119553483484819
2005-01-28,,0.031412122216642746,0.038467041293611816
2005-01-31,,0.01906083974203656,0.008650038488467439
2005-02-01,,0.019809994484197947,0.011354852181166167
2005-02-02,,-0.017464447600335734,-0.004801472527564991
2005-02-03,,0.013774066071008749,0.0016411904220044059
2005-02-04,,-0.007049468021031122,-0.0035529444645351245
2005-02-07,,-0.012740219161072062,0.005572108150339944
2005-02-08,,0.006484071018944392,0.00171118969410156
2005-02-09,,0.006256148142127605,0.012685159527315642
2005-02-10,,0.009910700302063235,-0.00011255135167281832
2005-02-11,,0.008991711191964086,0.036181370652466925
2005-02-14,,-0.007058097956569359,0.01999063489507833
2005-02-15,,-0.008035139051911971,-0.02028016477296502
2005-02-16,,-0.007726359125087196,-0.00960181954120843
2005-02-17,,0.001494070685995869,0.00996371879240792
2005-02-18,,-0.0030839704831455844,-0.004969449986013412
2005-02-21,,0.000561429789239296,-0.006896453233336887
2005-02-22,,0.009403728344642556,-0.0015390255877646506
2005-02-23,,0.016087123600260246,0.00839911452356485
2005-02-24,,-0.0023737799880215143,-0.005104097996198354
2005-02-25,,-0.012601923658987291,-0.00285505318388104
2005-02-28,,0.029370954717455988,0.012277244868249897
2005-03-01,,-0.015764051758681872,-0.017127520774067956
2005-03-02,,0.003827930303104754,0.007741879465258111
2005-03-03,,0.01615194148620377,0.015630134519614484
2005-03-04,,0.023792746635876386,0.0019411897676675977
2005-03-07,,0.025628047417336052,0.005693940073319332
2005-03-08,,0.007130760266035004,0.0097721226092922
2005-03-09,,-0.005513394516573677,-0.004572125138544028
2005-03-10,,0.01040750604889465,-0.0056643246511596515
2005-03-11,,-0.01023740909322004,0.019738879284343185
2005-03-14,,-0.01533943269642964,0.01694896961617819
2005-03-15,,-0.014175999450658991,-0.0063569051519539
2005-03-16,,0.0060254297479144635,0.006494650942315985
2005-03-17,,-0.020760773791675607,0.006110557976666154
2005-03-18,,0.016485585148650634,0.005290746729581176
2005-03-21,,-0.0214757933299118,-0.008375687820156713
2005-03-22,,-0.027165741507685123,-0.008896610403993319
2005-03-23,,0.014670635347926753,-0.015568591470920861
2005-03-24,,0.013030963991639291,-0.026306050685050496
2005-03-28,,0.010833957313419422,0.00579816155758865
2005-03-29,,-0.03039911280825944,-0.015561418495429222
2005-03-30,,-0.010986103354595012,0.014231893874066532
2005-03-31,,0.005325021763977534,0.029407631796230592
2005-04-01,,0.03340696917565165,0.013111530184513824
2005-04-04,,0.0007967069867706634,-0.016118735751693456
2005-04-05,,-0.016056004541308778,-0.00161222521953836
2005-04-06,,0.027581227790861414,0.011092621065952525
2005-04-07,,-0.010817571738376363,-0.01126801965970549
2005-04-08,,-0.01532597047822682,-0.022457706577887947
2005-04-11,,-0.01720745228854283,-0.02172618689004502
2005-04-12,,0.002463392514363321,0.013403464063867138
2005-04-13,,-0.0057573839638220894,0.014082715854511733
2005-04-15,,-0.029389262952699224,-0.060740567464812344
2005-04-18,,-0.021368742112665304,-0.00026538775201729356
2005-04-19,,-0.008813189580577994,-0.08706308409988607
2005-04-20,,0.030748076263941465,-0.0796153425110781
2005-04-21,,0.023953799192298713,0.023201253230986766
2005-04-22,,0.008437320779250593,0.021090793244604923
2005-04-25,,-0.0014622557897021745,-0.008434873781807036
2005-04-26,,0.0008227819634982219,-0.01765790435545304
2005-04-27,,-0.015007416955454878,-0.01869213301215252
2005-04-28,,0.00895790263086224,-0.0007621780727192012
2005-04-29,,-0.029482497347375937,0.014515593929542188
2005-05-02,,0.01092392443182799,-0.0019469032698339434
2005-05-03,,0.01321195250927105,-0.01814574928179715
2005-05-04,,0.0007391666233248852,0.010989368034200702
2005-05-05,,-0.0003695150157519098,0.014173953906242846
2005-05-06,,0.014584069543671634,0.02660343061690468
2005-05-09,,0.007800493067998413,0.006616180361187574
2005-05-10,,-0.01667236723816864,-0.019547395033436325
2005-05-11,,-0.003220614700042172,-0.0029544686072156827
2005-05-12,,-0.0063797544294877245,-0.002047172786306559
2005-05-13,,-0.005207860742900156,0.0016119549529147288
2005-05-16,,0.007431525144768642,0.004950290190670495
2005-05-17,,-0.026825844201712135,-0.003254010724283544
2005-05-18,,0.006915853437515303,-0.006846205743914811
2005-05-19,,-0.01005796504431153,0.017178975308843197
2005-05-20,,-0.00737021761700958,0.006131700278264873
2005-05-23,,0.020350645264544876,0.04525621328866379
2005-05-24,,-0.00028244598408360425,0.008988733167200611
2005-05-25,,-0.0006593510341073325,0.02059862844451639
2005-05-26,,-0.0004712313361787311,0.02313284365434572
2005-05-27,,0.0016012813669738276,-0.016294196585462366
2005-05-30,,-0.008411750369500745,0.03856290514583346
2005-05-31,,0.015445777026880757,0.01141965035918014
2005-06-01,,0.011152531950474887,-0.022549510637271147
2005-06-02,,-0.02082533122563645,-0.027945309680442208
2005-06-03,,0.04303526486007471,0.019206586427702985
2005-06-04,,0.0036991967116750393,-0.008971805009949022
2005-06-06,,-0.005237032285453073,-0.000936768218386618
2005-06-07,,-0.008089850055739473,-0.0021500760809192924
2005-06-08,,0.019163562135433323,0.01124634871338576
2005-06-09,,0.0010738256065413697,-0.011520326679443402
2005-06-10,,0.01332642323319849,-0.00876767495089237
2005-06-13,,0.005369022271190492,0.004334469706827506
2005-06-14,,0.007782140442054729,-0.004413452409656649
2005-06-15,,0.0015665799548530215,0.004806565080809309
2005-06-16,,0.026263095470948426,0.0043532041214588285
2005-06-17,,0.016800059135740373,-0.007896793938676509
2005-06-20,,0.049166920303611576,0.02204064178276775
2005-06-21,,0.02451851956622604,0.007074231732112982
2005-06-22,,0.012916301654907631,0.021414906182311556
2005-06-23,,-0.006052962586856905,-0.019654140177164263
2005-06-24,,0.006205727634511143,0.013937904838610007
2005-06-27,,-0.009207461656740816,-0.007039617293189169
2005-06-28,,-0.02988800156931188,0.005378800846814305
2005-06-29,,0.019349353083226037,0.006776879217305499
2005-06-30,,0.001090003222214637,0.01899226432185256
2005-07-01,,-0.003820220605192365,-0.004205872276291538
2005-07-04,,0.0066952371548615955,0.004905134399258544
2005-07-05,,-0.009903001122834003,-0.029002685978319124
2005-07-06,,0.011143696071068512,0.002194227793694786
2005-07-07,,-0.04964685464453211,-0.010217542123438856
2005-07-08,,0.010289740372549984,0.001106553580429641
2005-07-11,,0.021687981311048838,0.011338118920194547
2005-07-12,,0.0069171789718909735,-0.030745736149157175
2005-07-13,,-0.011581772163091836,-0.01185158494938145
2005-07-14,,0.01658256395677136,-0.03666643334818455
2005-07-15,,0.03845598650577635,0.018961937881386462
2005-07-18,,-0.007301775073955696,0.057394234039263976
2005-07-19,,0.0042971908260964,-0.002309426131020005
2005-07-20,,0.021507805806137665,-0.008297223516140621
2005-07-21,,-0.0012524405807045752,-0.013815616794516953
2005-07-22,,0.016523259381305447,0.002824805980153869
2005-07-25,,-0.002904656751392985,-0.007446801662989667
2005-07-26,,0.005222322741412558,-0.01498302268077717
2005-07-27,,0.011079250020549297,0.01509980645575084
2005-07-29,,0.00641850727278943,-0.012297965669354718
2005-08-01,,0.0062362897883039845,-0.013169567569373368
2005-08-02,,0.04651680442906904,0.02997274514659011
2005-08-03,,-0.03702473105115597,0.00806627171261258
2005-08-04,,0.02036504543458589,-0.004237294475515267
2005-08-05,,-0.004742439899768747,-0.007633772757711809
2005-08-08,,-0.020111321165269896,-0.0018298979195648412
2005-08-09,,-0.005144660559621496,0.0010516271977378607
2005-08-10,,0.016537410029578755,0.022060992093534702
2005-08-11,,-0.0025747204648402145,-0.0001523287256839263
2005-08-12,,-0.01884990402363423,-0.023116181286509187
2005-08-16,,-0.006267826787364565,-0.010815576255284986
2005-08-17,,0.02141803024526863,0.02344161540374808
2005-08-18,,-0.009274288353496363,0.0111373790302989
2005-08-19,,-0.003677254691761318,0.008828992006538475
2005-08-22,,-0.009181232423777634,-0.005674954697475433
2005-08-23,,-0.02044204231761114,-0.0013667947000410958
2005-08-24,,0.014058202540380952,-0.015583736449719257
2005-08-25,,0.0021564125665099903,0.021341982462276147
2005-08-26,,0.003440616970208002,0.030578189564825484
2005-08-29,,0.0022871856157468296,-0.0069115381194085725
2005-08-30,,0.010298752200574473,0.02117099183723706
2005-08-31,,0.016538568975893193,0.01469982012289289
2005-09-01,,0.010096206361066786,0.013714823857916801
2005-09-02,,0.00521549356816386,0.0020691234652399563
2005-09-05,,-0.00020535989393450125,-0.011947489205659528
2005-09-06,,-0.001987322908652418,-0.008402513209273139
2005-09-08,,0.01328764737944976,0.005455434185957715
2005-09-09,,0.004053238002004208,-0.010114272887757066
2005-09-12,,0.01452356285340948,0.0271086529052826
2005-09-13,,-0.00026581605685501656,-0.00546870885465546
2005-09-14,,-0.015202033929988243,-0.015766212038533255
2005-09-15,,0.026437364594993018,0.034915214798041126
2005-09-16,,0.004262720820085685,0.005296658986545675
2005-09-19,,0.00019630296153342515,-0.002369710046853871
2005-09-20,,0.017832719748172153,0.011146938917004889
2005-09-21,,0.0055121277880198,-0.011490841527176051
2005-09-22,,-0.03618537558933108,-0.0365702199415944
2005-09-23,,-0.008920309449603052,0.007818370256901139
2005-09-26,,0.04254568364083139,0.03714360313201014
2005-09-27,,0.009883708706990285,-0.002458849678152098
2005-09-28,,0.01567597966622445,0.004911668241138735
2005-09-29,,0.009759207215695039,0.0022770924244368365
2005-09-30,,-0.01841672678623115,0.006429367030937285
2005-10-03,,0.0008817231960580159,0.010435460860327287
2005-10-04,,0.015491595962527483,-0.005455806547585017
2005-10-05,,-0.0057189190493027635,-0.0133459198543063
2005-10-06,,-0.014062633653352384,-0.031336231273185765
2005-10-07,,-0.003102741130932714,0.014044734163124635
2005-10-10,,-0.006936738287113099,0.0025576345466841997
2005-10-11,,0.007443966296973655,0.013202077734890277
2005-10-13,,-0.01732724530786727,-0.018185131855238235
2005-10-14,,-0.014814123168826469,-0.012040559374009883
2005-10-17,,0.009316938751597698,0.007067414484517657
2005-10-18,,-0.019051936372485423,0.0047302790716620665
2005-10-19,,-0.012169726254599738,-0.027688177089100072
2005-10-20,,0.0011367816931839839,0.010468698670038695
2005-10-21,,0.03034425066690748,0.008366778752406283
2005-10-24,,-0.01845239818707496,-0.014634837590726488
2005-10-25,,0.013773419024283825,0.02282803255620084
2005-10-26,,-0.005290153734354371,-0.012402988939289573
2005-10-27,,-0.0175054838475075,-0.014839747454584825
2005-10-28,,-0.011663112300037543,-0.02833604337222491
2005-10-31,,0.027792494229921177,0.02830036158242255
2005-11-01,,0.0048407237849818945,0.005941280795545267
2005-11-02,,0.014897613434349005,0.013668922747952512
2005-11-07,,0.013157244156981412,0.024709680495030518
2005-11-08,,0.0031043136843176295,0.008328424106481689
2005-11-09,,0.000885179622795494,-0.013770754117981666
2005-11-10,,-0.006912542983216233,0.008850068868966086
2005-11-11,,0.012270092591814183,0.008738708909569504
2005-11-14,,0.003827215513286006,0.01847727938036212
2005-11-16,,0.023517390534545355,0.0009265387823661681
2005-11-17,,0.014392232635736442,-0.00268269821580357
2005-11-18,,-0.003805616360158293,0.012720134601308627
2005-11-21,,0.0035041118503818425,-0.005450499440494165
2005-11-22,,-0.011830149799612616,-0.012456679209705031
2005-11-23,,0.015382123673439574,0.01113885211554974
2005-11-24,,0.014438530168465663,0.004998530582407643
2005-11-25,,-0.0017192830676454169,0.006180630868808784
2005-11-26,,0.0038494613879398124,0.003352267545097319
2005-11-28,,0.0023615549999884875,0.005702267192577204
2005-11-29,,0.0002948026317746044,-0.0014872295014150077
2005-11-30,,-0.018384073699958182,-0.01581666457529635
2005-12-01,,0.00819260076370459,0.018885687643551256
2005-12-02,,-0.00017868310598772417,-6.4514047956212e-05
2005-12-05,,0.0010121157057246125,-0.012105231630158192
2005-12-06,,-0.00417412651377902,0.014682552644458778
2005-12-07,,0.00797528331488441,0.02638625243819076
2005-12-08,,0.003196025447774331,0.013075744345166918
2005-12-09,,0.02012352200434448,0.040105397471450616
2005-12-12,,-0.0001737569145143942,-0.019503153512158054
2005-12-13,,0.009684189126539976,0.010488974336398869
2005-12-14,,-0.01113333872947707,0.009727064609621567
2005-12-15,,-0.01956482275299237,-0.0006534588998976279
2005-12-16,,0.004838909477324745,0.01860409244300152
2005-12-19,,0.009141581388169912,0.011684848586179379
2005-12-20,,-0.0030379178589757636,-0.02395062048772026
2005-12-21,,0.006531778048533902,-0.004379223473891547
2005-12-22,,-0.00489482942226076,-0.0008306633917765214
2005-12-23,,-0.015363636217350969,-0.007716524458070527
2005-12-26,,-0.01217489376166273,-0.005307915840219146
2005-12-27,,0.04025019663282098,0.02097635709835939
2005-12-28,,0.00643902420198747,-0.0073881771141858146
2005-12-29,,0.021094000542091932,0.014371363757271334
2005-12-30,,-0.0020220182130798623,-0.00421929191095629
2006-01-02,,0.009568380082312599,-0.008995916674173824
2006-01-03,,0.02437065355517923,0.026662009615570765
2006-01-04,,0.010649612772952115,0.005695726355065285
2006-01-05,,-0.00880349181641949,-0.006186268991613567
2006-01-06,,-0.0010855407058184036,-0.015561913257680773
2006-01-09,,-0.011524829201892406,-0.009809920917483384
2006-01-10,,-0.01779179535063539,-0.00978752105165845
2006-01-12,,-0.008141767089677019,0.0007172315172087765
2006-01-13,,-0.0019187364803079736,-0.013201412609597356
2006-01-16,,-0.013878841740504104,-0.02637785199965862
2006-01-17,,0.061692100361977024,0.009065235416738995
2006-01-18,,-0.29153079040150476,-0.0023743824658163278
2006-01-19,,0.01544874094747917,0.018839053750965114
2006-01-20,,-0.00042592461778267836,-0.0038550899960989125
2006-01-23,,-0.0026305514440333566,-0.013379866794930964
2006-01-24,,-0.012752716174574682,0.01252792248489761
2006-01-25,,-0.0073090747649598355,0.005221943981151846
2006-01-27,,0.014779837189072546,0.004803126729129321
2006-01-30,,0.017592849292248313,-0.00015069091814350424
2006-01-31,,0.004000145689709556,0.006908386590090266
2006-02-01,,-0.012828821886445182,-0.00224749499019221
2006-02-02,,0.005447676990944688,-0.018072507500765396
2006-02-03,,-0.017150393681013478,-0.003672424252263694
2006-02-06,,0.03352584707558123,0.029157465319770596
2006-02-07,,0.0002776042768884405,-0.0029524498431299086
2006-02-08,,-0.005636562016144,-0.006953213891729816
2006-02-10,,0.004317254808151438,0.004261583232981778
2006-02-13,,-0.0038986404156574205,-0.011202911842862921
2006-02-14,,-0.0036338265003724862,-0.019850478229024644
2006-02-15,,-0.01751457201123344,0.0004941474512979148
2006-02-16,,-0.006791318950017738,0.006033572251753574
2006-02-17,,-0.005610718214711947,-0.0025505906303169715
2006-02-20,,0.012758200576266195,0.015176558907397506
2006-02-21,,-0.006143754144219609,0.009741169055552782
2006-02-22,,0.008846458492104765,-0.0024941040919964157
2006-02-23,,-0.00512712082348067,0.0052214738724273456
2006-02-24,,0.0035632876927191946,-0.00029934742485399914
2006-02-27,,-0.003920315794623006,0.012082041984103106
2006-02-28,,0.012420756580488681,0.0061631205212154695
2006-03-01,,-0.0008467998530145879,0.0229013205442406
2006-03-02,,0.006894638258805264,0.0009190121267150405
2006-03-03,,0.00363916700879323,-0.02091416456310622
2006-03-06,,0.022722756707911494,0.022348432328555996
2006-03-07,,0.00040964020508640935,-0.011300206726734197
2006-03-08,,-0.01735102741596515,-0.001247371254635922
2006-03-09,,0.009470225963728134,0.0013343391200642772
2006-03-10,,0.006446325985109927,0.02224543501913698
2006-03-13,,0.005317710922227634,0.036165121548405614
2006-03-14,,0.00967629433053199,-0.014015511311953131
2006-03-16,,0.0344176923017958,0.017727305966539743
2006-03-17,,0.008486980422652623,0.013851536257338003
2006-03-20,,0.003863246064215484,0.024941595365980992
2006-03-21,,0.003079886938903506,0.0037664827954768648
2006-03-22,,-0.010238667632521778,-0.011474308978464588
2006-03-23,,0.006258690623849363,-0.010165845135520813
2006-03-24,,0.006219762925663958,0.00916182898692248
2006-03-27,,0.015413707844618738,-0.0002643824042472465
2006-03-28,,-0.00441585375653477,-0.0017731674201661204
2006-03-29,,0.003660233797403487,0.00557354675337345
2006-03-30,,0.0024536801765877095,0.03618888272378593
2006-03-31,,-0.0004399610391196974,-0.027089925188687886
2006-04-03,,0.041196602160848944,0.018235228856166845
2006-04-04,,0.009546468586217459,-0.00112840778264767
2006-04-05,,0.004471612757234359,-0.008503890859454615
2006-04-07,,-0.008423240459573208,-0.02240169045393898
2006-04-10,,0.003353899053341056,0.0025638667618666064
2006-04-12,,-0.009009069942365968,-0.061681090141415436
2006-04-13,,0.02119166007311767,0.009139375232737515
2006-04-17,,0.005830576899423616,0.059093249268415624
2006-04-18,,0.045740292664058,0.05259060886682242
2006-04-19,,0.03364720914973623,0.001616011290834285
2006-04-20,,0.07394910883977025,-0.011417559980470119
2006-04-21,,-0.01789120149458229,0.004587681494225712
2006-04-24,,0.0023051517519895918,-0.009954082642302551
2006-04-25,,-0.022875292342893528,-0.026779543041789047
2006-04-26,,0.024358023907840965,0.007960138173204708
2006-04-27,,0.019529103907473536,0.0018003193998947283
2006-04-28,,0.010912732558327434,0.016412611338964243
2006-04-29,,0.013829981487502016,0.0006569970418767424
2006-05-02,,0.007984074348220549,0.016932151548230114
2006-05-03,,0.004258002272103845,0.009098388968380042
2006-05-04,,0.04221352263663094,0.005962842034185537
2006-05-05,,0.017481919902128707,-0.018295225562065944
2006-05-08,,0.04947221489497444,0.006358532140929161
2006-05-09,,-0.0007795245295348856,0.0026704266295921363
2006-05-10,,0.01351197458256623,-0.0015568821026646451
2006-05-11,,-0.05224757883671377,-0.0014850017578989518
2006-05-12,,-0.03987483382131908,-0.011233414514013869
2006-05-15,,-0.04329141399545556,-0.017816773842897014
2006-05-16,,0.02135312447056906,0.0070129365577926905
2006-05-17,,0.03991327477473887,0.020971642380396484
2006-05-18,,-0.07789684988681077,-0.04612455737921095
2006-05-19,,-0.026931881417486907,-0.01744413013188509
2006-05-22,,-0.051072697645569265,-0.060925219214732
2006-05-23,,0.03976268607203953,0.027531026763445363
2006-05-24,,-0.029965771610435402,-0.02184656807005107
2006-05-25,,0.012125853482104458,0.04706943656794691
2006-05-26,,0.00890757789111263,-0.005663467172162683
2006-05-29,,-0.0026639520572863374,-0.008501759621427721
2006-05-30,,-0.0010466273392493338,0.0052817498625360474
2006-05-31,,-0.0008380912962406667,-0.04252339000739472
2006-06-01,,-0.030648847469165588,-0.04212807076584763
2006-06-02,,0.03478011233307026,0.048334582343864306
2006-06-05,,-0.034780112333070295,-0.014825069362156567
2006-06-06,,-0.02058101412885161,-0.010635675401439237
2006-06-07,,-0.015004449318406748,-0.02603793361939539
2006-06-08,,-0.07835506945311607,-0.03344733521906581
2006-06-09,,0.11112683048672509,0.014010262156750808
2006-06-12,,-0.023797591945827933,-0.019578256095525635
2006-06-13,,-0.048199361534409034,-0.04263523164443596
2006-06-14,,-0.0002329509066499693,-0.05679325657951405
2006-06-15,,0.04208626575954755,0.04410443882864388
2006-06-16,,0.02889658665885816,0.08315585710385871
2006-06-19,,0.013043897548253535,-0.009930449745160727
2006-06-20,,-0.009361449977455099,-0.037248253880618934
2006-06-21,,0.041453146653188847,0.020901750577207476
2006-06-22,,0.011293145675459365,0.021368785241956678
2006-06-23,,0.03704500089464095,0.01073684534351828
2006-06-25,,-0.00465554800557681,0.003239870883020461
2006-06-26,,-0.026153170345803136,-0.040109160165260616
2006-06-27,,0.004626460373402292,0.006741838504013602
2006-06-28,,0.01530205525998877,0.03233759180077041
2006-06-29,,0.007365782568125535,-0.010534511815118216
2006-06-30,,0.049812057072895106,0.033896593706862
2006-07-03,,0.010558769111838003,0.03473130558533224
2006-07-04,,0.0033553950765236513,0.008242792776946962
2006-07-05,,0.017936253253261505,0.015037055074899604
2006-07-06,,-0.010012024480350297,-0.021004912760578972
2006-07-07,,-0.04885478661282915,-0.032444411479905455
2006-07-10,,0.011277771466734116,0.029141284387425064
2006-07-11,,0.005639202518795082,-0.015918280240466914
2006-07-12,,0.045507910380583334,0.06578424903481413
2006-07-13,,-0.020796700750859935,-0.012215233120214894
2006-07-14,,-0.005922005602987948,0.003714942869034778
2006-07-17,,-0.03590007040259548,-0.008196547643495315
2006-07-18,,-0.02652675433342871,-0.013266743926107254
2006-07-19,,-0.021485643729930132,-0.04285117101306253
2006-07-20,,0.012484682870954071,0.027276714224063445
2006-07-21,,-0.02837756326929746,-0.02160310109258328
2006-07-24,,0.004074165662338575,0.028170091195750955
2006-07-25,,0.016638979289029635,0.015960615455086136
2006-07-26,,0.012175025875279235,0.022216593206711478
2006-07-27,,0.0002000000006667229,0.005754272179700336
2006-07-28,,-0.021272560233134296,-0.7159347289043988
2006-07-31,,-0.0002553821808195209,0.00825919100155691
2006-08-01,,0.002856561828185251,-0.004442905362570435
2006-08-02,,0.00942972766815188,0.008759803904438928
2006-08-03,,-0.0029309233169858284,0.004774798185058472
2006-08-04,,-0.020657243388649656,0.004067086023465638
2006-08-07,,-0.013366471270054584,-0.013212194420855378
2006-08-08,,0.0229811883869223,0.019779586086976032
2006-08-09,,0.011042526271781965,0.01176545405878902
2006-08-10,,-0.00920212904458571,-0.00036234697707327227
2006-08-11,,0.03221465031718943,0.0019137771894815222
2006-08-14,,0.017890441629542547,-0.003053437486890343
2006-08-16,,0.01662088123604028,0.007796203362373373
2006-08-17,,0.018555867070374953,-0.012472022355233092
2006-08-18,,-0.009613646143960531,0.009897223054378538
2006-08-21,,0.011019654717900168,-0.0004125838119383921
2006-08-22,,-0.00262615044946713,0.006273481777390055
2006-08-23,,-0.0027272316711018335,-0.012690394709133548
2006-08-24,,0.04145838676268539,0.00755110906302181
2006-08-25,,0.0034272863311463836,0.004113539325792162
2006-08-28,,0.010256500167188841,0.006852494213712548
2006-08-29,,-0.00290055760153865,0.009131556959123922
2006-08-30,,0.00885374946932241,-0.0063833237672296025
2006-08-31,,-0.010195311248209278,0.014380750895652225
2006-09-01,,0.004598530326014385,0.001201622334541386
2006-09-04,,0.008074219811002672,0.017754880206527955
2006-09-05,,-0.005005436687063313,-0.011221354060096509
2006-09-06,,0.0102057480847567,-0.01220381255865003
2006-09-07,,-0.010427807464347169,-0.006968669316093316
2006-09-08,,0.004520282458676965,0.0043484924668669754
2006-09-11,,-0.038859971719630584,-0.038627549049352054
2006-09-12,,0.01745276807268057,0.025320430037593582
2006-09-13,,0.008367120338894737,0.022297862413866103
2006-09-14,,0.009097052702622442,0.013361015309713856
2006-09-15,,0.012572123508435916,-0.010614652511929692
2006-09-18,,-0.0062883609079040104,-0.006553791875047385
2006-09-19,,-0.013858881258266377,0.013857264905638133
2006-09-20,,0.009171925384253793,0.019607510174324577
2006-09-21,,0.009483761339783695,0.022035888399180376
2006-09-22,,0.01490288595201734,-0.012855305944578113
2006-09-25,,0.006123084112670256,-0.013510120022991907
2006-09-26,,0.013662581237634518,0.0180689973190973
2006-09-27,,-0.0042921256636707815,-0.0015812552708982187
2006-09-28,,-0.005166425530784455,-0.02152184275542519
2006-09-29,,0.0032054734146430472,0.0015667077868067299
2006-10-03,,-0.0085278312443834,-0.007611694864036228
2006-10-04,,-0.011035012555517117,-0.026878772557187465
2006-10-05,,0.005078246118126812,0.012430021902165177
2006-10-06,,0.006860128295222914,-0.005566854066355514
2006-10-09,,-0.008116437079170594,0.007964577379023677
2006-10-10,,-0.0022132063626487844,0.00928668556820417
2006-10-11,,-0.006625427426521316,0.03234324472022457
2006-10-12,,0.0220159840549726,0.03554174685836701
2006-10-13,,0.018606567854232776,0.01925819415673913
2006-10-16,,0.018884967051068145,0.023374547389752198
2006-10-17,,0.001482335773365571,-0.011395120186102123
2006-10-18,,-0.005528751138025416,-0.009581073224641749
2006-10-19,,-0.009477955886213618,-0.012598806722589227
2006-10-20,,0.005373557595126529,-0.0025664542043022454
2006-10-21,,-0.001954465743275369,0.0008714997226137053
2006-10-23,,-0.00613767818920731,-0.009628526693433106
2006-10-26,,-0.015957785438610695,-0.0007872739888414492
2006-10-27,,0.03983593466878709,-0.004271328282301999
2006-10-30,,0.010940182727357974,0.004363980927601267
2006-10-31,,-0.00824487338134566,0.0071545921290684196
2006-11-01,,0.03084086384530597,-0.003593977051944031
2006-11-02,,0.014876145200913817,-0.0029122868150894096
2006-11-03,,0.0033838347373615217,-0.012203225495287288
2006-11-06,,0.012962144297044962,-0.007101400737207575
2006-11-07,,-0.010170362724177236,0.005412924185786063
2006-11-08,,-0.03070752961487968,-0.0017383546391719282
2006-11-09,,0.006645864841283562,0.00028210071182415813
2006-11-10,,0.01940435603707643,0.004783576161986426
2006-11-13,,7.779982109972851e-05,0.006575136187857981
2006-11-14,,-0.004678735921148595,0.02795782460343034
2006-11-15,,-0.013178531042906737,-0.008579068074034659
2006-11-16,,0.0024521448768880225,-0.008653305833108211
2006-11-17,,-0.005148526224258626,0.007147796755208261
2006-11-20,,-0.0001985505814127284,0.020515857386063485
2006-11-21,,0.011883047785456922,0.027093079670974015
2006-11-22,,0.0032129171122706928,-0.0003918751274758745
2006-11-23,,-0.00486256399069451,-0.003446398874233207
2006-11-24,,-0.007576092741744239,0.005099939131762823
2006-11-27,,-0.0075541071692488354,0.009347480212682235
2006-11-28,,-0.0017175614855262596,-0.009477923502647107
2006-11-29,,-0.0011200001170774319,0.012703247218085367
2006-11-30,,-0.0038897292150675764,0.0289863101570917
2006-12-01,,0.013251042026699652,-0.007914117055990643
2006-12-04,,-0.0009123545328313691,0.0025611434173989263
2006-12-05,,0.015476100884495284,-0.0004194103152534386
2006-12-06,,0.0014057560204791015,0.005605536535421812
2006-12-07,,0.015218989890946787,-0.0035939693497036764
2006-12-08,,-0.02478581447388558,-0.014676376790764552
2006-12-11,,-0.023236005439537064,-0.0029357350844172276
2006-12-12,,-0.02829991755013875,-0.04617311355821762
2006-12-13,,0.027008761786518905,0.0003123117789232962
2006-12-14,,0.016854893876230636,0.02532672974491021
2006-12-15,,-0.0045759385897140206,0.009178348267148854
2006-12-18,,0.02784512132707961,0.017980795775988438
2006-12-19,,-0.02796477433350418,-0.033923445730351796
2006-12-20,,-0.003716362246515336,-0.011538928346405526
2006-12-21,,0.009998689071835092,0.007238412678605115
2006-12-22,,0.008760908442708824,0.014841601163253011
2006-12-26,,0.003490815648955918,0.03193824662153366
2006-12-27,,0.012722174431576734,0.0038535693159899723
2006-12-28,,-0.014524894675240452,0.013206720463864697
2006-12-29,,-0.003575853074482906,0.008299484757098897
2007-01-02,,0.008427952122697768,0.021453969988287327
2007-01-03,,0.0028455066072687993,0.025034427827916293
2007-01-04,,-0.0031578358047794916,-0.016619790233202626
2007-01-05,,0.005956453871152323,0.0031323750359496033
2007-01-08,,-0.008810973180933985,-0.015318633680702277
2007-01-09,,0.0011349628441778424,0.010079278994702663
2007-01-10,,-0.004036925665035917,-0.01685568440269272
2007-01-11,,0.018174181469779033,0.033627648752989965
2007-01-12,,0.03262808400594437,0.035597239418620655
2007-01-15,,0.018821387926870572,0.0018111162178079854
2007-01-16,,-0.013275020714986617,-0.0016978253055062748
2007-01-17,,0.0021506979515198447,-0.014798177794480064
2007-01-18,,0.012917651331626461,0.00824400684494078
2007-01-19,,0.011163143395093738,-0.013238638405258553
2007-01-22,,-0.006457252357681243,0.011717089174894646
2007-01-23,,-0.009727987774700008,-0.008218229462289351
2007-01-24,,0.006556679960726641,0.003410160976679378
2007-01-25,,0.0008028904485903402,0.00632961771597394
2007-01-29,,0.008500178318588396,-0.013546816688833372
2007-01-31,,-0.011532642599640685,-0.015413890092680701
2007-02-01,,0.008126718802795337,0.011011998669478164
2007-02-02,,-0.001852760597571997,0.006518701604570361
2007-02-05,,0.00890535859248431,0.0040670738638269085
2007-02-06,,0.001332589201540345,-0.0056831425521515384
2007-02-07,,0.004094686228270703,0.006065976292136034
2007-02-08,,0.00154014249896318,-0.0013788879157344038
2007-02-09,,-0.0037649971864031078,-0.013195144958267587
2007-02-12,,-0.023885530695085297,-0.024851860938506522
2007-02-13,,0.0051744184150711225,-0.0023119554285019146
2007-02-14,,0.008056768759322114,0.006245917705327616
2007-02-15,,0.02148071099019082,0.024678103119313993
2007-02-19,,0.009760660296982658,0.013489568707804522
2007-02-20,,-0.00433809557534134,-0.007856403105550833
2007-02-21,,-0.005564726288501164,-0.012154674682674076
2007-02-22,,0.0037604698777250864,0.008106632452664162
2007-02-23,,0.000849467364286744,-0.013182389094174244
2007-02-26,,-0.004752119021656305,0.0068267639178227636
2007-02-27,,-0.0007823613485833086,-0.01721442371999482
2007-02-28,,-0.03840280446452399,-0.05759358346406455
2007-03-01,,0.011212322223298793,0.05005027312024797
2007-03-02,,-0.03841825692191649,-0.03743535531691493
2007-03-05,,-0.044153082200632375,-0.0448448728019347
2007-03-06,,0.03011333436110184,0.03545083913333891
2007-03-07,,-0.0071138904303129575,-0.004562490909840304
2007-03-08,,0.03574803325837506,0.02207375326807365
2007-03-09,,-0.013076022391930798,-0.005142880233385774
2007-03-12,,-0.0018983262468270008,0.018675327714511195
2007-03-13,,0.00836349933621176,0.02431730765070643
2007-03-14,,-0.03170128792476696,-0.04183832926351571
2007-03-15,,-0.0015182484668224197,0.016954059300614666
2007-03-16,,0.012966836092305003,0.002710412468579021
2007-03-19,,0.010253753227623006,0.01861133146071882
2007-03-20,,0.00713069586950741,-0.006285075783112477
2007-03-21,,0.012805522439106595,0.011111225425070849
2007-03-22,,0.025965918810610302,0.02805576905290016
2007-03-23,,0.0005815432868434767,-0.011461775261248816
2007-03-26,,-0.008392372106230363,-0.021063319165773826
2007-03-28,,-0.010720111503705438,-0.04902803286703307
2007-03-29,,0.005319161477600027,0.038668136248947424
2007-03-30,,0.00960594004208006,-0.011683317167838238
2007-04-02,,-0.0419918263819661,-0.0368585500371501
2007-04-03,,0.020191291292845352,0.011246643201311433
2007-04-04,,0.01664239594313647,-0.0035401215622988887
2007-04-05,,-0.0032328010227645693,-0.00351082865006297
2007-04-09,,0.018555842910282734,0.01907663390992404
2007-04-10,,7.223606749990802e-05,-0.01644235754388918
2007-04-11,,0.0015878747472007006,-0.005695396273932661
2007-04-12,,0.000648859112199514,0.00869752503499908
2007-04-13,,0.01746816104074935,0.04958485386116505
2007-04-16,,0.03192242344092641,0.014357607241501251
2007-04-17,,0.012306064522000903,-0.023711840043646664
2007-04-18,,0.0064502190776436616,-0.002201982673339329
2007-04-19,,0.0047016240015683745,-0.003694189874207788
2007-04-20,,0.03237147315764992,0.011797541402857277
2007-04-23,,0.008301751627724037,-0.007862899477637245
2007-04-24,,0.018264911296356757,-0.018563613174938823
2007-04-25,,0.009712934109080107,-0.0028615831807360785
2007-04-26,,-0.000970190202069159,0.015477103905283077
2007-04-27,,-0.03677013778077789,-0.004767878441059748
2007-04-30,,0.014095870840535983,0.025196293918887266
2007-05-03,,0.040856586023432465,0.018934921394019866
2007-05-04,,-0.026798724592636117,-0.013381649014345812
2007-05-07,,0.014641366373138646,-0.00011783420740655977
2007-05-08,,-0.008344711120254802,-0.005001093335129626
2007-05-09,,0.0031960922111777283,-0.021588596066014112
2007-05-10,,-0.010598750010009464,-0.007937835296843597
2007-05-11,,0.0048572875817638585,0.018411236143510402
2007-05-14,,0.019412640089234694,-0.001837942022899042
2007-05-15,,-0.01351476880792921,-0.009805970147901364
2007-05-16,,0.022393611757266313,-0.011249991734142243
2007-05-17,,0.030454619476385805,0.020855981879377344
2007-05-18,,0.007802149694610007,0.0022774047440402966
2007-05-21,,0.03613736570641392,-0.012691443092913113
2007-05-22,,0.010338491044808364,-0.0051870278797783225
2007-05-23,,-0.013068014220218846,0.002232098489696846
2007-05-24,,-0.016622312758563965,-0.007037842038708315
2007-05-25,,0.0004920049299740108,0.004236776615024828
2007-05-28,,-0.002404439229638618,-0.0036245941655416772
2007-05-29,,0.018961726470075456,0.004599767945637077
2007-05-30,,-0.002307857709292647,-0.012669778765762127
2007-05-31,,0.003388723644939109,-0.006023120519052687
2007-06-01,,-0.004301939655438237,0.008528924200466944
2007-06-04,,-0.0053246432913402605,-0.008735839303938637
2007-06-05,,0.0019785803693344265,-4.138815885360345e-05
2007-06-06,,-0.03148629174921469,-0.006394308450359626
2007-06-07,,-0.013182949180449625,0.005524761181226557
2007-06-08,,-0.007275601813152964,0.010794880483756973
2007-06-11,,0.005476662701801475,0.0010239817397225566
2007-06-12,,0.019465407099673804,-0.003280439239835315
2007-06-13,,-0.013929040068159912,-0.011650135897956859
2007-06-14,,0.012250075329654669,0.0010798240105646415
2007-06-15,,-0.008377911315976575,-0.016869735966347145
2007-06-18,,-0.006142855159626996,-0.01857744096018618
2007-06-19,,0.03234394616130024,-0.00223887116683983
2007-06-20,,0.0036999608620768114,-0.011270166971039634
2007-06-21,,0.0008075448193588543,-0.0012213209229896239
2007-06-22,,-0.017008943392390306,-0.004944115428825201
2007-06-25,,0.0023724108659662142,-0.012534921595874843
2007-06-26,,-0.003457980236294518,-0.0035595143255883217
2007-06-27,,-0.002763244747239067,0.010111399288846811
2007-06-28,,-0.0038636847403699143,0.0032599147812081126
2007-06-29,,0.005040466965548741,0.010935285244278269
2007-07-02,,-0.009601680927377005,-0.013048613200277667
2007-07-03,,0.013563128072847647,-0.006056471730190842
2007-07-04,,0.006334955282186925,-0.00886321357211117
2007-07-05,,-0.0048424832084776465,-0.005382868602368685
2007-07-06,,2.924190365008802e-05,0.04141013619841225
2007-07-09,,0.0006138825338582914,0.015500867017361855
2007-07-10,,-0.004833545361807293,0.005423971939808747
2007-07-11,,0.0003523194399332087,-0.029375410361741176
2007-07-12,,0.009378766539386225,0.011810905429944379
2007-07-13,,0.030754915060277492,-0.023102548008167
2007-07-16,,0.002056483575665091,-0.006801245136696322
2007-07-17,,0.028382701712604885,0.024037408723934377
2007-07-18,,-0.002848926731734783,0.009386910124733144
2007-07-19,,0.037765728201391756,0.013240715397201272
2007-07-20,,-0.00034346557095325076,-0.005343297560898971
2007-07-23,,0.008970557478572437,0.012717496116553416
2007-07-24,,0.0017792667837007658,-0.0161249446813668
2007-07-25,,-0.00524220114308567,-0.02043086453102022
2007-07-26,,0.0204712510945278,0.03500121970999664
2007-07-27,,-0.039091984859912,-0.03082947717447401
2007-07-30,,-0.010090902981962831,-0.014457872664890759
2007-07-31,,0.023917233316839977,0.017315883530747703
2007-08-01,,-0.05189108535924611,-0.036236327140949175
2007-08-02,,0.001556290784616429,-0.018097584823762457
2007-08-03,,0.00033317600330425164,0.001596679247084024
2007-08-06,,-0.011727719371960571,0.0023220353274910647
2007-08-07,,0.016739705994506703,0.008919130999834182
2007-08-08,,0.035411294216047946,0.03829107425795203
2007-08-09,,-0.015935842777642106,-0.006004456102985684
2007-08-10,,-0.02011094223826901,-0.0010479435069589023
2007-08-13,,0.011076867190692802,-0.008775835172724943
2007-08-14,,0.002102533370627592,-0.0037531780451818333
2007-08-16,,-0.05264225905716839,-0.03809769875882658
2007-08-17,,0.007932572131141636,-0.02971092778263594
2007-08-20,,0.02540337680306444,-0.000568262552584466
2007-08-21,,-0.028860770060634058,-0.03892707051426041
2007-08-22,,0.011016180063770382,0.010435388527260078
2007-08-23,,-0.012649020565776967,-0.017701317732834957
2007-08-24,,0.01837937173911245,0.010363809882364615
2007-08-27,,0.031829619407762896,0.007922189215791452
2007-08-28,,0.026210364058248302,0.0021895155322913707
2007-08-29,,0.003817405621944301,0.002766522015910109
2007-08-30,,0.011757878601046906,0.013862370617678515
2007-08-31,,0.025227586608431194,0.01739091855381868
2007-09-03,,-0.0015055440025626321,-0.0029168255531297504
2007-09-04,,0.00760653399801531,0.004559671330872313
2007-09-05,,-0.004215879260154637,0.0058453719245410785
2007-09-06,,0.009246541452749217,0.0052549705879720125
2007-09-07,,-0.010112232149715517,-0.001624695727001922
2007-09-10,,0.0114981639065399,-0.02731509591479635
2007-09-11,,0.002263753261924733,-0.023086121401685873
2007-09-12,,0.011515770799657302,-0.007601988594934956
2007-09-13,,0.007102847477643396,0.014855628947686614
2007-09-14,,0.003569454217582795,-0.008133491812386356
2007-09-17,,-0.00317495744240898,-0.02455447356728382
2007-09-18,,0.014560928766582496,0.004799769226649155
2007-09-19,,0.054763856931808866,0.020341357987379335
2007-09-20,,0.007515731267016484,-0.02074046001313084
2007-09-21,,0.04033427116480478,0.01559553355529495
2007-09-24,,0.032380227245141294,-0.010419590083275646
2007-09-25,,0.018549037638842164,-0.005525288453738088
2007-09-26,,-0.03289470691401118,0.03824305045736632
2007-09-27,,-0.001573191424078997,0.020683014723487086
2007-09-28,,-0.008773221218371098,-0.002214214270012175
2007-10-01,,-0.0025488821598780493,-0.017604413154168844
2007-10-03,,0.04424688807471563,0.03541403151915516
2007-10-04,,0.01244364640169255,9.265693775432762e-05
2007-10-05,,0.027083633296986542,-0.006040629863831816
2007-10-08,,-0.029022937818461284,0.005160042130521378
2007-10-09,,0.07124815999204132,0.015276605009609085
2007-10-10,,0.007051999177397465,0.02751868123918785
2007-10-11,,0.004629505596440505,-0.04870131871603966
2007-10-12,,-0.02494211625758763,-0.007960706990455447
2007-10-15,,0.038459662416699916,0.009964295480766786
2007-10-16,,-0.005566121292521913,-0.005367448885252703
2007-10-17,,0.013485623264014883,0.024318150874705905
2007-10-18,,-0.03962041349499856,0.026279937480324433
2007-10-19,,-0.04507487477231009,-0.013436848376798299
2007-10-22,,-0.024287215489254155,-0.03384402246209748
2007-10-23,,0.07580625688016206,-0.00782003938307569
2007-10-24,,0.005829466737504836,-0.014775794487877135
2007-10-25,,0.004958908523580993,0.0015255533088369701
2007-10-26,,0.026379818764112394,0.020463725078687926
2007-10-29,,0.04691244164952054,-0.0030851237483722972
2007-10-30,,-0.020867588239176213,-0.018427169178165472
2007-10-31,,0.0051501023201416555,-0.010064786616140709
2007-11-01,,-0.037776250748903985,-0.014507423113265736
2007-11-02,,0.012124956196333816,-0.001809955245239419
2007-11-05,,-0.019407246065962624,-0.009741774459204123
2007-11-06,,0.0018958775048092502,-0.006945850508831458
2007-11-07,,0.03851793947735864,-0.007245141243592769
2007-11-08,,-0.010174651366433076,-0.00744957388895641
2007-11-09,,-0.003085492429175591,-0.004455929191631043
2007-11-12,,-0.021738379117073575,-0.021959735231512702
2007-11-13,,0.006519292186499384,-0.017267067765229138
2007-11-14,,0.07002707961824461,0.0406974287847499
2007-11-15,,-0.004632569813751415,-0.006609409387673852
2007-11-16,,0.0022755905073158712,0.002750753097136466
2007-11-19,,-0.010728312857182083,0.010726676419287989
2007-11-20,,-0.023440721938588257,-0.03294752692010106
2007-11-21,,-0.027429895940622107,-0.017313270188617943
2007-11-22,,0.00561256476325217,0.005699223869668601
2007-11-23,,0.031234757663411637,0.011249889727592822
2007-11-26,,0.02575747014057337,0.024820780381219692
2007-11-27,,-0.014403559153935196,0.010953896659649366
2007-11-28,,-0.018099720452796536,-0.01972230520454936
2007-11-29,,0.007225916165756355,-0.01075915760934113
2007-11-30,,0.013806228973314731,0.046665866072585147
2007-12-03,,0.028775607025747527,0.03656874174091807
2007-12-04,,-0.02497801226899782,-0.019427423858190462
2007-12-05,,0.013498010242306712,0.003393284558980308
2007-12-06,,-0.009558183309695557,0.0022719043004743025
2007-12-07,,-0.011320710552708838,0.02578604849468291
2007-12-10,,-0.0065320478000298506,-0.025737766139460314
2007-12-11,,0.021967740415751447,0.0054889636584678405
2007-12-12,,-0.0016474325460821648,0.01155309551343882
2007-12-13,,-0.016854774051360828,-0.02285265076737219
2007-12-14,,0.019541293679834204,0.010434877292579714
2007-12-17,,-0.04010248237322159,-0.027281504903527546
2007-12-18,,-0.01728301222240518,-0.0019279735067115622
2007-12-19,,-0.00874557941457823,0.013808912514697064
2007-12-20,,0.003636401205074847,0.02014706887368304
2007-12-24,,0.0272271553206354,0.059737950953880646
2007-12-26,,0.037981364080663466,-0.008506838630651062
2007-12-27,,-0.0009153160638010287,0.009452592940150802
2007-12-28,,0.00034550072035077794,-0.02608565985547943
2007-12-31,,-0.004205941241896963,-0.004399071714104994
2008-01-01,,-0.012022584373106621,-0.02143659561481001
2008-01-02,,0.004728555220360516,-0.004323971480054465
2008-01-03,,0.014552460024566841,-0.03780076936983051
2008-01-04,,0.030290443029546456,-0.005802868112301452
2008-01-07,,0.0090633805469744,-0.02988913932767186
2008-01-08,,0.011325410358025307,0.012478198017648875
2008-01-09,,-0.006898504765313077,0.008517552691396365
2008-01-10,,-0.0019302318146070183,-0.014813587706052516
2008-01-11,,0.03242965407258041,0.008217556641482073
2008-01-14,,0.02937936260806357,-0.029321901787370628
2008-01-15,,-0.017318483705982816,-0.022250608934819692
2008-01-16,,-0.022975192590169308,0.005252140776996963
2008-01-17,,-0.031889996669419496,-0.02382786145653628
2008-01-18,,-0.06798507707746632,-0.021360141749057888
2008-01-21,,-0.09699755776256787,-0.0832540513183332
2008-01-22,,-0.07489846567785746,-0.04026812992222767
2008-01-23,,0.0787873049105117,0.088310251220578
2008-01-24,,-0.024526985502809684,-0.03346860887370972
2008-01-25,,0.04957620368974073,0.04787209149246681
2008-01-28,,-0.018912910800206524,-0.03485314527665348
2008-01-29,,0.004082987415446837,0.015563612641871212
2008-01-30,,-0.04160004040274221,0.002474750191115166
2008-01-31,,0.002827827690348364,0.004473510557460598
2008-02-01,,0.02543125913045719,0.061852513613478766
2008-02-04,,0.01887491635141387,0.04845710837950888
2008-02-05,,0.009945745635756245,-0.02134022040986368
2008-02-06,,-0.024993563454055023,-0.05261401990312903
2008-02-07,,-0.051056196872355845,-0.030307896339216368
2008-02-08,,0.00039160320790664055,0.021773624535434903
2008-02-11,,-0.06354989031063173,0.008534271803781458
2008-02-12,,0.020796733747429758,-0.04682487445608379
2008-02-13,,0.027428618207043582,0.004960785438811776
2008-02-14,,0.05188424759131985,0.005565930306592498
2008-02-15,,0.03021342383050821,-0.0012596623480697487
2008-02-18,,-0.01563852255029723,-0.022597867572070163
2008-02-19,,0.0003327949915705435,0.025744053275130307
2008-02-20,,-0.028005918827944787,0.012091771180930792
2008-02-21,,0.0049394715211246035,0.03171166738405052
2008-02-22,,-0.025088777260820146,-0.015535790654240749
2008-02-25,,0.046940966682449396,0.00022206184513628665
2008-02-26,,0.0098282805910112,-0.0026123462039691755
2008-02-27,,0.0045691353619642236,-0.02348146965053428
2008-02-28,,-0.02155617762067168,0.003810178342050783
2008-02-29,,-0.027940256876747376,-0.003981123383636395
2008-03-03,,-0.06604838462267518,-0.033375055963889066
2008-03-04,,-0.027611003988733458,0.011948133236401377
2008-03-05,,0.02184855259878261,0.01903061873376634
2008-03-07,,-0.019599834644428684,-0.03387003588429747
2008-03-10,,0.011630094827189043,-0.014882998847626889
2008-03-11,,0.03173908098139808,-0.012250100388772863
2008-03-12,,0.011307690628480097,6.0714610989763844e-05
2008-03-13,,-0.05699245538615173,-0.05471503391313047
2008-03-14,,0.03485070096611741,0.030503454293414625
2008-03-17,,-0.06327063211739929,-0.01504070467123407
2008-03-18,,-0.013483765426527973,0.03212354123019671
2008-03-19,,0.0037586179141382266,-0.00767275040604063
2008-03-24,,0.018879522072052943,0.014983615185312028
2008-03-25,,0.050320204340867584,0.06213031841408609
2008-03-26,,-0.006221230708571539,0.0021084430981027635
2008-03-27,,-0.012537771589645853,-0.02987193830172014
2008-03-28,,0.03532514595197193,0.021526171328496685
2008-03-31,,-0.03752944080915502,-0.07210973152798397
2008-04-01,,0.034464108566672036,0.02666337648183545
2008-04-02,,-0.0007251322617686753,0.022452832023702064
2008-04-03,,0.022154674386834897,0.03933366283431854
2008-04-04,,-0.031758795629132315,-0.014218518556736608
2008-04-07,,0.035445570131813355,0.035118972002016816
2008-04-08,,-0.00967281104691885,-0.018700480762746895
2008-04-09,,0.015208626475767604,-0.0125880546317741
2008-04-10,,0.02062730443725823,0.026243199933828617
2008-04-11,,0.033029575127998825,0.009349740318664854
2008-04-15,,0.02333862115839328,0.07032091729060287
2008-04-16,,0.0116857999580858,-0.0023123773824712877
2008-04-17,,-0.0009275823894394835,0.02940195571554817
2008-04-21,,0.0013437682413445686,-0.007521471551723031
2008-04-22,,-0.013807244742326322,-0.11306296663709284
2008-04-23,,-0.011475646431261477,0.0021955141535123478
2008-04-24,,0.0019572701369790714,0.0017978542962758042
2008-04-25,,0.016074398132665417,-0.0016291680803511535
2008-04-28,,-0.012692131497643954,-0.008582774312612926
2008-04-29,,0.0261090554118874,0.032196950448847336
2008-04-30,,-0.01723445097841252,0.011411223713478257
2008-05-02,,0.022783043390530628,0.024401264307927516
2008-05-05,,-0.002077115989264506,-0.01742241589054696
2008-05-06,,-0.00721916204918349,0.010297757935000979
2008-05-07,,0.014591142842757037,0.031203287879717836
2008-05-08,,-0.008102803751454439,-0.02064083730132822
2008-05-09,,-0.05346128747342692,-0.03219162092961337
2008-05-12,,0.010015332867861779,0.01073821262532209
2008-05-13,,-0.020871389381328067,-0.023855494089225122
2008-05-14,,0.011785066394183715,0.07049074548558004
2008-05-15,,0.03578393706374279,0.01390686557287343
2008-05-16,,0.004849162801867008,-0.0037643751849046666
2008-05-20,,-0.01250338413984834,-0.025760916574710135
2008-05-21,,0.024571260730505327,0.009369212821690025
2008-05-22,,-0.015735861888076682,-0.004101238714221058
2008-05-23,,-0.02695903534943715,-0.030368577037267277
2008-05-26,,-0.016010437028265642,0.024420526525778242
2008-05-27,,-0.008182535126596788,0.013978973703578014
2008-05-28,,0.010921664685012487,0.04099949966527448
2008-05-29,,-0.023992164205433875,-0.01476999057324655
2008-05-30,,-0.02433230068831473,0.043767433782095924
2008-06-02,,-0.018772993207666292,-0.05468490385722795
2008-06-03,,0.020082723860677484,-0.008882141089266816
2008-06-04,,-0.042287759813273054,-0.019049181012775827
2008-06-05,,-0.02644099751547593,0.025896422890427675
2008-06-06,,-0.0037009829772574653,-0.016067695075932916
2008-06-09,,-0.03444855760237774,-0.0554308774605333
2008-06-10,,0.016076668652645478,-0.03915507697459613
2008-06-11,,0.028549980769856723,0.012829746162146537
2008-06-12,,0.00700644018968757,-0.002361408946186965
2008-06-13,,-0.0030345032850540923,0.023751707535189764
2008-06-16,,0.005249586488746353,0.0013183917532582322
2008-06-17,,0.02190651494206853,0.011462381925301794
2008-06-18,,-0.01982748936527959,-0.02239145245749211
2008-06-19,,-0.017176983705163146,-0.014422520665224179
2008-06-20,,-0.06855133601638048,-0.02757260037137892
2008-06-23,,-0.03564099993000912,-0.006270705097570059
2008-06-24,,0.0181004843847878,-0.016502121549055532
2008-06-25,,0.03491911687553691,0.03765260021958561
2008-06-26,,0.047340031730184376,0.005175906672211448
2008-06-27,,-0.025735217935872374,-0.018147448249698595
2008-06-30,,-0.04091458503590244,-0.008470202058839513
2008-07-01,,-0.024643094688894234,-0.012310372943064418
2008-07-02,,0.04769118804109186,0.033409904746929175
2008-07-03,,-0.035076327919384774,-0.022907270582307574
2008-07-04,,0.013339929106623072,-0.01428469753112682
2008-07-07,,-0.033788144200034856,0.009135174770157678
2008-07-08,,-0.024329671854485698,-0.026213275399074042
2008-07-09,,0.04914012800406145,0.05455525340134896
2008-07-10,,-0.01575484621002585,-0.009569451016150785
2008-07-11,,-0.015039357981780275,-0.0837922433750158
2008-07-14,,0.013474603744513945,-0.039265793057418986
2008-07-15,,-0.03285670541714691,-0.022654903713388068
2008-07-16,,-0.017292379170754733,-0.03050109645764854
2008-07-17,,0.037888960563382194,0.07301352843163579
2008-07-18,,0.045823954434500616,0.013442596691219354
2008-07-21,,0.018589159419529835,0.023590550300696907
2008-07-22,,-0.00032520325489847785,0.02316705928153438
2008-07-23,,0.052122353777804865,0.03391958361023783
2008-07-24,,0.017813315938899982,-0.06977756135676298
2008-07-25,,-0.07228491775883546,-0.004182931024882829
2008-07-28,,0.015160909758708156,0.008782640775638458
2008-07-29,,-0.045421835381500485,0.0033432423413635986
2008-07-30,,0.0387941128648122,0.036413999484361005
2008-07-31,,0.019209371823433716,-0.0062175127058733005
2008-08-01,,0.04000444637578985,0.008241804895103788
2008-08-04,,-0.024318379003326493,-0.030557933217650917
2008-08-05,,0.014894763519895637,0.0174467207629535
2008-08-06,,0.00985875756418401,0.03650753004575
2008-08-07,,-0.011375691450749561,-0.008401939851223561
2008-08-08,,-0.009194654114878438,-0.009714816314329456
2008-08-11,,0.03209766375354609,-0.013281515027254375
2008-08-12,,0.009416870016080396,-0.01778416094425824
2008-08-13,,-0.004440561512109523,0.01098612002529431
2008-08-14,,-0.026076842548570574,0.005898301782598706
2008-08-18,,-0.023060002158221623,0.009971720185358258
2008-08-19,,-0.002340024468009076,-0.00035654861323764127
2008-08-20,,0.011979677297278748,0.0004159610245078967
2008-08-21,,-0.015115784554857011,-0.028625896278910736
2008-08-22,,0.01442553815402868,0.0014051381485347962
2008-08-25,,-0.0057183858469950204,-0.0009772783577712298
2008-08-26,,-0.02387137731574412,0.019186547104766086
2008-08-27,,-0.014489490556702187,-0.018881045009700705
2008-08-28,,-0.0365780256346297,-0.03240909420154639
2008-08-29,,0.03106939866146951,0.02474340186338019
2008-09-01,,0.0025480103082678707,0.003380146413444437
2008-09-02,,0.03265952588512349,0.04069682563413143
2008-09-04,,-0.027722279310922256,-0.005434153951374873
2008-09-05,,-0.0337133141193301,-0.006894119781620769
2008-09-08,,0.024822707307713143,0.02159248540322056
2008-09-09,,0.0043735086960496146,0.009410467355000104
2008-09-10,,-0.028355587163924525,-0.016203653469486858
2008-09-11,,-0.0417947864495378,-0.016829029553958576
2008-09-12,,-0.03295421669605937,-0.03175255371397089
2008-09-15,,-0.023930349180799265,-0.060717155861318144
2008-09-16,,0.021547360512003455,-0.01845717728785935
2008-09-17,,-0.02702085701266037,-0.02535718537636458
2008-09-18,,0.032297231667549615,-0.012334351032520856
2008-09-19,,0.0585390044478062,0.061444055067269666
2008-09-22,,-0.007815974526172326,-6.520392529943796e-05
2008-09-23,,-0.01614154263742162,-0.061586873886540286
2008-09-24,,0.019568550789232923,-0.011087593102173127
2008-09-25,,-0.01002022235275282,-0.03518147984539158
2008-09-26,,-0.03133952486311367,-0.017881174063598675
2008-09-29,,-0.015580197345455347,-0.0867694122346484
2008-09-30,,0.00850038604536313,0.07096941146786155
2008-10-01,,-0.022121984586155774,0.009197357988601652
2008-10-03,,-0.07923666559119914,-0.021441483443680957
2008-10-06,,-0.0704659575027495,-0.06033949136732355
2008-10-07,,0.019932812224651517,-0.07217123817196948
2008-10-08,,-0.01570807454570061,-0.05221676101865895
2008-10-10,,-0.0761982373040402,-0.040700035864088525
2008-10-13,,0.028269065390360223,0.08760666470975582
2008-10-14,,0.031107145675563073,0.03406446645415764
2008-10-15,,-0.06423218228534425,-0.08739490375299294
2008-10-16,,-0.0881362634229271,-0.09273570247210937
2008-10-17,,-0.06369832676627869,-0.08679101559605397
2008-10-20,,0.011306007487083637,0.07938995783579955
2008-10-21,,0.05454524988939104,0.12917164322416383
2008-10-22,,-0.05765402139640357,-0.022519604152105965
2008-10-23,,-0.07828177926954095,0.0011883542693787133
2008-10-24,,-0.17761046063875452,-0.09269164879035621
2008-10-27,,0.05486708714187877,-0.0042185679275899704
2008-10-28,,0.06818784311267044,0.08394511395506922
2008-10-29,,0.041411586505010964,0.001017529341758801
2008-10-31,,0.1350021225118369,-0.006120764726936398
2008-11-03,,0.0470420225319512,0.01825103660476079
2008-11-04,,0.0068434235210570495,-0.07371458111796406
2008-11-05,,-0.13439780729749973,-0.004138344658648224
2008-11-06,,-0.08079486523508844,-0.012318852386447723
2008-11-07,,0.041991700135442615,0.04867591762526571
2008-11-10,,0.06528061720909069,0.03975887605389834
2008-11-11,,-0.07602831686953064,-0.03273797434862061
2008-11-12,,-0.03840296364032436,0.011374975763142415
2008-11-14,,-0.013382906163723859,-0.007600318077622199
2008-11-17,,-0.0046762753746735905,-0.0225756122936935
2008-11-18,,-0.0012711773250519568,-0.07157671872057118
2008-11-19,,-0.006600974505386832,-0.0010354111506934128
2008-11-20,,-0.06984789464201793,-0.028156077828005898
2008-11-21,,0.06266955825269083,0.076289926666188
2008-11-24,,0.018024858359399328,0.02621088325686385
2008-11-25,,-0.06589047118149126,-0.03106021731830141
2008-11-26,,0.06072340621955571,0.04547780605644931
2008-11-28,,-0.0039149323101572,0.058810706640041364
2008-12-01,,-0.022328623349014042,0.008455392816595816
2008-12-02,,-0.03247588857086197,-0.05708021491748979
2008-12-03,,-0.004526267030818267,0.0036528865608229113
2008-12-04,,0.08082666887524519,0.026933928433385476
2008-12-05,,-0.0364603129519473,-0.051542400958545516
2008-12-08,,0.0008496747151614255,0.0008620277340471625
2008-12-10,,0.0927019479550782,0.035365295580982475
2008-12-11,,0.025582603431355416,-0.06371946227042595
2008-12-12,,0.03749318774715891,-0.0533014574381679
2008-12-15,,0.025269034704004482,-0.024503039868539366
2008-12-16,,0.035144050251343546,0.020443283082481195
2008-12-17,,-0.027082935628779965,-0.004285795511154694
2008-12-18,,0.007078631533391837,0.0672454135928693
2008-12-19,,-0.007152631607425714,0.005956758007093059
2008-12-22,,-0.04988044972305072,-0.005858819610266222
2008-12-23,,-0.020273353760282147,-0.01968119700387314
2008-12-24,,-0.014190305067283445,-0.04588288820212224
2008-12-26,,-0.025978664643754874,-0.013687305699689444
2008-12-29,,0.02943484298266183,0.010859930655277867
2008-12-30,,0.0033643094853425485,0.011987426602005125
2008-12-31,,-0.014296025213438207,-0.009683036769032632
2009-01-01,,0.017609203103994022,0.03888666409325984
2009-01-02,,0.024990970216472452,0.002914135609986452
2009-01-05,,0.05992932601326057,0.03344991448320953
2009-01-06,,0.003690513003892146,-0.017325348940602038
2009-01-07,,-0.1325210968969209,-0.003164559602962914
2009-01-09,,-0.04036231810700383,0.06174266907722207
2009-01-12,,-0.04918477919724313,-0.04650671307481512
2009-01-13,,-0.018709318627105977,0.025237324792429325
2009-01-14,,0.09061260599291612,0.02498721020579759
2009-01-15,,-0.0322150074860051,-0.05433011261261307
2009-01-16,,0.0635888209606839,-0.014702519515285142
2009-01-19,,0.010256500167189282,-0.004483195553811601
2009-01-20,,-0.03832998061321106,-0.008624201066324572
2009-01-21,,-0.05540813688667413,-0.008394486715448126
2009-01-22,,0.014582622175483714,0.008696586309911374
2009-01-23,,0.017318149676013334,-0.021267654818400306
2009-01-27,,0.058620534030271655,0.026289258219897596
2009-01-28,,0.03844550350186029,0.016591707419263614
2009-01-29,,-0.0030659196218349003,0.0038353786505294822
2009-01-30,,0.04125965953718338,0.004309507159331097
2009-02-02,,-0.033495219133794135,-0.040488130530085056
2009-02-03,,0.02026208055489394,0.01725311423858726
2009-02-04,,0.0009947584705211736,-0.0024036065653127983
2009-02-05,,-0.014405364076313426,-0.03209485396838072
2009-02-06,,0.042570929790324084,0.040382883836596314
2009-02-09,,0.03280541383944765,0.023974423947643684
2009-02-10,,0.00877622812795875,0.01846916676903711
2009-02-11,,-0.014875238354432102,-0.018954721524874485
2009-02-12,,-0.021736804303445646,-0.009466717846788833
2009-02-13,,0.02977679497466649,0.002546275002215121
2009-02-16,,-0.053245636682613395,-0.02065392851739739
2009-02-17,,-0.04089458716665205,-0.03144275249680805
2009-02-18,,0.021737865453660046,-0.00931683758023055
2009-02-19,,-0.001081540527999186,0.018037077501676
2009-02-20,,-0.031685119223104005,-0.03207166060659694
2009-02-24,,-0.0001196816469623389,-0.010923275268427637
2009-02-25,,0.010556491397646592,0.02495785837334864
2009-02-26,,0.01896551263654752,0.0030115812781815847
2009-02-27,,-0.019360363782797305,0.0018647058132904145
2009-03-02,,-0.032430501896183246,-0.04932332221165432
2009-03-03,,-0.023778210076426637,-0.030133067350274576
2009-03-04,,0.01183593210460517,0.031654145435812395
2009-03-05,,-0.05194102333781431,0.005737498824540806
2009-03-06,,0.017330260864365316,0.03916258737738961
2009-03-09,,-0.014247523907256521,-0.03959445954994095
2009-03-12,,0.04131608494885357,0.03062765981849561
2009-03-13,,0.06618805425222439,0.05986038792367902
2009-03-16,,0.033197910498442264,0.025229020378981188
2009-03-17,,-0.020854702075451103,-0.04374806814621865
2009-03-18,,0.02371292139623488,0.015159360812570128
2009-03-19,,0.010683303580892515,0.019214393698069557
2009-03-20,,-0.004841903012284815,-0.010051316629795725
2009-03-23,,0.07149372422338443,0.01913701609241563
2009-03-24,,0.009685640767054339,0.0038413568795476077
2009-03-25,,0.05345282535707066,0.008304347823731578
2009-03-26,,0.02150065068373988,0.05986387624912585
2009-03-27,,-0.010757107823108175,0.02894404821291354
2009-03-30,,-0.021076077014376467,-0.09404977587364012
2009-03-31,,0.005458385247589985,0.02882098147066991
2009-04-01,,0.03638521129926471,0.010987599576236089
2009-04-02,,0.049414851375756505,0.06100266302742862
2009-04-06,,0.006150726722173362,0.001381334934310014
2009-04-08,,0.03153275163293985,0.0415705711385632
2009-04-09,,0.006125593426682576,-0.0026518619999163265
2009-04-13,,0.021543591021902106,-0.017241806434505992
2009-04-15,,0.03136010121130336,-0.024874140251674882
2009-04-16,,-0.053335875485628514,-0.009828302640267104
2009-04-17,,-0.0104579524666105,0.0018338214107391018
2009-04-20,,-0.0009031713580279526,-0.020626557629909725
2009-04-21,,-0.005436225575457559,-0.019152678245329593
2009-04-22,,0.00695075956333709,-0.014263751019542975
2009-04-23,,0.02625305153211821,0.04528022490017179
2009-04-24,,0.014159080193282825,0.0274322757264106
2009-04-27,,-0.001846464266782291,0.03036158326423324
2009-04-28,,-0.027480651704323122,-0.005664793555697261
2009-04-29,,0.03900703356224592,0.04108261218559373
2009-05-04,,0.0437883862743076,0.06638095366901142
2009-05-05,,-0.0018298752039659252,-0.02338044864406361
2009-05-06,,-0.0011420528975920612,-0.024333614058025844
2009-05-07,,0.017935456611748446,-0.00576143024588863
2009-05-08,,-0.007993019217928485,-0.0011879778057351394
2009-05-11,,-0.02057543543923004,-0.025197930827754487
2009-05-12,,0.05145711852673256,0.04115676172204643
2009-05-13,,-0.013820251306483556,-0.0307277897179197
2009-05-14,,-0.012519847549007836,-0.0030608159216441626
2009-05-15,,0.021634929841563823,0.03837951748844895
2009-05-18,,0.19366738266051833,0.14406303876115578
2009-05-19,,-0.059450573682801204,-0.10493489317853452
2009-05-20,,-0.03579836325022779,0.010249644097796464
2009-05-21,,-0.017339172422017546,-0.04411258200766544
2009-05-22,,0.032691463254641534,-0.02091375483394062
2009-05-25,,0.004109125745317678,-0.004267431796219132
2009-05-26,,-0.024001428799638055,-0.010989121575595206
2009-05-27,,0.020166770703169384,0.03786783947758779
2009-05-28,,0.015521426219818245,0.022337502034403208
2009-05-29,,0.022861572858219055,0.06055366208605203
2009-06-01,,0.004523404212692436,-0.009912721568921635
2009-06-02,,-0.001315385816880768,-0.004165475715602634
2009-06-03,,-0.014718172474021421,0.003018110942905553
2009-06-04,,0.00703251819617386,0.01474333175791514
2009-06-05,,-0.021902764056864664,0.01981094506834754
2009-06-08,,-0.008509724013810718,0.028359548584306418
2009-06-09,,0.03500015795332831,0.05256253303169126
2009-06-10,,0.020926869052802517,-0.00044758464892486735
2009-06-11,,-0.007332219852264905,-0.00860690007138866
2009-06-12,,0.025229884874620773,-0.013704627833305366
2009-06-15,,-0.08077678735414276,0.01743909872423125
2009-06-16,,-0.016404240926430776,-0.6927616507729945
2009-06-17,,-0.04387191260533729,-0.027088516581818167
2009-06-18,,-0.012903721383913894,-0.006223949112354408
2009-06-19,,0.008090440165792842,0.008992390666960916
2009-06-22,,-0.044574229045789414,-0.027088186375076498
2009-06-23,,0.031657464959602366,-0.008148897463300565
2009-06-24,,-0.006446576903592394,0.04035822955893333
2009-06-25,,-0.0223468754605696,-0.0032797667970012483
2009-06-26,,0.035667011383253594,0.043457152815975904
2009-06-29,,0.02808600138466585,-0.02858796012330233
2009-06-30,,-0.030948363305410665,0.009406679761194966
2009-07-01,,0.017344024006809386,0.007920327556574878
2009-07-02,,-0.023317150384838798,-0.007535638188491774
2009-07-03,,0.008071348596580862,0.0024329354468308117
2009-07-06,,-0.0686353786175922,-0.026568011182071315
2009-07-07,,-0.02011485414974987,0.021953210016945522
2009-07-08,,-0.014002562510053794,-0.02077187497111443
2009-07-09,,0.012897098439645541,0.0181988644174066
2009-07-10,,-0.04313686377134027,0.017873576799295056
2009-07-13,,-0.013726428614468794,0.005929494443402324
2009-07-14,,0.03540341692424692,0.023495393678663868
2009-07-15,,0.033739837802300075,0.03903639834306457
2009-07-16,,0.031012270953513298,-0.00794831872958227
2009-07-17,,0.0008521737400624355,0.03349651491901519
2009-07-20,,0.048493891729391427,0.1424325715599447
2009-07-21,,-0.007231117775972988,-0.0469339317871004
2009-07-22,,-0.02150620522096362,-0.023944358264117144
2009-07-23,,0.032786557335600534,0.019853085838190784
2009-07-24,,-0.012172434939254337,0.01326182439813437
2009-07-27,,-0.038513919829174834,-0.003533205379821599
2009-07-28,,-0.017177061062461398,0.0007284458410464444
2009-07-29,,0.011881327886752686,0.03906866388902693
2009-07-30,,-0.01571546688351009,0.06450100542786341
2009-07-31,,0.028583007644259053,-0.013502872643432215
2009-08-03,,0.031016482882640833,0.010779226911811983
2009-08-04,,0.011215992354697847,-0.00282539272528794
2009-08-05,,0.017808373644164488,-0.0021715535135077954
2009-08-06,,-0.014358027022137315,-0.022172162106370703
2009-08-07,,-0.024256050676364542,-0.016171808843638388
2009-08-10,,-0.004842138492281335,0.057163870076836425
2009-08-11,,0.006167751782457852,0.0052731515869417185
2009-08-12,,-0.004860824884860895,-0.04192597453763784
2009-08-13,,0.016737626107643906,0.013570544649867773
2009-08-14,,0.005984134092205868,-0.010016778243471232
2009-08-17,,-0.04751547299285314,-0.02200447431951307
2009-08-18,,-0.00038628433582318423,-0.00255152248337351
2009-08-19,,-0.028927690904636993,-0.021452804046765903
2009-08-20,,0.006632778495129782,0.005905627493690095
2009-08-21,,0.01588662174540752,0.01633295402205045
2009-08-24,,0.023315857263221936,0.023866092015064816
2009-08-25,,0.025676731559261767,0.01285915704828996
2009-08-26,,0.007132697857427287,0.037522975545014964
2009-08-27,,0.0010777710779953265,-0.0013683012397090674
2009-08-28,,0.015426219009965407,-0.012769453746821664
2009-08-31,,-0.033833389826174655,-0.025754104027556107
2009-09-01,,-0.012167889310630644,-0.0002846434859580686
2009-09-02,,-0.004908916740270735,0.014508026489578635
2009-09-03,,-0.020682703971418998,-0.0017786103448447375
2009-09-04,,0.02574305937931903,-0.0032846916117020807
2009-09-07,,0.01089368202744275,0.03518855918551414
2009-09-08,,0.03567910230048498,0.006693223250882484
2009-09-09,,0.043762358103051714,0.010402748282435923
2009-09-10,,-0.009731534896354565,-0.0069830185278696635
2009-09-11,,-0.003078145284255874,0.006804574558802215
2009-09-14,,-0.0006307895591542915,-0.0022332404654373723
2009-09-15,,0.019165478766309006,0.02263580288867075
2009-09-16,,0.0014204222416152863,-0.002450981619140185
2009-09-17,,-0.04583779593151712,0.021588250077170214
2009-09-18,,0.007830631843897862,0.0017995634489266202
2009-09-22,,-0.002190216326089021,0.031435614206125555
2009-09-23,,0.0017858635822788696,-0.019689798682723733
2009-09-24,,-0.0003569176628849789,0.01952385112177188
2009-09-25,,0.016077023292243402,-0.025464630708881206
2009-09-29,,0.0167442748117151,0.038408461205727586
2009-09-30,,0.013996157762513185,0.0172166019632315
2009-10-01,,-0.012477309953613423,0.01415061386483314
2009-10-05,,-0.016344589475580425,-0.023371742051867445
2009-10-06,,-0.0023401676878342815,-0.001789345739722424
2009-10-07,,-0.015488811320299917,-0.03732085832407363
2009-10-08,,0.008694779897239765,-0.0349102598859758
2009-10-09,,-0.00943269069112843,-0.017032578731234153
2009-10-12,,0.0324709936531834,0.031712538337273714
2009-10-14,,0.006960345104708194,0.02234062900809201
2009-10-15,,-0.005831455788751335,-0.018983332349703105
2009-10-16,,0.02152580124884942,0.027965554334884915
2009-10-17,,0.002902824977412214,0.01739750615148988
2009-10-20,,-0.01843694153874079,0.019921787442726713
2009-10-21,,-0.0010763154413989029,0.018742822463241302
2009-10-22,,-0.021773223130683975,-0.011043690679411506
2009-10-23,,-0.04201404512000017,0.022044901741385056
2009-10-26,,-0.015753396402683632,0.007396771373696222
2009-10-27,,-0.012155852503434282,-0.0027965527431148903
2009-10-28,,0.021441016137867752,0.0001555693842589967
2009-10-29,,-0.017230905668983703,-0.013783599849349352
2009-10-30,,-0.03473145516292696,-0.00911005627200724
2009-11-03,,-0.06007620013275346,-0.036055268492380305
2009-11-04,,0.05465022267340638,0.03190853208779683
2009-11-05,,0.01059087802498256,-0.001919693438685555
2009-11-06,,0.008387567929169237,-0.003770108343992203
2009-11-09,,0.03360521147496472,0.0009639329206496822
2009-11-10,,0.014759148983541465,0.006243016915241436
2009-11-11,,0.028549378106718412,0.029249667541192122
2009-11-12,,-0.006049481707357631,0.015531605466831456
2009-11-13,,0.008647806069866456,0.022332123858951013
2009-11-16,,0.015960648657716868,-0.0065873432304640244
2009-11-17,,-0.00991620253510001,0.03642933423731849
2009-11-18,,-0.015263503963426897,-0.005154837711524345
2009-11-19,,-0.0077680039737983,-0.01024299268742192
2009-11-20,,0.018778332209664635,0.019300697451971074
2009-11-23,,0.033187785018797065,0.0013696163611529035
2009-11-24,,-0.00811961964650029,0.0071062280882953814
2009-11-25,,0.008005715348767962,0.005350085879108532
2009-11-26,,-0.7242449620212289,-0.021428877780973625
2009-11-27,,-0.01687483755245438,-0.02569434980631722
2009-11-30,,0.016639792305162448,0.02642093561173323
2009-12-01,,0.03192498742918401,-0.0038569345196717477
2009-12-02,,0.002228843971205262,-0.0021167118592606052
2009-12-03,,-0.0007272397029756858,0.008367640775596917
2009-12-04,,-0.010283219428614028,0.007435515217133486
2009-12-07,,-0.031167960998924472,0.006023250678093177
2009-12-08,,0.023744295781512242,-0.0015740147772859267
2009-12-09,,-0.00789893522453444,0.011957437844819051
2009-12-10,,-4.664940639476331e-05,-0.0014868838367927757
2009-12-11,,-0.0005132871487603105,0.0006375066622851549
2009-12-14,,-0.0030852679671757133,-0.0014172337973062563
2009-12-15,,-0.015428109089087838,-0.005903078910449951
2009-12-16,,-0.004240625771205868,0.017255219154886207
2009-12-17,,-0.011719071730720615,0.01337160392702427
2009-12-18,,-0.02673222924030138,0.00655061814919211
2009-12-21,,0.009187064518006263,0.008963147139821598
2009-12-22,,0.0022100541863944293,-0.013716695410857764
2009-12-23,,0.04508291957076165,0.030602143198061326
2009-12-24,,0.00942830788159177,0.003676843397592055
2009-12-29,,0.003663262541790149,-0.010599146653633155
2009-12-30,,-0.0038955667684486073,0.0018192236260852195
2009-12-31,,0.013385227074267415,0.010046969977759418
2010-01-04,,-0.01389648641007673,0.0018643057533667506
2010-01-05,,-0.004473029543560309,0.00026604589448578445
2010-01-06,,0.016028508251663517,-0.022870439215635606
2010-01-07,,0.016453961601143673,-0.028223367190404292
2010-01-08,,-0.0026253862626508524,-0.02064844962870172
2010-01-11,,-0.019820757361267243,0.020368455226760535
2010-01-12,,0.002631762721302244,0.04897683581455123
2010-01-13,,0.003911737885683826,0.050055944958667394
2010-01-14,,0.029952924651078107,-0.011094222435732186
2010-01-15,,-0.009809928835159916,0.014701935453489412
2010-01-18,,-0.010179931821201955,0.013554424384628736
2010-01-19,,-0.013275544020255894,-0.027167000209707286
2010-01-20,,-0.0069364439966570985,-0.0016665602216365295
2010-01-21,,-0.02200365567158645,-0.0112900783118801
2010-01-22,,-0.0001897623232602868,-0.01674883771506278
2010-01-25,,-0.011260198176056469,-0.0021795854208334093
2010-01-27,,-0.014012598820070308,-0.017206159725584775
2010-01-28,,0.009299238805225268,-0.0020874725603165526
2010-01-29,,0.008687985144356236,-0.0075104382260103375
2010-02-01,,-0.0007649646576891451,0.013424831432556164
2010-02-02,,-0.01746558605660357,-0.010440969188834545
2010-02-03,,0.006452417777552711,0.019513141344186143
2010-02-04,,-0.014417472470031204,-0.019106939998136327
2010-02-05,,-0.03743846283126353,-0.02079133846315363
2010-02-06,,0.012199903270065973,0.008532944700035967
2010-02-08,,0.0006035913869685288,-0.007634937524709155
2010-02-09,,-0.0011068626608019578,0.015076006776800764
2010-02-10,,-0.008239235833074836,-0.0038842939566421483
2010-02-11,,0.030048504946616823,0.014101928608226705
2010-02-15,,-0.00508605397294517,0.004634457702226129
2010-02-16,,0.007643977547782976,0.015954602869471153
2010-02-17,,0.014437162429712526,0.0006592827243020239
2010-02-18,,-0.03423389438586376,0.00019770008960899287
2010-02-19,,-0.01474029717511185,-0.010931966954674063
2010-02-22,,-0.005354014268298289,0.008887178801161662
2010-02-23,,-0.002662163042585133,0.00638433076472519
2010-02-24,,0.0035309506275748486,0.004255464865644469
2010-02-25,,-0.016170083001697897,0.0011752417127050452
2010-02-26,,0.016323320136463506,-0.0058244332059175005
2010-03-02,,0.004331989548542935,0.001836066089573267
2010-03-03,,0.0414401923306994,0.007245698986650819
2010-03-04,,-0.010594566431395917,-0.00632892857341369
2010-03-05,,-0.004150613726313237,-0.0017032431238505354
2010-03-08,,-0.005660673539424605,0.00013112174672963043
2010-03-09,,-0.01378848088211752,0.00783600718489336
2010-03-10,,0.018408803580885327,0.014657243838172063
2010-03-11,,0.0076042238829146895,0.014698193535152422
2010-03-12,,0.005053861251256448,0.006735727836651247
2010-03-15,,0.0062937782462809755,0.026070395037685157
2010-03-16,,0.038077118980203335,0.013357818532547952
2010-03-17,,0.0016373123672714324,0.01401472300595616
2010-03-18,,0.006754736511279009,-0.017821719174151873
2010-03-19,,0.013923691979056008,-0.006011859612878945
2010-03-22,,-0.016713223752147788,0.008128646517167559
2010-03-23,,0.016117835701859394,0.0012679246981649125
2010-03-25,,4.581166823989609e-05,0.0013868373292145793
2010-03-26,,0.008212099620309584,-0.005740717339953569
2010-03-29,,-0.006518541600242087,-0.016005228647717258
2010-03-30,,-0.004721638880362837,-0.014827034243169357
2010-03-31,,-0.012856262904971667,-0.02448482168039804
2010-04-01,,0.016433920147315744,0.0341875971417831
2010-04-05,,0.030526052006664705,-0.005524018639968276
2010-04-06,,-0.0024009615375381503,-0.009128486547330502
2010-04-07,,0.00577035646133636,0.0025092541865536404
2010-04-08,,-0.02070504373446221,0.0017527391028621055
2010-04-09,,0.016269266411555204,-0.009867777503018678
2010-04-12,,0.0023534124225450177,0.008177689153552584
2010-04-13,,-0.005737811805471256,0.02810648585856395
2010-04-15,,-0.027312242092352494,0.0010349761966150224
2010-04-16,,-0.005931188219221655,-0.008064559836730408
2010-04-19,,-0.020922922565904542,-0.003872043189315086
2010-04-20,,0.0013176472494645399,-0.028038928215399904
2010-04-21,,-0.008595906137892184,-0.0057161159132883554
2010-04-22,,0.02033077045756568,0.0012094593918386023
2010-04-23,,0.011506862333116067,-0.007342880101690769
2010-04-26,,-0.01569876413983541,0.006260801131653717
2010-04-27,,-0.009378732286432469,0.0027982719862116186
2010-04-28,,-0.042344550743757724,-0.02182932083150138
2010-04-29,,0.017346826829563324,-0.013790617562017559
2010-04-30,,-0.0014018806830252276,0.007409141194699466
2010-05-03,,-0.00957549786105818,0.0018274381798875116
2010-05-04,,-0.0025429130041122487,-0.0075926533098035175
2010-05-05,,-0.0004897639435738043,0.006222387851198746
2010-05-06,,-0.012620330185324378,0.0017614252523660177
2010-05-07,,0.02445421149816396,-0.03407688024861877
2010-05-10,,0.0441317706521098,0.0381748467601455
2010-05-11,,-0.010804874118456643,-0.018277014614793516
2010-05-12,,0.014088341817419223,0.004156364222044179
2010-05-13,,-0.010349320822755312,0.008065353054716524
2010-05-14,,-0.02661529386883432,-0.0022884053270127314
2010-05-17,,-0.026309642941683895,-0.023981011416873928
2010-05-18,,0.003976148379639417,-0.014383879014815953
2010-05-19,,-0.0217416017186904,-0.01867416616611641
2010-05-20,,0.0013009108209147665,0.011712155928511233
2010-05-21,,-0.004409929472051769,-0.015600509668039865
2010-05-24,,0.026857228164131646,-0.0015317137298105582
2010-05-25,,-0.03685125441218872,-0.025475039565291565
2010-05-26,,0.02247172856373366,0.053506553421177626
2010-05-27,,0.013988308669031339,0.005203241796330133
2010-05-28,,0.01398827996076153,0.011992238315551107
2010-05-31,,0.00859652310449894,-0.010375967507775299
2010-06-01,,-0.03409614623523365,-0.005194816877103911
2010-06-02,,0.000494657706960148,0.020155357711695986
2010-06-03,,0.019345804996471254,0.014740018138919633
2010-06-04,,0.0003879728467677836,-0.0001306506403740529
2010-06-07,,-0.02300304962770256,-0.015936067527305586
2010-06-08,,-0.01132661860924978,-0.004057340362623618
2010-06-09,,0.010631760530864984,-0.023125925263513595
2010-06-10,,0.00820811570383606,0.023525738689243222
2010-06-11,,0.03012232108020806,0.01139386994920601
2010-06-14,,0.016209653937357633,0.028441628816963476
2010-06-15,,0.0024417743161374585,-0.019262440316910743
2010-06-16,,-0.007674056634131364,0.011292222010065486
2010-06-17,,0.012633131124561995,0.0006451196920725669
2010-06-18,,-0.016041741156836112,0.010138039991387456
2010-06-21,,0.010660478317223727,0.005729215492977987
2010-06-22,,-0.0017375382990305554,-0.011555655767930975
2010-06-23,,-0.004805662958883004,0.009776748056122692
2010-06-24,,-0.00630109866401286,-0.01647737231479635
2010-06-25,,0.01030741986174996,-0.019518227894087074
2010-06-28,,0.025267239886986165,0.008206184242425911
2010-06-29,,-0.02104267483572418,-0.014421902197977796
2010-06-30,,0.020767445476188466,-0.003721429068900214
2010-07-01,,-0.012557295332580912,-0.02562513780282316
2010-07-02,,-0.0068059184955235165,0.015991667529657985
2010-07-05,,-0.0006082582945752864,-0.006474260542767832
2010-07-06,,0.005228281912329275,0.026901465379994903
2010-07-07,,-0.01913146790135444,0.0071534349341157025
2010-07-08,,0.0033638958118007824,0.01583009571480272
2010-07-09,,0.0005201560585420083,-0.0030298169833472737
2010-07-12,,-0.0013245661617757208,0.02202943218362025
2010-07-13,,0.016944387001113174,-0.021771217735087337
2010-07-14,,-0.0035901658797652253,0.0
2010-07-15,,0.002798639822842385,0.009571295165265049
2010-07-16,,-0.009829699068502793,0.06383104039890213
2010-07-19,,-0.006512528916919975,-0.008371777747837915
2010-07-20,,-0.0029397840043636405,0.0006650745430916451
2010-07-21,,0.005162585174958499,0.018860011200134006
2010-07-22,,0.0005667328006604014,0.0008300231697257318
2010-07-23,,0.0013682797199490206,-0.005228770082799287
2010-07-26,,-0.006955150934804077,0.011785395951911488
2010-07-27,,0.0003797588576923015,-0.00011775788991467341
2010-07-28,,-0.03109058707003112,0.006222137942139442
2010-07-29,,-0.010928532514661178,-0.005221637608555787
2010-07-30,,-0.0004950985347197336,-0.012072581234269249
2010-08-02,,0.004841428288801565,-0.0017877366062812577
2010-08-03,,0.01292678236435449,-0.007483496474458438
2010-08-04,,-0.011449386252035608,0.043220414010317815
2010-08-05,,-0.008897295607061971,0.010362787035546658
2010-08-06,,-0.006925269936419842,-0.015093110248832997
2010-08-09,,-0.006520562803256011,0.01736881243138591
2010-08-10,,-0.00575323312878611,-0.017600133274425334
2010-08-11,,-0.0047180667385093,-0.007372395740697763
2010-08-12,,-0.010890513342233505,-0.005491951172305416
2010-08-13,,0.006660884390340239,0.0011125099955882779
2010-08-16,,-0.0022494897011288983,-0.0003511852538288089
2010-08-17,,-0.006418342487512049,-0.004576667027411755
2010-08-18,,-0.00625244253651317,0.024285164900156565
2010-08-19,,0.012977831748714034,0.0010899808898311243
2010-08-20,,0.011649036783253144,-0.00356117550393456
2010-08-23,,-0.011956083507941768,0.0016672898909353294
2010-08-24,,-0.004617050216928614,0.0003446097328918619
2010-08-25,,-0.00474178808275011,0.000574085784180792
2010-08-26,,-0.011796940760555538,0.006065132742538365
2010-08-27,,-0.007187670303204338,-0.02360791871046241
2010-08-30,,-0.001739085047410907,-0.012223223230775793
2010-08-31,,-0.030798031713501452,-0.0022493202333114214
2010-09-01,,0.018325402331424302,0.017213949129749197
2010-09-02,,0.0013342942229895168,-0.01679922032681433
2010-09-03,,-0.012613215015794132,-0.008088541779288217
2010-09-06,,0.028697366843927825,0.021328312687914727
2010-09-07,,0.010078677445261672,0.018532991208350346
2010-09-08,,-0.002809721396815515,0.00879804578214734
2010-09-09,,-0.0010948049994811198,-0.004960808462989236
2010-09-13,,0.034805286595287206,0.005756805775885193
2010-09-14,,-0.0043925044749020875,0.017576927081074046
2010-09-15,,0.02572505187209073,0.021490758865857485
2010-09-16,,-0.013454342212109057,-0.021434916341760847
2010-09-17,,0.026632732565598765,0.02034118332230588
2010-09-20,,0.013583290416775048,-0.0016976538126140977
2010-09-21,,-0.006019617994078171,0.044697183856762676
2010-09-22,,-0.014694698049982488,-0.019797385945064267
2010-09-23,,-0.022204411286198298,-0.004178726749244002
2010-09-24,,0.004001405829121562,0.0006440186988009829
2010-09-27,,0.008499690806290672,-0.0046785597964359845
2010-09-28,,-0.0116494571780823,-0.008607442504569962
2010-09-29,,0.0005006257926837014,0.0007608696019244807
2010-09-30,,-0.011831478481794762,0.007145594199870174
2010-10-01,,0.020700937194073395,0.03669893710234171
2010-10-04,,0.009823601152222975,-0.006049877636885397
2010-10-05,,0.005877471981514046,-0.005823578274699722
2010-10-06,,0.020399005869691136,0.009843526782528879
2010-10-07,,-0.005565966099178079,-0.01137060640842609
2010-10-08,,0.010053703985249312,-0.0065560137538304445
2010-10-11,,0.018453930014432584,-0.0018051504769105884
2010-10-12,,-0.012801379635595099,0.010361691352264822
2010-10-13,,0.016395735238321836,0.04338103986805661
2010-10-14,,-0.013179994266084245,-0.006872531976963596
2010-10-15,,-0.017767871620815695,-0.03692933903880845
2010-10-18,,0.006801443979563339,0.03204954487934869
2010-10-19,,-0.002916081135180155,-0.013853479638860676
2010-10-20,,0.004823659566651271,-0.004660805951490513
2010-10-21,,0.030221435639253134,0.02354619028375878
2010-10-22,,0.00013866740644828492,0.05330910754894627
2010-10-25,,0.007872425161427526,0.025391108508661858
2010-10-26,,0.007765432773465821,-0.004085375830791103
2010-10-27,,-0.00556672362879585,-0.013644327648776848
2010-10-28,,-0.009886274336997042,0.004473854494647759
2010-10-29,,0.013084084279965992,0.0
2010-11-01,,-0.0027860896324798587,0.00047476618657536047
2010-11-02,,-0.016928058111768396,-0.0037568106576639014
2010-11-03,,-0.00892466732499275,0.003187064179427502
2010-11-04,,0.036634133179780384,0.015410658664591617
2010-11-05,,0.0005880357514238667,0.00801159439159975
2010-11-08,,0.005546676077084922,-0.008947354531000509
2010-11-09,,-0.0029724395872219073,0.021258181564809384
2010-11-10,,-0.005744672589083945,0.001099203188444467
2010-11-11,,-0.020439738210420885,-0.02554553504617452
2010-11-12,,-0.016855774350406316,-0.008346545990854142
2010-11-15,,-0.006756303605739261,0.009519841913321066
2010-11-16,,-0.02321224495205483,-0.016171329758231524
2010-11-18,,0.0023746649071239787,-0.005832592908211638
2010-11-19,,-0.036175835133212965,-0.02662677954605265
2010-11-22,,0.015932624807845748,0.023072330345306934
2010-11-23,,-0.01658528441883359,-0.008747609123805926
2010-11-24,,0.0004518866343559031,-0.02486859040548455
2010-11-25,,-0.016755219743197446,0.01682702356738697
2010-11-26,,-0.017664027523462546,0.024601902930446784
2010-11-29,,0.036775787754030266,0.022705183441368185
2010-11-30,,-0.012903404835907841,0.004377597453217285
2010-12-01,,0.003241493924171023,0.005468292971797987
2010-12-02,,0.022351489264131243,0.01276593541078753
2010-12-03,,-0.005205633827265049,0.0014134922445520855
2010-12-06,,0.014067012149464849,0.003956258997151797
2010-12-07,,0.010337017297252053,-0.012972957383180106
2010-12-08,,-0.009944994946957835,-0.007707789757859579
2010-12-09,,-0.03596307856087136,-0.0060880866561547915
2010-12-10,,0.03924024650159069,0.0021420264301932027
2010-12-13,,0.017283125721791758,0.0011157602273286714
2010-12-14,,0.012875714360045367,0.0044968898941270255
2010-12-15,,-0.0012801367227170538,0.02078258448674744
2010-12-16,,0.002795216790954577,0.03301924044663144
2010-12-20,,-9.462528394639248e-05,0.02253714179595901
2010-12-21,,0.015400088380774554,-0.005069828259833322
2010-12-22,,-0.016062716197522794,-0.0095648951499449
2010-12-23,,0.0031671774802753483,-0.00851626503149211
2010-12-24,,0.00028313907036405905,0.0009644470520927023
2010-12-27,,-0.00420814351818227,8.76308987110846e-05
2010-12-28,,-0.0069895441817120745,0.004502641429326136
2010-12-29,,0.0006677796575362469,0.009204250279446869
2010-12-30,,0.0024764275919136863,0.011387442306017804
2010-12-31,,0.007109371618988102,-0.0038958030307747814
2011-01-03,,-0.0029324147201651575,-0.006541315229640054
2011-01-04,,0.02016291872755542,-0.011551283556516113
2011-01-05,,-0.00120767351758224,0.012328150233481282
2011-01-06,,0.009068258681517066,0.010941262903423756
2011-01-07,,-0.018782514037760475,-0.025105559495216485
2011-01-10,,-0.030447595825053905,-0.010336350301612078
2011-01-11,,-0.01924639322822225,-0.029068163052616492
2011-01-12,,0.016678873348587378,0.03352369240327645
2011-01-13,,-0.015101819155483635,-0.010353158577124636
2011-01-14,,-0.01373450451685336,-0.003653541757878337
2011-01-17,,-0.0036010842156061693,0.015282350979760991
2011-01-18,,-0.0030610988650098337,0.055699346284370885
2011-01-19,,-0.01488635084882366,-0.007973159059154149
2011-01-20,,-0.010564200812132597,0.01596574741926867
2011-01-21,,0.0173259642909009,-0.0004538234704619571
2011-01-24,,-0.015523187527184169,-0.002024083141419676
2011-01-25,,-0.01357463464231822,-0.01722490715403755
2011-01-27,,-0.016621464083594523,0.009087354983143893
2011-01-28,,-0.03201221780713621,-0.015163579424925066
2011-01-31,,0.006876630274740371,-0.018668974613898076
2011-02-01,,-0.026230289368942478,-0.008096509061558415
2011-02-02,,0.028403494614119784,0.027696188539999157
2011-02-03,,0.024234512216012367,0.001056568785821068
2011-02-04,,-0.025646558287812714,-0.0299272066658883
2011-02-07,,0.009788888635677628,-0.01548310497719388
2011-02-08,,-0.014965306678417997,-0.005362893739739718
2011-02-09,,-0.0010385068299648074,-0.024108390782725937
2011-02-10,,-0.016152946371853095,-0.0068979967905811335
2011-02-11,,0.011383854147888162,-0.0010548766084711584
2011-02-14,,0.005315809202210145,0.020619287202735825
2011-02-15,,0.028981290367391492,-0.013212861904712691
2011-02-16,,0.002598299311569294,-0.0010937928353280094
2011-02-17,,0.01032620734573285,0.011515745883680128
2011-02-18,,-0.01947666753307851,-0.017736605758782546
2011-02-21,,0.02198936319630178,0.043897008534141045
2011-02-22,,0.0293653904751605,0.00013173205718670767
2011-02-23,,0.010906444892980522,-0.01165936451399563
2011-02-24,,-0.03209704823316223,-0.012291481540803305
2011-02-25,,0.002123857930109771,-0.0015752641824418594
2011-02-28,,-0.002072002813294527,0.0001801558352844624
2011-03-01,,0.025192054679696714,0.012753277227158763
2011-03-03,,-0.011646666931979589,0.022597347880283447
2011-03-04,,0.004898968769089762,-0.012818725238051623
2011-03-07,,-0.00525712579919189,-0.024334920416439386
2011-03-08,,0.008053050656412146,0.008490807766403045
2011-03-09,,0.008995411374243466,0.008020003778554491
2011-03-10,,-0.009198487985592809,-0.016240151131901227
2011-03-11,,0.007385707389463963,-0.028827032704110436
2011-03-14,,0.026165440175286485,0.0188546006640401
2011-03-15,,0.018389309797211435,-0.007086229849150718
2011-03-16,,0.009451458080438999,0.02272567354738151
2011-03-17,,-0.015640733676839217,-0.01522952362690357
2011-03-18,,-0.037408319571404426,-0.01398624197473984
2011-03-21,,-0.002722736517915627,-0.011098068448538612
2011-03-22,,0.009397290190584547,-0.0012147831237370498
2011-03-23,,0.013513047790576303,-0.004826965343773457
2011-03-24,,-0.002915670074731411,0.026927823282212014
2011-03-25,,0.01600505469251613,0.02372402898994132
2011-03-28,,-0.0008770648128374058,0.00022325913780745242
2011-03-29,,-0.0028802285038574058,0.016647865227911507
2011-03-30,,0.009487968025679801,0.011568897719571612
2011-03-31,,0.015949607902251965,0.027357914881459628
2011-04-01,,-0.012179484049484804,-0.0031725243927024542
2011-04-04,,0.01365585055172489,0.02761994778953802
2011-04-05,,-0.0028594596045628073,0.02172890772553352
2011-04-06,,-0.00267622620901013,-0.014624300933601295
2011-04-07,,-0.002827365007968797,-0.0187114358179703
2011-04-08,,-0.017427103837367133,-0.0026720122778109688
2011-04-11,,-0.01833286116939671,-0.014825069362156454
2011-04-13,,0.01627977348532322,0.026545414655586172
2011-04-15,,-0.0008322115276537618,-0.01557391460941958
2011-04-18,,-0.011625174022915715,-0.040073855219585355
2011-04-19,,0.0024742688790755306,0.0174083121336043
2011-04-20,,0.01398761486846362,0.04532117372085044
2011-04-21,,0.014227193762535825,-0.02206825910550091
2011-04-25,,-0.030490910553766317,0.004811825431042304
2011-04-26,,-0.008157220063778257,-0.007415665464216283
2011-04-27,,-0.01514684890037509,-0.007089833884192873
2011-04-28,,-0.013990526896315147,-0.018767249542699024
2011-04-29,,0.011604557289644747,0.006023337059471017
2011-05-02,,-0.01950279931388481,-0.00619596663997834
2011-05-03,,-0.02184877208682945,-0.01741521657920884
2011-05-04,,0.003965007441410385,-0.001230498946735539
2011-05-05,,0.0024241158582399953,-0.01958278426321909
2011-05-06,,0.005354343500594983,0.029994076906726168
2011-05-09,,0.0044401566927578014,-0.011731366759343075
2011-05-10,,-0.008952705015532832,0.0038234242011306488
2011-05-11,,0.004931286879011363,0.0003069973490768493
2011-05-12,,-0.010468545588868217,-0.02531218620100402
2011-05-13,,0.002640614156509722,0.013712611857226978
2011-05-16,,-0.0031695747612790672,0.0035426482893025414
2011-05-17,,-0.02610498518051367,0.009327769144946305
2011-05-18,,-0.020631733197020805,0.01162525337991544
2011-05-19,,0.015022154998357054,0.008448690283113331
2011-05-20,,0.008375531639269816,0.00867582423294881
2011-05-23,,-0.015060854362924972,-0.0072174727691974305
2011-05-24,,0.006958360268013686,-0.014375692754442839
2011-05-25,,-0.010704095615944455,-0.01869705551957952
2011-05-26,,0.030276519716636675,0.006315299104473157
2011-05-27,,0.0123451788676128,0.007718320998501331
2011-05-30,,-0.007005282588408688,0.00644461189811697
2011-05-31,,0.013751737312977644,0.004503926889540249
2011-06-01,,-0.005319581711968932,0.015648429752878935
2011-06-02,,0.00447875975902122,-0.0065296947963327835
2011-06-03,,-0.01744800713252417,-0.013492456338209608
2011-06-06,,0.003364758695670931,0.010576627335236805
2011-06-07,,0.021625315298667677,0.012758050716679742
2011-06-08,,-0.009489179699055945,0.0017791337772106825
2011-06-09,,0.005044146886678003,0.004181190760400889
2011-06-10,,-0.010007984506722262,0.0023994454904067907
2011-06-13,,-0.020213511062097456,-0.011757377985134241
2011-06-14,,-0.015515159208524386,0.013311836863419593
2011-06-15,,-0.011921328887876111,-0.005725608198366884
2011-06-16,,-0.014540829992253744,-0.028348220113481835
2011-06-17,,-0.02140946091181086,-0.0371224079487563
2011-06-20,,-0.04172167969115287,-0.03663480597901208
2011-06-21,,0.018313134419691193,0.03442356384963942
2011-06-22,,-0.003363926569152261,-0.021231250635836627
2011-06-23,,0.02878483416985566,0.012382639298816531
2011-06-24,,0.001033354475097895,0.03647344662152109
2011-06-27,,0.00017212197753280033,0.01123091753244177
2011-06-28,,-0.0005164548360280288,0.0029506226388518347
2011-06-29,,0.016113310167166755,0.013641367376571876
2011-06-30,0.009909959904269154,0.01485661523160052,0.012191905653059163
2011-07-01,0.008110094755087038,-0.041529441882625966,0.006481231390987339
2011-07-04,0.0016345715444073725,0.00745517366314894,-0.0052153550246380985
2011-07-05,0.005936849543933554,-0.02619218179933138,-0.0052850893583901645
2011-07-06,-0.000930602505338455,0.008182051120258403,0.0028362808726872892
2011-07-07,0.014119305388586315,0.020655178509506152,0.011014530996439849
2011-07-08,-0.006413015406729361,-0.018371470885451664,-0.02048602825034583
2011-07-11,-0.018787537359461853,-0.0018148294065791397,-0.012885115777336649
2011-07-12,-0.04538037723876413,-0.006525404536791142,-0.0098176288124959
2011-07-13,-0.005117764386689276,0.020663821866659746,0.0032252468683313875
2011-07-14,-0.013393583269733621,0.0024235441752728988,-0.022308702089058243
2011-07-15,-0.00328965700472644,0.006491477628108237,0.019694435426518515
2011-07-18,-0.006593531394753714,-0.006433845723069572,-0.018493768245035437
2011-07-19,0.013580252264304508,0.01356593312561442,0.013244641980517665
2011-07-20,0.0007087108120622797,-0.0037023366985356656,-0.006688693803688622
2011-07-21,0.005669740125044837,-0.017674102157316816,-0.008780544217944709
2011-07-22,0.021496981553956383,0.014416118651920582,0.009619081681294595
2011-07-25,-0.007274694963430758,0.010818918874405394,0.005718574507213918
2011-07-26,-0.0021213830811318735,-0.012939445788731647,0.004158374161019068
2011-07-27,-0.0018397954621952978,-0.012295591737594326,0.002181692112418933
2011-07-28,-0.016421440617874393,-0.02767813004199402,-0.015461282212939608
2011-07-29,0.008974187241150518,-0.011289377091993921,0.006573891447304698
2011-08-01,0.0140227659984204,0.003496507058729306,-0.001540323772475525
2011-08-02,-0.023051478371126307,0.007733156063163559,-0.004060202409057344
2011-08-03,-0.006692769646000952,-0.014738438651572247,-0.018117407648734624
2011-08-04,-0.00861860436660523,-0.015512708783054522,-0.013144963092540594
2011-08-05,-0.0445138436806628,-0.025369889961333568,-0.03519724450542993
2011-08-08,-0.047700529571314716,-0.014434485826896602,-0.050997333750641693
2011-08-09,-0.03961261345367973,-0.01985899217165391,-0.041170192598735306
2011-08-10,0.030095704142519476,0.00968766719635024,0.01975588279652529
2011-08-11,-0.0026597392769053103,-0.0007119971820896417,-0.0058092295453385095
2011-08-12,-0.02716226624818918,-0.014741640647658982,-0.03241000364981996
2011-08-16,0.01009538367682586,-0.002302556854280373,0.02754306609902962
2011-08-17,0.020482333120843268,-0.005481637079171967,0.02665473230848617
2011-08-18,-0.039500872445681755,-0.01844725483781987,-0.038277064120670806
2011-08-19,-0.056536413752449374,-0.011738896463882818,-0.0353232938089532
2011-08-22,-0.01362227749238909,0.03283165549012679,-0.011803060683983754
2011-08-23,0.036837030548333656,0.010839324388073076,0.06693203802850586
2011-08-24,-0.011506691885239648,-0.00517507951335504,-0.01954593652769268
2011-08-25,-0.03044684137362357,-0.010298480245616672,-0.012755008260628517
2011-08-26,0.00873248518208684,-0.04631148680502658,-0.002053875435648525
2011-08-29,0.041661577501079454,0.04836644096027465,0.07233659932922844
2011-08-30,0.020133461588570427,0.035837737554514026,0.022115353308675062
2011-09-02,-0.010188520510460182,0.028779417667662607,-0.019666412475604893
2011-09-05,-0.023603390554523464,-0.020824938740511757,0.0054639612959968414
2011-09-06,0.016398296367362696,0.04055574877385994,0.006014763961620106
2011-09-07,-0.004832399477871296,0.014501764713525975,-0.0028088545756875917
2011-09-08,0.02030351176766308,0.022480854220391523,0.004886200186131701
2011-09-09,-0.027816003979708667,-0.03182249214034121,-0.019492844677139423
2011-09-12,-0.03391974614729181,-0.023836182579922774,-0.03032579085455887
2011-09-13,0.010677626613552278,0.004886960330680448,0.00813361729714841
2011-09-14,0.05668701622484368,0.018525275296824587,0.021256742821843762
2011-09-15,0.024468043426404212,0.01311928306899861,0.025914861512177326
2011-09-16,-0.006139393483900535,-0.012816445478482694,-0.013530044524575102
2011-09-19,-0.013661988948121869,-0.004978155011157301,-0.009482913960110813
2011-09-20,0.030799233896631965,0.03615895759127301,0.038444040504420844
2011-09-21,-0.00036944296631370065,-0.016811097932785974,-0.01375262580504245
2011-09-22,-0.03469256181983148,-0.0631386736195927,-0.048196186320754134
2011-09-23,-0.005883122224825454,-0.02023255374467722,-0.004131612669244315
2011-09-26,0.006902750149002507,-0.014904184896339113,0.006692690725651486
2011-09-27,0.0371566867530296,0.04884034104292149,0.042804080246511535
2011-09-28,0.010621945871524516,0.0,0.0070387419814760535
2011-09-29,0.0322052786120294,0.013085114109610904,0.012847736397114813
2011-09-30,-0.0071005284408466275,0.0008044305993646505,-0.02301471444022854
2011-10-03,-0.022820143979506723,-0.025243268286712042,0.005767583036141381
2011-10-04,-0.01522087011664099,-0.021285583729329354,0.0025367968612058753
2011-10-05,0.0034592549003139594,-0.005979479664317888,-0.0022972012973694503
2011-10-07,0.02492233961737107,0.04574337182338211,0.004779895339368263
2011-10-10,0.031873879820141636,0.032291504636523534,0.015284811943432378
2011-10-11,-0.03352949282485816,-0.0027169828034704574,-0.02265538230689299
2011-10-12,0.06746515011146297,0.027019804956423206,0.03604333737380521
2011-10-13,0.006454575472924427,-0.0032418760525611805,0.012616430355951237
2011-10-14,0.01729679457601822,0.023341005947041308,0.037274184800649326
2011-10-17,0.0010199807816515553,-0.038930064427898245,-0.012419764877820866
2011-10-18,-0.01651989625612279,-0.016811183844564443,-0.08055239642100748
2011-10-19,0.009651411186197771,0.027784576399723513,0.01479018557274071
2011-10-20,0.007232511939127519,-0.005113884011489576,-0.0038684767779203176
2011-10-21,-0.009103934766239314,-0.003523548690157935,0.0047261097635929
2011-10-24,0.016266444873941414,0.012780676272982091,0.028082236037152146
2011-10-25,0.03249486044021422,0.03419881010864106,0.017352620502465384
2011-10-26,-0.00703838899530819,-0.002686406691190472,-0.002506209873929331
2011-10-28,0.0070208983746531135,0.02977215833367005,0.023091131490916378
2011-10-31,0.006589752238089597,-0.025260829550611708,-0.005095438548835078
2011-11-01,-0.014333085779179707,-0.019504113369199768,-0.00660899337146579
2011-11-02,-0.0007758773092448271,0.012930219399792801,-0.0014444998674769266
2011-11-03,-0.01146113849742102,0.01604403761369457,-0.0016728082206320183
2011-11-04,0.00847545518202341,-0.0067389897417666185,-0.00471698987813891
2011-11-08,0.005698624290539838,0.004252550847738858,0.004943208632638384
2011-11-09,-0.0023954638572842384,-0.02144593673097238,0.015887597443379118
2011-11-11,-0.02124478404658315,0.023311345259239464,0.007143045966388721
2011-11-14,0.011854378231685428,-0.009818188457685915,-0.002301496988279163
2011-11-15,-0.003745255933930672,-0.017547842616124687,-0.0035511400954644098
2011-11-16,-0.007172860075958805,-0.015618462610760893,-0.006379251218816052
2011-11-17,-0.008966400141796897,-0.046026036001507405,-0.0018813838195939584
2011-11-18,-0.004622981132680684,-0.002286704126745023,-0.025935369876544382
2011-11-21,-0.026133923693392763,-0.027283827302667533,-0.01801515895606335
2011-11-22,0.0199854633929402,0.011191669405629776,0.013634142472079305
2011-11-23,-0.026542247956051493,-0.027797276169167662,-0.018236169847470837
2011-11-24,0.005095097366225029,-0.000323300251757268,0.027391341561689465
2011-11-25,-0.025258183942704668,-0.025345998088404452,-0.025886308825336782
2011-11-28,0.013923465667139,0.039026804932495975,0.02285920015228179
2011-11-29,-0.014596846932182647,-0.024278051938995245,0.004400043765836945
2011-11-30,0.0034199234070241666,0.01717197549518165,0.02014691137697985
2011-12-01,0.018433876850801466,0.026313136444557204,0.017108867117277285
2011-12-02,0.014506282977926556,0.01620096885433721,0.03736166127683578
2011-12-05,0.002594852530066659,-0.006548083688540617,0.002501114087053941
2011-12-07,0.021172564307269194,0.003773472665989533,-0.0011861895057448729
2011-12-08,-0.012950713619286656,-0.038968830825445784,-0.001654540818229345
2011-12-09,-0.004840129071787341,-0.030174000745940635,-0.004425539137874284
2011-12-12,0.010989827241990525,-0.0380304729810267,0.006758074812364534
2011-12-13,0.004351434735348413,0.020139475077853707,-0.001398868416578196
2011-12-14,-0.004351434735348483,-0.0005390109280210414,0.003176420941503067
2011-12-15,-0.00876008974037172,0.011058723337542266,4.228419206114814e-05
2011-12-16,0.0029958576676919063,-0.038455825457198785,-0.031091477245124153
2011-12-19,-0.01781231711449112,0.018461218126352902,-0.002314462047595232
2011-12-20,-0.002862409931727186,-0.03016622182559227,-0.009047053363003267
2011-12-21,0.027442013960668483,0.047290620597892935,0.022120838292651136
2011-12-22,-0.008107880465515135,0.00871856709008228,-0.006059575328154958
2011-12-23,-0.009638895810350347,-0.010859895531425376,0.004720973750809338
2011-12-26,0.029651570922904148,0.0193717083285517,0.026647779162781524
2011-12-27,-0.005943741810708775,-0.010501731203828232,-0.007559636482817927
2011-12-28,0.00815682870945514,-0.018766048999775794,-0.008728473868543854
2011-12-29,-0.014446043296008954,-0.03742812554825413,-0.002997989311304141
2011-12-30,0.009274534468621793,-0.026979605595015933,-0.004341571932330801
2012-01-02,0.014812163361021716,0.019436124513943567,0.015347100410356997
2012-01-03,0.019513244181113748,0.02529480863977011,0.015992260701605664
2012-01-04,-0.0034623288124461136,-0.011799137442651243,-0.020754984451943074
2012-01-05,-0.0050047957237934725,-0.023523848120338236,-0.0008528785165175153
2012-01-06,-0.0028207271492459007,0.02547683751140494,-0.0022208943953876854
2012-01-07,0.0010763408981108512,-0.003909800414519552,0.0026474245788642554
2012-01-09,0.0004760435581591633,-0.011963548741770521,-0.00098129154364075
2012-01-10,0.00949104955310896,0.041532538484270215,-0.005092554067819832
2012-01-11,-0.013004998587979476,0.01623532578788752,-0.024671160958437896
2012-01-12,-0.08809260428782785,-0.015284948959854685,-0.04267433936586145
2012-01-13,-0.0015659893581027057,-0.006944945187847224,-0.0034478829697432733
2012-01-16,0.021419751419968405,-0.026095960856978125,0.021548336206202928
2012-01-17,0.00826076894059531,0.04000533461369899,-0.004924671664782472
2012-01-18,-0.018961149015973823,0.04955672914608539,-0.025504799746163494
2012-01-19,-0.006664450652133962,0.007538045148228035,-0.0005576985783812743
2012-01-20,-0.002276455116403174,0.008870361653095939,0.0036658123230550936
2012-01-23,0.004432375104492787,-0.026980283772023102,-0.0016688303520759895
2012-01-24,0.007852791690085022,0.015688613429916762,0.010155183284348331
2012-01-25,0.017024585511167444,0.00914466269745804,0.00850601918234152
2012-01-27,0.02196422792742668,0.03655727155363691,0.009742911554313307
2012-01-30,-0.004671444685913908,-0.03176442640731339,0.002702095767016586
2012-01-31,0.01234832391648584,0.027733886599749794,0.018403923846938782
2012-02-01,-0.0012024706752536858,0.017108953394355884,-0.0032727462761639008
2012-02-02,0.005200295371134055,-0.0023487619578558905,0.01695476991793105
2012-02-03,0.009476177585019925,0.010854353816649892,0.020306360481929825
2012-02-06,-0.0022120918675414027,-0.006342389476968959,0.018855720558526256
2012-02-07,-0.01802177903404932,0.013770298959511306,0.0034701207554267226
2012-02-08,0.015154975177462233,0.016266250190134775,0.01791043264656158
2012-02-09,0.014608481621252273,-0.005314656983240659,0.007311377407870551
2012-02-10,-0.006963940791279838,-0.012492060391488468,0.0038992738275655564
2012-02-13,-0.0007170001024168427,0.007090133098933674,-0.006262474210273009
2012-02-14,0.004526392256124741,-0.0004122132967712263,-0.0046612506198172934
2012-02-15,0.022259817803728623,-0.01453557080333957,0.01755001170165202
2012-02-16,0.015538026638262323,-0.029351449091797262,-0.01317435297296634
2012-02-17,0.013266938092298178,0.007052431646512883,0.002770875005388362
2012-02-21,-0.003244963389694122,0.03051237155668549,0.006732120486097767
2012-02-22,0.0047534254684275384,-0.012105458063630756,0.012292273360645032
2012-02-23,-0.006490660636409247,0.007411868958124945,0.005931191879709545
2012-02-24,0.005067003971704288,-0.023682225157023302,0.008063922264808347
2012-02-27,-0.022191122228756098,-0.048092194501252,-0.014234692487781692
2012-02-28,-0.0038048953517674316,0.019075961061900508,-0.020576857688759387
2012-02-29,0.0038395766308164368,0.029991427031598822,-0.0037574069119375745
2012-03-01,-0.009337884266000383,-0.012012156448003434,-0.0019250072500587802
2012-03-02,-0.0038405266106246723,0.003876808646233512,-0.0019287200512893145
2012-03-03,0.004347985390489328,-0.0007987466247526911,0.0009443065181419342
2012-03-05,-0.01702596726077476,-0.019802627296179754,-0.009152061242610511
2012-03-06,0.015047172978750165,-0.026620802642979637,-0.0043996252431888205
2012-03-07,0.010947932857696472,-0.01917697797151642,-0.007641434347445538
2012-03-09,-0.00994929057768921,0.0156293882219089,0.01307589214360715
2012-03-12,-0.01336244255261963,0.03148414083590586,-0.01626662494004011
2012-03-13,0.014937218472540354,0.026445779687136288,0.0066637576066985865
2012-03-14,0.006639216531997025,-0.006668934747354849,-0.03610776890953711
2012-03-15,0.0010588900004285084,-0.022158992505581943,0.007893926465595212
2012-03-16,-0.005898900841601333,-0.030977620376257703,0.005014475309687418
2012-03-19,-0.009627515199912952,-0.022587624350880166,-0.041506252341076966
2012-03-20,-0.0021697530937533752,0.007191664948372074,0.01138767650883708
2012-03-21,0.012617190708653052,0.009812979437402601,0.035405758233678766
2012-03-22,-0.013694995977620512,-0.04214928602298323,-0.006827421442940004
2012-03-23,0.015576529633744528,0.010402687703887884,0.014368551910268625
2012-03-26,-0.014710659866532737,-0.018926725814019135,-0.019649007221954427
2012-03-27,0.015823974527676553,0.0013003458014067349,0.011256993912393475
2012-03-28,-0.01147066257756647,-0.007345150579355641,-0.00824843875702978
2012-03-29,-0.018136821261995808,-0.0014479266155659706,-0.020726579886550422
2012-03-30,0.026263814533687164,0.03518410703239506,0.023897241097144646
2012-04-02,-0.005632832176838593,-0.013479733327938975,0.021540791833581444
2012-04-03,0.002890352620486208,0.016273588667504734,-0.013700288058539173
2012-04-04,-0.0025746351499178113,-0.007601556907669102,0.0003819304508647383
2012-04-09,-0.009993297649048603,-0.00651380606204341,-0.012251759408201605
2012-04-10,-0.01835897939601679,0.0006734914047678413,-0.006809490605819439
2012-04-11,0.0118370046681979,-0.016769461849477748,-0.01577856036053171
2012-04-12,-0.019352364965315352,0.017644323105183816,-0.005683460612109153
2012-04-13,-0.13530657408508262,0.01103800884798746,-0.05756134248673771
2012-04-16,-0.01594294430237313,-0.004601081700875838,0.001309574107929107
2012-04-17,0.006806833088421472,-0.0022750093452251763,0.019532232541107045
2012-04-18,-0.0039773198192389995,0.0029431459371945853,0.006123214160115324
2012-04-19,0.01429896762729227,-0.009327361700707307,0.0049079853121924465
2012-04-20,0.00083111706911816,-0.014669193434319643,-0.013233742463395676
2012-04-23,-0.04091026791860466,0.007429404039369392,-0.022484340138683584
2012-04-24,0.01658676141304417,-0.0016310999946291148,0.11520617940463031
2012-04-25,0.00017023087603607176,0.0016310999946291993,-0.01957572287848246
2012-04-26,0.0026561004959089157,0.011813685846798113,0.019952473202130137
2012-04-27,0.014661536646305841,-0.004102087054088698,0.007796091432226641
2012-04-28,0.00200551583890597,-0.0027666268195234408,-0.0017873105740958627
2012-04-30,0.027297440006544993,0.00693582121182484,0.03655780908007965
2012-05-02,0.0040128952738058285,-0.0020824244249893027,0.01642935297770854
2012-05-03,0.004399692257308168,-0.006341089785049607,0.00962017824738478
2012-05-04,-0.016630331394330646,-0.016925265832295096,-0.0021124289042992253
2012-05-07,-0.0017829517690595386,-0.014908572772796034,-0.0027842609308302724
2012-05-08,-0.01809011352041986,-0.010322762919191871,-0.05866796672804168
2012-05-09,-0.011617411627546793,-0.018882601718919704,0.020485002772813402
2012-05-10,-0.00936223123445274,-0.0013676446256288607,0.005695471235820608
2012-05-11,-0.014134055506436309,0.004384238165054588,-0.0014614544069965869
2012-05-14,0.0118919739163607,-0.02306957586624351,-0.003907686008061476
2012-05-15,0.03207998869362482,0.0005135918525163446,0.00028545213773190276
2012-05-16,-0.019546366659081233,-0.008175335535506414,-0.0023676379595158016
2012-05-17,0.0008862629826782802,0.013296798295577675,-0.0011450070769239186
2012-05-18,0.005175254534786989,0.004950144780924993,-0.009331455293049507
2012-05-21,-0.01795403169571237,0.010043074190362681,-0.001198421533188058
2012-05-22,0.0002776858109715823,-0.006346480266148924,0.012206049005845676
2012-05-23,0.0030281728298392043,-0.006168603326134505,0.0008982525510061713
2012-05-24,0.01378748844266147,0.012227479333757911,-0.003024607880904868
2012-05-25,-0.0033448013260746288,-0.005914189615126163,-0.0005322960510575066
2012-05-28,0.005442733535147313,0.015005486707298678,0.003189534497049243
2012-05-29,0.009884759232541925,0.00028500178319036597,0.012697681809043543
2012-05-30,0.009418054661193359,0.006249576480315728,0.00016123181138554075
2012-05-31,-0.0012135799006747561,-0.000920777768069104,0.003861785241041617
2012-06-01,-0.016665149982755183,-0.029264769509686366,-0.016802354844858484
2012-06-04,-0.0015079168476769215,0.010885448560192655,-0.009311550758528468
2012-06-05,0.0013614135667878349,0.01404738930926128,0.010861875413218341
2012-06-06,0.01109422641719956,0.018823919349790195,0.019898543657186515
2012-06-07,0.015385076852047784,0.007445325420170038,-0.008790471439952985
2012-06-08,-0.013833807085457303,0.011647672949265218,-0.007527047799527492
2012-06-11,0.0026419549310106364,-0.010262151425229874,0.0021505820944670282
2012-06-12,0.013268822968280232,0.0009687241277906694,0.011726203713690753
2012-06-13,0.004890282972110355,-0.009240989853729897,0.0018411051828589621
2012-06-14,0.011351864918974866,6.980071897587779e-05,0.00287494208559912
2012-06-15,0.009659794085440772,0.014413665099604055,0.01460573372898737
2012-06-18,-0.004310479932314203,-0.010860273449159432,-0.01209692170882857
2012-06-19,-0.013911664215194977,0.025476023315685513,0.013275055681103027
2012-06-20,-0.0027895148569062633,-6.780350546728724e-05,-0.01674126365758937
2012-06-21,0.008546026939007067,-0.025686461325647086,-0.023216013325389796
2012-06-22,-0.006786513485908556,-0.010771594671156074,0.0076500881738655315
2012-06-25,-0.00254926694931797,0.0072870277610916105,-0.013631751371450505
2012-06-26,-0.01130692185853639,0.010141088507206167,0.014968568730404908
2012-06-27,0.011286663565296921,-0.0013831260849513527,0.009348121906960674
2012-06-28,0.0021046674705566403,-0.0036051065113300797,0.009698545419094411
2012-06-29,0.014410685909037244,0.02462823843420131,0.014667297598638756
2012-07-02,-0.00391327417090484,-0.0006100661094144275,-0.014190785656969195
2012-07-03,-0.003547133449969508,-0.0014249366278729235,-0.016047726183686196
2012-07-04,-0.004486974197667272,-0.002855979093441795,0.006794678869999165
2012-07-05,0.0003427661259653534,0.006042314455962662,-0.0058269368589893246
2012-07-06,-0.014457398152129698,-0.00522548778199864,0.005746795810701639
2012-07-09,-0.0027444411605876363,-0.004159144167587208,0.009293487704923645
2012-07-10,0.008759895521052392,0.010737446008715727,0.0018246008790532514
2012-07-11,0.004705509250263097,-0.019176893677450218,-0.0026984143357733667
2012-07-12,-0.08731310382610517,-0.006151313587209556,-0.017881244580286067
2012-07-13,-0.015397927829033676,-0.0037507858100826966,0.01078307704183357
2012-07-16,-0.026585828833744846,0.002571499488402417,-0.03423556085161714
2012-07-17,-2.3027944411614194e-05,-0.0013891785244399377,-0.01792589523710286
2012-07-18,0.0035171237249174833,-0.004947228151116697,0.00789521991318558
2012-07-19,0.02997444178781193,0.01662548684613391,0.004757343196048365
2012-07-20,-0.011850629844318237,-0.007101274283208496,0.018193195845905785
2012-07-23,-0.013453473784041823,-0.005063653173804233,-0.00722113670003516
2012-07-24,-0.009385646317677278,0.007620404039690442,-0.0042089688281344954
2012-07-25,-4.611269944551182e-05,-0.007272759329079809,0.003302649247269105
2012-07-26,-0.020851804452816,-0.012732787104520313,-0.012191227455989386
2012-07-27,0.011632800959073352,0.015162921957812076,0.022156656766401394
2012-07-30,0.0280170217622404,0.011857301475172683,0.00464113522905264
2012-07-31,0.007776176585481502,0.019006817087167418,0.010223757045884005
2012-08-01,-0.003779106960815147,0.004227201248930308,-0.015395515361327067
2012-08-02,-0.005786242213511364,-0.00968856397884025,0.006632916136895555
2012-08-03,0.0012459649343671167,0.0040483153595751485,0.003320244375058179
2012-08-06,0.0037511625121875317,0.05693019516056871,-0.006488789090412458
2012-08-07,0.01633109381130721,-0.0029303116903924013,0.028201391595920305
2012-08-08,0.013357336730028231,0.008954999349331277,-0.011817505477548451
2012-08-09,-0.0006789833033841137,-0.01355888240927069,0.007139041627253003
2012-08-10,0.013492838158763487,0.002496400720374627,0.01725675161456684
2012-08-13,0.003043288234221205,0.007705817464985533,-0.010799877194180482
2012-08-14,0.003978970503603245,0.014360642332899735,0.0016570012076296086
2012-08-16,-0.00598520560393854,0.02054909219459304,-0.0038310440031688966
2012-08-17,0.01525798378027443,-6.126512484678188e-05,0.011840509671602948
2012-08-21,0.024349686755227546,-0.0022694523188543096,0.015559534003772713
2012-08-22,0.010159918890156952,-0.00795294102703047,-0.0054047925261151855
2012-08-23,0.017757247558877524,-0.01660151715254179,0.024321492525939587
2012-08-24,-0.013165570091704385,-0.015730376369204914,-0.00045346333392408573
2012-08-27,-0.01354850135440639,0.006690266758852824,-0.001815912427274531
2012-08-28,0.0038278152696032807,0.0036132016108718274,0.022798449400610793
2012-08-29,-0.013660818124756132,-0.0102395399695112,-0.005641763906668238
2012-08-30,0.00184061963698922,0.0015968832239516158,0.017599007969467752
2012-08-31,-0.01306190813088256,-0.021939194575080184,-0.017264068162462388
2012-09-03,0.0014597770614682725,-0.004380666719767065,-0.00440036509564694
2012-09-04,-0.0018197597014873324,0.02145740769652201,0.002239893421645228
2012-09-05,-0.009084685638898153,-0.010898060463782474,0.017484319946421946
2012-09-06,0.034677786123206066,-0.0038327912578188287,0.008101938409718006
2012-09-07,0.026584037356431615,0.030195569506944766,0.008036824201707524
2012-09-08,0.003511768019849136,0.005353500425633752,-0.0001442377039858057
2012-09-10,0.00652911960327049,-0.004974664709523418,-0.010914011777287414
2012-09-11,0.006803084639402036,-0.0013265533672057752,0.015339832649705794
2012-09-12,0.004024309068807636,0.0089359351143094,0.01585045027365561
2012-09-13,0.0060258291171511255,0.001314759932699119,0.0019769829216792724
2012-09-14,0.029710213726480077,0.051934395226521525,-0.0032499675348854873
2012-09-17,-0.026018478815106588,0.03731123550683606,-0.051550321184940316
2012-09-18,0.014055562160372582,-0.02099131633976948,-0.03202514494351174
2012-09-20,0.006285954005888022,-0.027369755353651704,0.01693533495138318
2012-09-21,-0.009173848044299495,0.02115600653714779,-0.013670935101846587
2012-09-24,0.0026379397018444096,-0.016542042633728972,-0.011259035459027652
2012-09-25,-0.0008079720342592103,0.0040570427343844745,0.0029039960005206485
2012-09-26,-0.0033735947251476994,0.005936497101997176,-0.005894231427975301
2012-09-27,-0.01554914419506077,-0.017795764027671482,-0.010988906700778529
2012-09-28,-0.005664511733773159,0.008818029005116945,0.018968805718844604
2012-10-01,0.029042199742835603,-0.004429288380996075,0.005425489961796275
2012-10-03,-0.012105238511544974,0.015003853739606481,0.015006375447646384
2012-10-04,-0.0010089447682569924,0.008004751394608439,-0.004166988376697024
2012-10-05,-0.019128461725162593,0.005728664757716296,-0.010033847987516024
2012-10-08,-0.015413910222368186,-0.04579860697000931,-0.008703409196696174
2012-10-09,0.019127054659634057,-0.005016221443905571,0.0016618040190800383
2012-10-10,-0.01273725656086283,0.0008582112952420575,-0.00425664291041189
2012-10-11,0.011533970063113456,0.004829007825347663,7.755545218721131e-05
2012-10-12,-0.05595396768728945,-0.0012813865133121005,0.006955474542246778
2012-10-15,-0.012497668416718281,0.005054975896951542,-0.00293085705922786
2012-10-16,-0.004193766339706714,-0.012962578324308674,0.0009650461075924349
2012-10-17,0.006115321067057157,-0.009025778384780333,-0.009887442175559322
2012-10-18,0.0031383312578222196,0.00760930393701418,0.01868419533876372
2012-10-19,0.0024154854790457577,-0.01053228247883626,-0.013592554434227766
2012-10-22,0.0009226447004830889,0.015818421778117202,0.022388422661493542
2012-10-23,-0.013696097941134017,-0.006951521334153198,-0.00326561900236339
2012-10-25,-0.0035548213727868427,0.0005554355683265845,0.000570353063998461
2012-10-26,-0.0064822073866810355,-0.01422958734907597,-3.801341874133313e-05
2012-10-29,0.002529421939795884,0.015216267251521264,-0.00525975981050402
2012-10-30,0.009736221014003118,-0.009848634840950962,0.0023665036426995523
2012-10-31,0.001969776230742081,0.002797204621061219,0.003045301173418996
2012-11-01,0.0006980212439561794,0.0019843737132975753,-0.0001900598694308068
2012-11-02,0.009868051251752656,0.0010525990879301516,0.012054029456027496
2012-11-05,-0.004049055683540474,-0.0022303460085081905,-0.0012026459657604525
2012-11-06,0.001344509771666778,-0.0008687019657740638,-0.006829828635550885
2012-11-07,0.009506867394264052,-0.00572746382966971,0.008257809788354147
2012-11-08,-0.012176646883959296,-0.0053209928667610545,-0.00022533518704278034
2012-11-09,-0.011261761699069613,-0.011298841995565906,-0.004706068207693188
2012-11-12,0.0043546211792817695,-0.0012704060655457285,0.007181966985327815
2012-11-13,-0.008792435161912356,0.0037430654328395436,-0.006917840957945771
2012-11-15,-0.01812503767452297,-0.006352454343819628,-0.02378473991489095
2012-11-16,0.020282397562016788,-0.01211747476308108,-0.005695592606870866
2012-11-19,0.006465493927960259,-0.0010971636196932838,-0.019183453155235217
2012-11-20,-0.014434517056495037,-0.011626149854961652,0.008244134813941068
2012-11-21,0.010738989955456399,0.007614497758619737,0.007358154529579814
2012-11-22,0.013840832051497802,-0.006961415185772889,-0.004494565243154408
2012-11-23,-0.002121782672636453,0.010262495888242898,0.009473570394539353
2012-11-26,0.0166220367327323,-0.00012924906312429874,0.00394997221931429
2012-11-27,0.021788691471437836,0.016854511579222325,0.00115879343956922
2012-11-29,-0.01033390672619225,0.014510380136849103,0.0022365335355233303
2012-11-30,-0.003441145527144569,-0.005778910554923213,0.01217426314560702
2012-12-03,0.0009433962963833889,0.012893713082136372,0.0021286308782494
2012-12-04,-0.0006972070987426546,0.025420414660343407,-0.013263452918546258
2012-12-05,-0.022802054312741384,0.009533650921565334,-0.0011935243105456893
2012-12-06,-0.01872618692900961,0.013480669403045804,-0.013340770261687215
2012-12-07,-0.007361417097353342,-0.01108143600646863,-0.013006843879979963
2012-12-10,-0.003279611112709133,-0.007577160553233914,-0.021549197741131627
2012-12-11,-0.008464326947960303,-0.01001009359510046,-0.014245834961721986
2012-12-12,0.0016333289779395645,0.01518802075175727,0.004988765202438642
2012-12-13,-0.006220893821974028,0.001979782870608373,-0.0026548507434770822
2012-12-14,-0.0020822609910499243,0.005975518228660828,0.0165085174433117
2012-12-17,-0.0055225055371797204,-0.006095393558461636,-0.030552940130240114
2012-12-18,0.0020937800364976404,-0.0033022154831456353,0.004262986817265407
2012-12-19,0.011013544210374041,0.00969544969905856,0.01800891792699639
2012-12-20,0.0015013874332033817,-0.001967389670862326,0.015615884599367903
2012-12-21,-0.0011965757609108977,-0.015152716113430728,0.005297234332604002
2012-12-24,0.01101945489055256,-0.005528736097636363,0.005940846812566811
2012-12-26,-0.0030404008283991023,0.009157406544339226,-0.00316405895988696
2012-12-27,-0.011948871254890813,-0.012819520012073562,-0.00895296750755032
2012-12-28,0.015376743834989317,0.027203945437283338,0.01314319382274932
2012-12-31,-0.0019388618495419746,-0.0008334325997368713,-0.009233822320729043
2013-01-01,-0.004257118724165941,0.0013688441357730863,0.006587325407436943
2013-01-02,0.00015157913000937454,0.008586793648158404,-0.0006726147160544257
2013-01-03,0.012351946330846544,0.01498243042922356,0.013601373248710094
2013-01-04,0.004970729922448825,0.001277139381767342,0.014419972322711734
2013-01-07,0.010689402956446407,-0.006110176419129829,-0.0033538320984315517
2013-01-08,-0.01305435169961715,-0.006970302053123922,0.004161695344199759
2013-01-09,-0.005561511661146101,0.0024070226198573325,-0.018356259831224936
2013-01-10,-0.0037392861569795735,-0.0031126144642660506,-0.014359221077888763
2013-01-11,0.15516516865805266,-0.012012334152156481,0.037395916062790004
2013-01-14,0.034214912845423814,0.009066997432913915,0.021319701037720674
2013-01-15,-0.006954466623486748,-0.00047205996038004924,0.002208126049244365
2013-01-16,-0.007057370186517989,0.016623151288262906,0.007671719437954988
2013-01-17,0.010960687586431964,0.032720536833807365,0.010517672377679595
2013-01-18,-0.003544579436209498,0.011395498132646766,-0.00810914874925877
2013-01-21,0.0029546880127494664,0.021702359881270013,-0.015666116744399463
2013-01-22,-0.004570023276763505,0.00010869565228085458,-0.009442940800282072
2013-01-23,0.002171124902983852,0.0032553878241951104,-0.004221421393775749
2013-01-24,0.003078136937744156,-0.008158426628855716,0.01257354190196007
2013-01-25,0.005861566619102525,-0.003665713310122697,0.008954556752312381
2013-01-28,-0.0014221466141065703,-0.016190435160520995,0.003388508390152202
2013-01-29,-0.00415356278872778,-0.016513518368271803,-7.434944241339455e-05
2013-01-30,-0.0029876669240879897,0.018572563587799764,0.000891828679377132
2013-01-31,-0.000412175305782461,-0.01427755839811883,-0.001486823304791745
2013-02-01,-0.006672146612827012,0.008255459235025964,0.0029343506986799542
2013-02-04,-0.0012097030481000286,-0.008199068787552756,0.006101074592521932
2013-02-05,-0.004236450619650814,-0.013568575138163945,0.002724195470634377
2013-02-06,0.00726697462169002,0.0010283364708759352,0.007690655352564544
2013-02-07,0.004851325658888013,-0.0031454659773694055,0.012039163434647315
2013-02-08,-1.7924519847470477e-05,-0.01076920195137584,0.025234900752028014
2013-02-11,0.0009316492656312176,0.005600638214208602,-0.005568688834526045
2013-02-12,-0.01326791045971551,0.008085601868189015,-0.003292329728493029
2013-02-13,0.012372109912496598,0.004046857812851147,0.017818391259576075
2013-02-14,0.008282359967033331,-0.026456112034350235,0.008532534164026242
2013-02-15,-0.00862297469026068,-0.012045860612438612,-0.0038410345336355564
2013-02-18,-0.003052779500165233,0.0020079142162171466,-0.011717658046712808
2013-02-19,0.014409548408837822,0.0010613834359221208,0.012687959956017115
2013-02-20,-0.000354616220315735,0.03064306611208536,0.006387371311362055
2013-02-21,-0.004140571911426497,-0.017993565048012413,-0.0012052965627410565
2013-02-22,0.011596436839172893,0.003949360459142481,0.0027871944819451984
2013-02-25,0.026832212260771243,-0.009610138319460363,0.01270161845298427
2013-02-26,0.014291790829952356,-0.036777396276587396,0.015285978254773944
2013-02-27,-0.016779631724682498,0.00942719091934739,-0.00886030766240044
2013-02-28,-0.0012204451841891604,-0.02121466669953517,0.022532784536941526
2013-03-01,0.002336449661019727,-0.004248120903033656,-0.010037018855685299
2013-03-04,-0.003558386151899889,0.0027110306191527865,0.007528932266027187
2013-03-05,0.0061290375992289325,0.01677942903320877,0.01765320050287821
2013-03-06,0.016566899596367694,0.010712668650030727,0.01357494204470746
2013-03-07,0.011465616151758682,0.0014954391900127418,0.018216364848203614
2013-03-08,-0.011415114076954416,0.01753807246313254,-0.0042545879718890395
2013-03-11,-0.00828267074494664,-0.008019856642156549,-0.010764229865937096
2013-03-12,-0.009430734049945766,0.0039589971052817335,-0.0036460206060032556
2013-03-13,-0.01890552801098359,-0.0033671059959625993,-0.005655178621395731
2013-03-14,0.0037123902123314782,0.017653899735226016,0.010258472985047085
2013-03-15,0.0014428888089217063,-0.019252810448053447,0.001625265260004795
2013-03-18,-0.006098642355949678,-0.011144666736317683,-0.0021037875922022727
2013-03-19,-0.0016617837383490945,-0.011209663573347784,-0.012975099331189666
2013-03-20,0.0033731560476271756,-0.0027917721597963577,0.00702231979937033
2013-03-21,0.0024919634047710654,-0.01235263062125833,0.0014754942374096025
2013-03-22,-0.003347283460057146,-0.0024642693594182446,-0.011476222791040904
2013-03-25,-0.0036564391370269814,-0.0016668213878544317,0.0007778318330915287
2013-03-26,0.0006307711386053648,-0.03252829796685765,0.008387957686806783
2013-03-28,0.012117350861440609,-0.013429920726670782,0.012388013216483822
2013-04-01,0.018805570009077673,0.007540395988837604,-0.0120668003138118
2013-04-02,0.008404902985144375,0.019267438629404776,0.006721746068821954
2013-04-03,-0.00020210526384596635,-0.022096476715047733,-0.015398520124726763
2013-04-04,-0.030232275954810733,-0.011657408096809553,-0.023336140245901287
2013-04-05,-0.004942664824917087,0.016218492675057088,-0.006287132131333091
2013-04-08,-0.011917125809774899,0.011851046634479322,-0.01181578648919376
2013-04-09,-0.02341910272125166,-0.015897164996003466,0.01118155463951043
2013-04-10,0.017664379046135076,0.003148394671865506,0.02183153899283891
2013-04-11,0.0352596994090813,-0.01070632606569387,0.004205590823842552
2013-04-12,-0.23900130077045942,0.005496473471243105,-0.01649948045994405
2013-04-15,0.018293324593178745,0.02326501566050508,-0.026340240061479
2013-04-16,-0.018467506483057165,0.014200607717640385,0.00724052425616121
2013-04-17,-0.005414742165774709,-0.0395959621328946,-0.01802892563953155
2013-04-18,0.005175192517964892,0.010158899173164062,-0.002680966753257824
2013-04-22,-0.02253275223134025,0.010373338953621653,-0.01907599409422961
2013-04-23,0.007854837581057345,0.017509625536478255,0.0036766678320456856
2013-04-25,-0.015390230160414499,0.019651354653792384,-0.01994523996042596
2013-04-26,-0.007072579428602773,-0.03381110504806942,-0.02377757105340571
2013-04-29,0.007790551189307911,0.00031544746484084545,0.0010218606049583509
2013-04-30,0.0027549152313780124,-0.005629897528333452,0.0055653709295620975
2013-05-02,0.022667180142137783,0.01847830842973485,0.03947459850727368
2013-05-03,0.009249954410115066,-0.0029936407538688854,-0.010798029472087519
2013-05-06,0.01426121975110817,0.02601712617757919,0.033755847253294474
2013-05-07,0.003283655053924217,0.00794063878381483,0.0029944217284187434
2013-05-08,0.0007873262171383203,0.00180962771063349,0.005759408812523819
2013-05-09,0.004562777835674657,-0.01401934658914412,0.012321587456860827
2013-05-10,0.00428908632466698,-0.006314971478088419,-0.00170320811958854
2013-05-11,-0.004056200765694875,0.0014136015383679056,-0.004186839362937955
2013-05-13,-0.009507574463110865,-0.013728494633170394,-0.02587479667856211
2013-05-14,0.004456629938735186,-0.0060581642362737475,0.004364943088838779
2013-05-15,0.004415674301418667,0.025787534142581385,0.00928492760156387
2013-05-16,-0.011868753552075091,0.026091318271867687,-0.01196350063164271
2013-05-17,0.008176206595111351,-0.006145054089488737,0.01349133293522357
2013-05-20,0.008594828301401099,-0.0052200640539800305,-0.0009503768280327585
2013-05-21,0.010713676848991568,-0.003072754338166905,0.01379332213233577
2013-05-22,-0.005143334426905818,-0.011958742693839767,0.003710827492676914
2013-05-23,-0.010726844897905029,-0.04279595167049711,-0.00381131149068475
2013-05-24,-0.005076746074430728,0.0025463124076868745,-0.01563032918043306
2013-05-27,0.010507235590269432,0.05184625991756693,0.01917465361840381
2013-05-28,-0.002743254373918783,0.01806593370824103,0.010690317937161619
2013-05-29,-0.005849209233761387,0.005321362997497887,-0.011124323986673665
2013-05-30,-0.0046656880232139345,-0.013177610999298872,0.001368149041308998
2013-05-31,0.02956149743943777,-0.03712921161968211,-0.0006337875689579289
2013-06-03,0.04158299360448861,-0.023084703439333942,-0.0195770863138267
2013-06-04,-0.007265501022346827,-0.00982088117908614,-0.0027600324191159277
2013-06-05,-0.01398003463083132,0.027558310793958252,0.0016705593439012474
2013-06-06,-0.012922136914289187,-0.01254721605208864,0.0020077936336030623
2013-06-07,0.007033834329363774,-0.01066270574404018,0.03224683191708774
2013-06-10,0.016195588664113483,0.007311135907350115,0.00400788972762656
2013-06-11,-0.0045342412310455955,-0.004762064937479721,-0.015529288487028555
2013-06-12,-0.022117159952235895,0.00659733425620557,-0.02252886015683664
2013-06-13,-0.017266765873174925,-0.0012653424439128386,-0.015410000351093115
2013-06-14,0.006303883824302188,0.03097882429641496,0.0034871511505350813
2013-06-17,0.011478989782332638,0.0132912577288774,0.0012055871807933882
2013-06-18,0.00983752529712963,-0.002607721542037192,-0.005973259020589268
2013-06-19,-0.003357287847083721,0.01002968953883765,-0.01121376890988616
2013-06-20,-0.028811444861102795,-0.041363201424833164,-0.01638339025087615
2013-06-21,0.020740741606446914,-0.006474548814232263,0.012558757086458495
2013-06-24,-0.01598233700739488,-0.0002522863463397603,-0.008154089550300041
2013-06-25,-0.002734368487439687,0.013968719725863991,-0.013128979165216926
2013-06-26,0.010684533797570369,-0.0002488490743212938,0.03208755851330709
2013-06-27,0.03416824945867,0.0323240678498643,0.03700586096025574
2013-06-28,0.006443670484337769,0.0385253834230991,0.01744201291421729
2013-07-01,-0.019334521495722963,0.026427208601794684,-0.017140429599541613
2013-07-02,-0.01938288675819492,-0.015760902052034616,0.005479648847695134
2013-07-03,0.00022876394779963906,-0.024381540946057077,-0.007189824808997559
2013-07-04,0.026066124307561132,0.012613305910140373,0.032036027819529536
2013-07-05,-0.004792665848994769,0.02147039994486723,-0.005279464763953829
2013-07-08,0.004853441959950277,-0.01533825068177134,-0.015509802647670667
2013-07-09,0.012101590395574983,0.009013983811930741,-0.0011621923574078408
2013-07-10,0.001180153556917479,-0.021724912660870625,0.00467375761695222
2013-07-11,0.01081628996188132,0.01628030511984518,0.034198034280992384
2013-07-12,0.10355137723642363,0.022614600111174683,0.028542764245647702
2013-07-15,-0.022175456634368453,0.007723342622261177,0.019621739134816657
2013-07-16,-0.0050808845482266385,0.0041725838724481655,0.004618524815097483
2013-07-17,0.008048002706517728,0.015808211106224972,0.01751926653391013
2013-07-18,0.017977283627878936,0.002510644261695219,-0.010842000241205827
2013-07-19,0.01653661846582777,0.0070072803631729625,0.048434478064403375
2013-07-22,0.01023732779890744,-0.01598724543328263,0.002120770003599528
2013-07-23,0.008721740095236928,0.0005498735429434069,0.0018877104252775481
2013-07-24,0.002288940944804744,-0.00021991313519810067,0.018683666400236523
2013-07-25,0.0023008646974722576,-0.02066625408708147,0.00723759988251018
2013-07-26,-0.0006862711726639913,-0.0006738166350737474,-0.011904068868359817
2013-07-29,0.002708031477536463,-0.005011695035334234,0.0026451319697120366
2013-07-30,0.011741018673861361,-0.032532056190677006,0.007335886181288349
2013-07-31,0.0047085913148027965,0.0170005250898171,0.012861200616838863
2013-08-01,0.0016822842653299171,-0.025610412230315314,-5.508276186358132e-05
2013-08-02,0.01141494315617807,0.008609887140498242,0.016634046897362652
2013-08-05,8.308615207892592e-05,0.004886855964248033,0.011500106542401987
2013-08-06,-0.00723770753398466,-0.024081981351317335,0.0015519228223826657
2013-08-07,-0.008066321653233724,0.03665423460644795,-0.02567298712378643
2013-08-08,0.0004048651348341286,-0.007824676019153898,0.0123771379135676
2013-08-12,0.013685420335804787,-0.02337510740503407,-0.017161704469373585
2013-08-13,0.025687074993480972,0.008536744905012869,0.003192253247508528
2013-08-14,-0.004534197017758864,0.014087199606815646,0.007500103588790269
2013-08-16,-0.03017730500884106,-0.045287634673249345,-0.02910785402942062
2013-08-19,0.008891324410800807,-0.007832700417418919,-0.0019391015954208814
2013-08-20,0.000548934166637265,0.006198366952339051,-0.023365748461100552
2013-08-21,-0.016059620307751613,-0.05190885272316428,-0.010769602093314245
2013-08-22,0.020556172513495122,0.028309118219169604,0.03497890026139204
2013-08-23,-0.006477459576097071,0.01648659389432911,0.02799207262072789
2013-08-26,0.009948021158405741,0.0037756576124392638,0.006836562601007903
2013-08-27,0.008329616485114445,-0.023804057800355844,-0.0017387528831792724
2013-08-28,0.01950712342865582,0.010588006408829478,0.03688997580119225
2013-08-29,-0.003745473245424683,0.040378437183198064,0.020337925388310318
2013-08-30,0.0004025473248733693,0.010123092745252754,0.04326982045117219
2013-09-02,-0.006444080926143474,0.037807559320483214,0.011564779690615326
2013-09-03,-0.01706035233865416,-0.06493329879828307,-0.027478656915844966
2013-09-04,0.025707520084262567,0.021841556209871913,0.033416700757837314
2013-09-05,-0.035279506722737206,0.015421767174433143,-0.038602277967801
2013-09-06,0.008038028975105015,0.006298596420597065,-0.0009800103811076343
2013-09-10,0.0419748267247765,0.02542292918697326,-0.000452636615970959
2013-09-11,-0.012679367061791244,-0.002924472024126161,0.0029635604481278543
2013-09-12,-0.01721964309613763,-0.014009247066402301,-0.013075381275559543
2013-09-13,-0.012406007585350062,-0.0027453689171927833,-0.007216381577357726
2013-09-16,-0.011508982875499748,-0.012970350442627404,-0.026555511136254765
2013-09-17,0.00970752304097355,-0.0041862960143272746,0.02332573287494059
2013-09-18,-0.0018047109496956233,0.01595317343282195,0.0036135817586372813
2013-09-19,0.0006129735205143129,0.021163310072132794,0.006019197932501727
2013-09-20,-0.007931336938970182,-0.009816721993466906,-0.008170397286978484
2013-09-23,0.008063822365767073,-0.008597917734466545,0.0024581361279115265
2013-09-24,-0.0014251390265250829,0.00028588581915164885,-0.008011135126422528
2013-09-25,-0.0018092041948918,-0.0296485615865102,0.010029453964942637
2013-09-26,0.0008801136412815113,-0.012801692045972137,-0.008277959595897246
2013-09-27,-0.0018940343597664794,0.0019664517852435617,0.0026728363380910335
2013-09-30,0.0021263879365672057,-0.021055942430680798,-0.010475082237290594
2013-10-01,0.0006635700309846122,-0.0011558233485547765,0.010962618010261736
2013-10-03,0.00731974551100503,0.030570589680045137,0.03803007580452182
2013-10-04,-0.006855508343798906,0.00875780717353942,0.004435471270538296
2013-10-07,0.0018051592696384598,-0.012187733658532691,0.02723682014407588
2013-10-08,0.0040620927718321995,0.0010657194614351604,-0.01363482291029507
2013-10-09,0.024643174128886242,0.018700899655076174,0.01416106317503459
2013-10-10,0.005691443751509941,-0.0010459644163554561,-0.00520278814864133
2013-10-11,0.04589924840774943,0.0038877816108858778,0.020014708877689465
2013-10-14,0.015108980599630924,0.008017808937028695,0.04185348327593319
2013-10-15,0.009117989852517256,-0.0028767064312177505,0.0011968882338461726
2013-10-17,-0.026060992057472258,0.014358282308203046,-0.04947989371782013
2013-10-18,0.013990703746439452,0.028333362266472296,0.00576956508129888
2013-10-21,0.0062857349816579375,0.008301996716714822,-0.023377254254264016
2013-10-22,0.0020665495988531407,-0.009904339795135685,0.008507621610102585
2013-10-23,-0.005264630474826442,-0.008273458448112862,-0.013588933356256898
2013-10-24,-0.00483904736359724,-0.013754602812551968,-0.02577633280539054
2013-10-25,0.0068671866031982,0.002822468709739504,0.02897331293151333
2013-10-28,-0.002434261156964203,0.004218822176365956,-0.0018394370701895083
2013-10-29,0.0036491732252853905,0.006769067272004618,0.0028303617322464193
2013-10-30,-0.003513780925891571,0.0015042204568945243,0.010644661091503652
2013-10-31,-0.004220814852568631,0.018259050447474202,0.00956239446276962
2013-11-01,-0.010081159073031936,-0.007076471561007501,-0.006865205778910611
2013-11-03,0.0008236604544298116,0.000495335599989976,0.0006672068111976595
2013-11-05,-0.004140413080423755,0.001099868126714763,-0.027531321096022115
2013-11-06,0.012264304667161614,-0.012276878191956631,0.02376052356814303
2013-11-07,0.015442062616875253,-0.014233919218072977,0.014645233926850132
2013-11-08,0.0007294217795295301,-0.011295065736155588,-0.014764795375599053
2013-11-11,0.0007586294459172175,-0.013851990316992606,0.0018157931162743571
2013-11-12,-0.007687236058150437,-0.01316651703372847,-0.0035869759632197527
2013-11-13,-0.0014395180101319843,-0.009664188356944494,-0.01844762975816001
2013-11-14,0.006640468294035697,0.0085493283324206,-0.011189751619322662
2013-11-18,0.014752388994472326,0.026762486941211264,0.008746554704018082
2013-11-19,0.01134807454902688,0.004107016211594689,-0.006922141584872895
2013-11-20,-0.01190638083859784,-0.018209998553877185,-0.0031084273209412492
2013-11-21,-0.017149926376126355,-0.017426322511370763,-0.01845346863652549
2013-11-22,0.0009713163593628439,-0.004552584207404412,0.007147455473907265
2013-11-25,-0.006473290405846011,0.009378109960295615,0.006178241420491525
2013-11-26,-0.002950831685600732,-0.012345471188097671,-0.009758122826873102
2013-11-27,-0.0069294475021805515,-0.003930448128055031,-0.0036430828076981737
2013-11-28,0.010421323416315123,0.011863238958526982,-0.0009317435609419906
2013-11-29,0.008006208261473354,0.006172314807785982,0.009902436173559404
2013-12-02,-0.0047361235953910725,0.0024582979895404855,0.004753321959115046
2013-12-03,0.0030056322113293367,0.007686970066617537,0.0034203319834109833
2013-12-04,0.004944827698221296,-0.006810469002526752,-0.010321292366639097
2013-12-05,-0.004183639312127218,0.01731319120167596,-0.00647072883756769
2013-12-06,-0.007638083591098367,-0.004949080712203433,0.006595717901187337
2013-12-09,0.0039012143227676152,0.014035117105600658,0.0022720756812515315
2013-12-10,0.009553477085605042,0.006464073313111686,0.03811989088055974
2013-12-11,0.001037775103516024,-0.0023199897235649048,-0.011930203323694195
2013-12-12,-0.003116561841096034,-0.014149026548867061,-0.014265158282320506
2013-12-13,0.0029683741759659616,-0.006340444320195222,-0.013446998464085539
2013-12-16,0.02297166686488783,-0.022986828762147592,0.00862985497329338
2013-12-17,0.001186926578854736,-0.0069467401221495,0.01289229321860077
2013-12-18,0.0003182041740524108,0.02442519094041398,0.005096142602009352
2013-12-19,0.015725534613393197,-0.006884507938431753,0.012423721056208488
2013-12-20,0.011070955139085589,0.047001561913212274,0.0185867013461212
2013-12-23,-0.023620004602760276,0.001228089916548151,-0.0054378798649601726
2013-12-24,0.005161876922269234,0.002006354125640529,0.0007820368903807785
2013-12-26,0.00977594644530514,-0.011760888248658029,-0.004939454355310247
2013-12-27,0.011480015091937398,-0.009850623131905349,0.028328910683750055
2013-12-30,-0.016691474985981537,0.009343480867633962,-0.0021312584804135185
2013-12-31,-0.004779631308654678,0.009089441471174197,0.007393578192092612
2014-01-01,-0.00507648153252941,-0.007174918672295317,-0.008669872934128596
2014-01-02,0.003612268357149461,-0.015648351967805764,0.006342173423796615
2014-01-03,0.02401580144198084,-0.01236180755588046,0.02515397361354927
2014-01-06,-0.013341908047678664,-0.010819091107131881,0.007799582324829857
2014-01-07,-0.01741967044885159,-0.015144215658655523,-0.015048363599412239
2014-01-08,-0.00843837838225489,0.008219305356363463,0.01194030586795171
2014-01-09,0.006599916381646056,0.0019414625895286383,0.004156802123641854
2014-01-10,0.028693565965973968,0.008719369400808759,0.017224079035581274
2014-01-13,0.03152868115235416,0.02559744026965908,0.037792287928235795
2014-01-14,0.005916975810298252,0.0012486521856183677,-0.017889945764916655
2014-01-15,0.006838973511909853,0.0044709885168832016,0.011473626781353139
2014-01-16,0.0034959898994065897,0.0007902461463405728,-0.0014030912822902547
2014-01-17,0.0012609327205910616,-0.001581117275575864,-0.06017132500494718
2014-01-20,0.005227948610441571,-0.01709930519352131,0.05500974801278281
2014-01-21,0.0024108754093378764,-0.0077331871993532135,-0.025074389332613925
2014-01-22,0.002006845209535383,0.010832719011540868,-0.002744630484453371
2014-01-23,0.007038555730414843,-0.007651410836358835,-0.0095438700777963
2014-01-24,-0.009098617197529394,0.0021344725286326196,-0.00166624123506772
2014-01-27,-0.006928942925786609,-0.028643529420319096,-0.008530074275048774
2014-01-28,-0.015417528938289808,0.0020142186904651294,-0.007766898194117418
2014-01-29,0.011551752311962416,-0.009813037798560657,-0.001153285294546332
2014-01-30,-0.003651286384199805,-0.013962672673417102,0.003523516316509464
2014-01-31,-0.0008507363433153508,0.007426897646787292,0.010518976024540478
2014-02-03,-0.019631611685928113,-0.01240898462724789,-0.02101306038471115
2014-02-04,-0.0189289751766764,0.0007915005436196251,-0.019835893588064427
2014-02-05,0.0056424155801255375,-0.005247754293519992,0.01981310857604448
2014-02-06,-0.004912570499446067,-0.0017145310672405669,-0.008765060177259724
2014-02-07,0.0007994110029177112,-0.001717475733465409,-0.014283807492751061
2014-02-10,0.002030713478039879,0.009166527151905399,-0.0239986033306196
2014-02-11,0.006262180421196763,-0.020526777744211258,0.003885351410603413
2014-02-12,0.001069986970426238,0.015587291529620205,0.0017826799582181731
2014-02-13,-0.003980021674856838,-0.012920871322087938,0.013351774117065916
2014-02-14,0.01618270194289381,0.017982012038045624,0.015877961925820094
2014-02-17,0.003793252020082012,-0.011931490399977863,-0.0011538551576725682
2014-02-18,0.00649852766872042,0.0010458643175487935,0.0002770466841380798
2014-02-19,0.01920601306414908,-0.0011074198252472003,0.014642959191207705
2014-02-20,-0.011293348779202713,-0.008407047105235033,-0.003920411649486789
2014-02-21,0.010573742133099142,0.007483259510671336,0.007440222715885352
2014-02-24,-0.00021331626884073392,0.0010468948211133798,-0.012683809061978973
2014-02-25,0.008761738294363067,-0.0022182521881771926,0.005038024762545747
2014-02-26,0.006481894532725799,0.000185042406079421,-0.0030885052175611827
2014-02-28,0.0045464450360896,-0.013348846278940577,0.04199903908385049
2014-03-03,-0.00697881648153075,0.004303496210460829,-0.015811481356860505
2014-03-04,0.0003422043256434008,0.011816885116382351,0.0002678152983176501
2014-03-05,0.005812711134331672,-0.007345938771615363,0.005008301973438708
2014-03-06,0.0026654139329901146,0.018964022248218384,-0.004963673062822937
2014-03-07,-0.02419494162148298,0.05551562803652441,-0.005481917850860597
2014-03-10,-0.01853828775042197,0.018292671800116417,-0.03928533269676669
2014-03-11,0.0010208318623796822,-0.012157859107010664,0.004191608959404475
2014-03-12,-0.0011025434477661218,-0.003894398141146154,0.012837561724525888
2014-03-13,-0.0893193897401685,0.009366679938263275,-0.013814033484435566
2014-03-14,0.010826928437555592,0.007475823456234313,-0.004662991359290766
2014-03-18,-0.012928850009261155,0.011556282540287658,-0.008236486356119387
2014-03-19,-0.023799501512085604,0.007280034375549048,-0.03970339324380306
2014-03-20,0.009521274094182389,0.0033167526259938207,0.03317885589096347
2014-03-21,0.0007868416281999768,-0.02254811455388156,0.008878033379148395
2014-03-22,-0.0029083438407592004,0.0026494561567970707,0.0005875095639292932
2014-03-24,-0.006162667768933981,0.01923618735596342,0.011376368066031447
2014-03-25,-0.006554187194038409,-0.029250698616901754,-0.002767926405203268
2014-03-26,-0.0016914493599532667,0.013442732788063136,-0.025071180965796504
2014-03-27,-0.005509315704414185,0.010658880455182925,0.00035818757472095663
2014-03-28,0.009717261712328807,0.016952357097981312,0.00374135101067893
2014-03-31,0.0061722932533544266,0.015810606026642245,0.014662915442217143
2014-04-01,0.00944411460959024,0.012651301736804198,0.02021020793397618
2014-04-02,0.0024412308688171614,0.016414509959391397,-0.002046471701476006
2014-04-03,0.004834699066252373,-0.005808949531928262,-0.002650534539351265
2014-04-04,-0.006642445750988704,-0.008856613324527248,-0.01284466078372636
2014-04-07,-0.006853849765329244,-0.00010590976497933607,0.0069654224985428
2014-04-09,-0.011866448546408006,0.018885311838981136,-0.0062409964576310125
2014-04-10,-0.016528277744599567,0.007145846480188539,-0.006679894991219907
2014-04-11,0.010549555218777233,-0.015914627548089765,0.01769173817364714
2014-04-15,0.007590549073864121,-0.004887415462220268,0.04014712149556974
2014-04-16,-0.03194861181801767,-0.00825226858327203,-0.025377565794439914
2014-04-17,0.010946111639903945,0.018733446180730896,0.012038523376157389
2014-04-21,-0.002854903899851693,0.0005211862316341557,-0.0005174760782795235
2014-04-22,-0.010199658968608201,0.008457258492217982,-0.00031511659574688563
2014-04-23,0.006958420055734537,-0.0006201871096507258,-0.003292146925794308
2014-04-25,0.0009293900562649353,-0.019735421779098396,-0.0038470289581670055
2014-04-28,0.0007712102874510925,-0.0034332530752655185,-0.006323088892243573
2014-04-29,-9.440196363101018e-05,-0.0049859542107116355,0.0013225102255943527
2014-04-30,0.0009593382874766276,-0.0047971948509152535,-0.0023041222024639627
2014-05-02,0.01215545003395563,-0.008262292830768765,0.008754731709764194
2014-05-05,-0.01338230895752376,0.02000120010756687,0.0023744117529033645
2014-05-06,-0.0037054307185114287,0.01727610761785514,-0.006708088427705641
2014-05-07,-0.031386451186242253,-0.002598483948333098,-0.01528286456079163
2014-05-08,-0.0006685527712671505,-0.0005725737345090819,-0.0016175250776934147
2014-05-09,0.014943411597597987,0.03810665872189965,-0.0009949213560321705
2014-05-12,0.020250272433529462,0.030698753771157727,-0.00025467384521514437
2014-05-13,0.027997201563837105,0.03317545293325373,0.023615036935029983
2014-05-14,-0.0034205897433490623,-0.016976082201549954,0.00232660680277918
2014-05-15,0.005623200114242601,0.007527788180600709,-0.010410027671245055
2014-05-16,-0.02942848024749139,0.024243327386297843,-0.014883482898809185
2014-05-19,-0.05249404580932856,0.03710697171423356,-0.059124532657036495
2014-05-20,0.03492146775086215,-0.036551184566398824,0.015347812775163401
2014-05-21,0.011116003175194594,-0.0013436814253787969,0.0070584843952996995
2014-05-22,-0.013777924857345214,0.020558727021036567,0.013874543157314073
2014-05-23,-0.01434498880760241,0.023921257316441402,0.0075238865726624145
2014-05-26,0.00820846864484525,-0.023104004149501377,0.01219100084018314
2014-05-27,0.012586658163372353,-0.012559249868488128,-0.010524079445129756
2014-05-28,0.012445958019420299,0.0008728208744842208,0.00892112408918259
2014-05-29,-0.08164852997737075,-0.014197098499299173,0.0043614499017532084
2014-05-30,0.005081952989503767,-0.008277844532155668,-0.00864860202136404
2014-06-02,0.018120865663828593,0.016302936888074427,-0.005384916552299513
2014-06-03,0.008002904443063067,0.012123587140986028,-0.0005870680815324761
2014-06-04,-0.010897020370771173,-0.016476050371718214,-0.01865933672539839
2014-06-05,0.018803504731823815,0.011442405917363244,0.007106435210511121
2014-06-06,-0.012607294479158003,0.029383300892985322,-0.009502506801334033
2014-06-09,-0.005543047834850998,0.00022271218995869414,0.01407819728452415
2014-06-10,0.02926828951217446,-0.003882286944067295,0.020764097631656604
2014-06-11,0.0377168419511632,-0.014592224336646467,0.022360098605162096
2014-06-12,-0.0057471422555678475,-0.007239644597127054,0.013680657983578117
2014-06-13,0.0037566551830471944,-0.011259051406841301,-0.01069456821807552
2014-06-16,0.017773338959818672,-0.015321509581599061,0.02507213167429835
2014-06-17,0.0008319211695335232,0.022826321618825897,0.004439958058713266
2014-06-18,-0.0019576566789177843,-0.02160692366264522,-0.023431811576465334
2014-06-19,0.02179440394483978,-0.02337873506972762,0.021763644636359655
2014-06-20,0.0014181189673878717,-0.005388255122547423,0.007157819307108244
2014-06-23,-0.02566886234951351,0.001397961132969304,-0.010326208500803678
2014-06-24,-0.008933694163101672,0.02087977464994237,0.017563089339106098
2014-06-25,0.002322664156710256,-0.008385296781794725,0.000649406897877046
2014-06-26,-0.008993217992531801,-0.037912340141236844,-0.001255900732396893
2014-06-27,0.012769651657056165,0.00019762845914139075,0.039051529074349646
2014-06-30,0.009924529094223882,0.003255243318438328,0.010715239466977012
2014-07-01,-0.01065383884266238,-0.00731445388198003,-0.01438933499303943
2014-07-02,-0.0017867274246084507,0.010117297897207944,0.004528057649545316
2014-07-03,-0.0014316840291708603,-0.011606501448675746,0.006764212947367763
2014-07-04,0.010919083495871213,0.024971250175538487,-0.003065199980888284
2014-07-07,0.03019314827980547,-0.0046135623196878325,0.03186601667623773
2014-07-08,-0.0009869012105516877,-0.03179894578337475,-0.015836701980666373
2014-07-09,-0.009560388489246304,0.00591184086540333,-0.021165902783319018
2014-07-10,-0.005346027074277767,-0.0037534763683224723,-0.019516614368613745
2014-07-11,0.010257894716808972,-0.03127005300101725,0.017972566989282124
2014-07-14,-0.0309553249995638,-0.004926757015981097,0.013193296104622474
2014-07-15,0.00012401370367315254,0.01080700297895055,-0.011169827356844332
2014-07-16,0.0012238102298118652,0.017840322291290293,0.0010622456035648423
2014-07-17,0.0029989665228980626,-0.007301523159229216,-0.008319793799068107
2014-07-18,0.003774548647413163,-0.005869609808236303,0.024570241739467365
2014-07-21,-0.01576226984351712,0.02117177946335986,0.009194857796590147
2014-07-22,0.010257456590167066,0.032833472837184074,0.027482890203041437
2014-07-23,0.03516916078007762,0.0022284671561177364,0.02100281361999839
2014-07-24,0.009745015247699777,0.007520644809361372,0.0034933016311237616
2014-07-25,-0.008924321790311576,-0.01861510924665811,0.004056956698337851
2014-07-28,0.005622253888808404,-0.016030331678507398,-0.006332972725710025
2014-07-30,0.0003262497619137557,0.0005467876363396088,0.0022182153433813983
2014-07-31,-0.0013501786215461091,0.00029812183466349396,-0.005797005664265324
2014-08-01,-0.007855218921762785,-0.03041465051541513,-0.02497946987696301
2014-08-04,0.03651139738586387,0.00887172494046319,0.00382750915959464
2014-08-05,0.013599023079391849,-0.0011681947642346708,-0.0009307392126920933
2014-08-06,0.017732536839081856,0.0043610616785891496,-0.006778878325275865
2014-08-07,-0.019342143545257685,0.0011631142427333601,-0.014810024633779244
2014-08-08,-0.007067268327900059,-0.008934976692775898,0.0035970534894491204
2014-08-11,0.025752009428282492,0.0,-0.004164061726259481
2014-08-12,0.0009230382597373977,0.00396967288049974,0.0013562343303305784
2014-08-13,0.008795914862712787,0.005824128285988713,0.01138432987905247
2014-08-14,0.0011494333728702547,0.012844489467817207,-0.00012000480033613105
2014-08-18,-0.01470953066270148,0.010019925101453537,-0.00487233662622458
2014-08-19,-0.0033766704378133485,-0.003708561127346438,-0.01993529407962685
2014-08-20,0.0019007798918083407,-0.010908384011907158,-0.0009436478842487986
2014-08-21,-0.0015766878750215671,-0.0032606816117901997,-0.0015404684015387544
2014-08-22,0.014559799577249188,0.0032105977212630974,0.012968231326248072
2014-08-25,0.00741481927499389,-0.002507398134297158,0.02320485167306329
2014-08-26,-0.0010066258890948847,-0.0024633649940097122,0.0046480893043219585
2014-08-27,0.0017643738983761895,0.0003522810232452429,0.0063535989491453485
2014-08-28,-0.008783695390186627,0.0050190830117712755,-0.010882744474086712
2014-09-01,0.00023616195262882297,0.01530236536886177,0.005850397159188494
2014-09-02,0.003909395834963181,0.009519675405532217,0.0002955635926581353
2014-09-03,0.03280098085984603,0.007250463625407953,0.02663299145292236
2014-09-04,-0.006852102585370246,-0.005201382555223631,-0.008341167380978242
2014-09-05,0.005914393206545758,-0.00024371816552112797,0.005344046981833503
2014-09-08,0.013551136496689558,0.011680167683086702,0.016828283335223564
2014-09-09,-0.012131518751444649,-0.004539535491594275,-0.004342103353168113
2014-09-10,-0.01857320708733494,-0.01674148967601898,-0.01188988277756293
2014-09-11,0.004584137689189152,0.0034885184623216787,-0.0006925074817486467
2014-09-12,-0.0038754204376962296,-0.003734648075417942,0.003553629879004348
2014-09-15,-0.007823652993380774,-0.01273334518036113,-0.01908728266393912
2014-09-16,0.0027288139743510773,-0.023561365381945237,-0.0029163384438529007
2014-09-17,0.024296745967197376,0.009400236898621546,0.01569445191452732
2014-09-18,-0.011844640732516102,0.016302936888074427,0.019528661119450313
2014-09-19,0.001365040318460842,-0.009448416829107395,0.02684750067070053
2014-09-22,-0.013995182626408918,-0.003925520893966721,0.002796175478946976
2014-09-23,-0.011987412239191959,-0.026260832679536588,-0.012421601489169452
2014-09-24,0.010397368863371092,-0.000828629184085267,-0.01695718903275864
2014-09-25,0.012595929777135468,-0.037156630652178835,0.024517260616981663
2014-09-26,-0.002943911828158369,0.0036498349786550843,-0.009123677129698544
2014-09-29,0.018548962334973662,-0.00010715816555472296,0.030798754899024137
2014-09-30,-0.00034681464438973876,0.013359434392328092,-0.011390700044886883
2014-10-01,0.02621594366314153,-0.019756101995924483,0.014150666079684052
2014-10-07,-0.0041674323852395005,-0.0011330834568100293,-0.016070947579431862
2014-10-08,-0.04843590854779091,0.01132685164635286,-0.01778588037701761
2014-10-09,-0.000918191911787409,0.0189817209443885,0.008479894948584771
2014-10-10,0.06421198296634319,0.006265357518236844,-0.010233070696514072
2014-10-13,0.01376566838786297,-0.002866750288864333,0.014105756538353872
2014-10-14,-0.006169835813368504,0.0034911324310076667,-0.006407260067665259
2014-10-16,-0.013618587578664949,-0.031975243542786656,-0.007847844938277755
2014-10-17,-0.0035376707730230385,0.007384056237825675,-0.09263834812313623
2014-10-20,-0.010255831020531151,-0.0030433297201638678,-0.007338992123621808
2014-10-21,-0.010388608056933332,-0.006114586740366966,0.004159208746680643
2014-10-22,0.006103863580385891,0.01738710468010143,0.007553385280127511
2014-10-23,0.002368079411098271,0.007427536978270373,0.005490943593611073
2014-10-27,-0.000525755456965573,-0.011985043542012932,-0.003331643508337199
2014-10-28,-0.0038992053406798808,-0.0077850451841502905,0.008691742912023733
2014-10-29,0.02430462412856337,0.01861480844223201,0.01101392374112315
2014-10-30,0.016632984377311786,0.028642194117138017,0.020596077793395635
2014-10-31,0.026183695933610304,0.02151815524163184,0.019222240889756978
2014-11-03,0.00851654680930163,0.001797394262912711,-0.00673312535626115
2014-11-05,0.009475511479809596,-0.011085309011633468,0.003526117124981792
2014-11-07,0.010082821749413256,-0.010954567402450729,-0.010304884948360587
2014-11-10,-0.0002640390793176131,-0.011436901851184532,-0.0012445310308327065
2014-11-11,-0.009721812973050017,0.008577130726409051,0.004290977100516986
2014-11-12,-0.00466518486303497,-0.0037402374844125136,0.0042726432581272535
2014-11-13,0.017526943609271727,-0.004940060476174577,-0.0012740822541229008
2014-11-14,0.0031181889606335146,-0.00010317787875442114,0.006929901262869207
2014-11-17,0.006373310832429778,0.016425267574098686,0.004536109983858837
2014-11-18,-0.008594472481225381,0.003495709920455615,-0.012470978186729454
2014-11-19,-0.0021542189117593606,-0.01067734365951765,-0.004690294667098089
2014-11-20,0.012442191954638736,0.002654552582340921,0.012241425648505761
2014-11-21,-0.01898106975153117,0.01713504482979955,0.006389186934797744
2014-11-24,0.030627301118805243,-0.012455721912869798,0.013466495160793642
2014-11-25,0.0065514380488906855,0.007733756038580858,-0.008198470463698428
2014-11-26,-0.0006392635901391995,-0.00600996733349577,-0.003305913751285755
2014-11-27,0.015104685218496628,0.0016196794551617555,0.009847445406223726
2014-11-28,-0.0013867005058546674,0.0029794239941968964,-0.0038895126730467077
2014-12-01,-0.0022962913519703277,-0.030721236380092283,0.01872261138065839
2014-12-02,-0.7156169015125795,0.001091334394401308,-0.013326677302710014
2014-12-03,-0.001458789463659873,0.005903693998396366,-0.008294569203064574
2014-12-04,-0.010271550321829685,-0.010171866207682533,0.0009860998656193785
2014-12-05,-0.015100596136830248,-0.0012526751468442514,-0.02261976101082635
2014-12-08,-0.04958384232931697,-0.013407493357197365,-0.025984670109528943
2014-12-09,-0.002719223012525597,-0.005041269399412287,0.0008154903836218231
2014-12-10,-0.0005345483829924448,-0.007797518679148272,-0.0027674100584664375
2014-12-11,-0.021983999029640496,-0.028717914130596243,-0.006299957837378928
2014-12-12,0.00911994299423587,-0.026616052563617782,-0.016772093696280077
2014-12-15,-0.0071697883140118485,-0.004031462178787077,-0.03828427656839383
2014-12-16,0.00683444723029721,-0.01629036827692364,0.03515783724014027
2014-12-17,0.00025796466027220563,0.005651361560806224,0.0004296982970261939
2014-12-18,0.01403567760257721,0.012117203585428317,0.006768905309748561
2014-12-19,0.016521796913453884,0.02297015040330031,0.02005599033330244
2014-12-22,0.00047520791240040973,0.0048187525740211,0.0011345655532874139
2014-12-23,-0.014076404916141417,-0.012398346348870107,0.0013121013393142351
2014-12-24,-0.02106581922848265,-0.010799362507231122,-0.014730282754952861
2014-12-26,0.011177617147993302,0.005301760867708282,0.010070497753559518
2014-12-29,0.0028388402845453934,0.00912736969010173,0.007120298981854753
2014-12-30,0.004357638484597865,-0.018963514566814815,0.002830031871313389
2014-12-31,0.003148089629291341,0.0124204159778788,0.011084365594731518
2015-01-01,0.000937432769849415,-0.0036536394315789997,-0.00497669431100172
2015-01-02,0.019460941191136172,-0.0026502031356398785,0.013229461239503837
2015-01-05,-0.008630419486253342,-0.011014077504984876,-0.015313696529376175
2015-01-06,-0.021114173905708786,-0.04644662024164411,-0.03756319575317483
2015-01-07,0.004773156914947849,0.021534197001560746,-0.011882630614240742
2015-01-08,0.005029220658758544,-0.01444302525550963,0.010737529883846691
2015-01-09,0.04991277820521132,0.02144177072523906,0.027644463326453074
2015-01-12,0.019807825920245666,-0.01169193723555561,-0.0010354441387090665
2015-01-13,-0.012866272592795307,-0.008444350275553146,-0.004712845211566294
2015-01-14,0.0188503643320454,-0.009773035297752216,0.009582032934447303
2015-01-15,0.0026273209417595135,0.0344902359832924,0.006777275720915795
2015-01-16,-0.007501416700004885,0.006286245793985628,-0.0027409432984551617
2015-01-19,-0.0074867673433077694,0.011375776489335462,-0.008387664057922427
2015-01-20,0.010268148040336034,0.02625382178461746,-0.004210364499349238
2015-01-21,0.02128582263590572,0.004088855293339307,0.0053248368325014344
2015-01-22,0.012161337146031109,-0.025692560952229253,-9.945597589433826e-05
2015-01-23,0.008432555918516924,0.0035580191716241645,-0.0039664004642964755
2015-01-27,-0.036106000503813025,0.0024212405195500955,-0.0006193002105777686
2015-01-28,0.0037607640592032076,0.019823579161475487,0.014896192456326274
2015-01-29,0.0004428852882965037,0.024562160587445522,0.0019865276730023497
2015-01-30,-0.0016793398544827358,-0.015341964650532355,-0.02490828436333427
2015-02-02,-0.002360503579257309,-0.007897808835838098,0.012869829874767506
2015-02-03,-0.00749225511653863,0.03202397565824062,0.01736876948613428
2015-02-04,0.010296191808844156,-0.009429988439066513,-0.017328996193894507
2015-02-05,0.023498481287088903,-0.005506086785117222,0.015039658221221578
2015-02-06,0.016590575591085614,-0.015052640235919382,0.009106660830985613
2015-02-09,0.008215432196120222,-0.014613345404643168,-0.024703289149355472
2015-02-10,0.012988343040564907,-0.016529301951210582,-0.028968224945532126
2015-02-11,0.0028708258543162337,0.02098018278290586,0.007651458963364354
2015-02-12,0.011466493492704535,0.009337858275706476,0.0009142532711872133
2015-02-13,-0.0065548386540479515,0.009142482863321692,0.03063688192975292
2015-02-16,-0.00758498450510458,-0.016151534985344725,0.017976301615694208
2015-02-18,0.007759177772975359,-0.0012746267900998597,0.019481695361722038
2015-02-19,0.012204773672166056,0.0004435327455311391,0.01707867794759731
2015-02-20,-0.018056829852606166,-0.03261985408204996,-0.0020535421471857764
2015-02-23,-0.0076945440860073586,-0.02510931834414831,0.007855295223190653
2015-02-24,0.0031729270405777134,-0.011814184313531324,0.0029992246720699097
2015-02-25,0.019519615915162353,0.0020182839571112102,-0.012107383412889196
2015-02-26,-0.02600841574654465,-0.001364863873866944,-0.005911458198879399
2015-02-27,0.0033820782262951854,0.015964522735652634,0.0022185464465509265
2015-02-28,0.01345862233179993,0.011158365324677998,0.004833642504645502
2015-03-02,-0.002070552051267259,-0.0010408235009234492,-0.0021891058670594093
2015-03-03,0.002680002911391145,0.04142117858369205,0.03915731458664408
2015-03-04,-0.01014770873114357,-0.014480447580582092,-0.010865735298778784
2015-03-05,-0.011963214157628115,-0.0032716635680810034,-0.01820921427771414
2015-03-09,-0.025938605637892635,-0.0174403143826006,-0.018584729912297742
2015-03-10,0.0036234813634162246,-0.01214730346140811,-0.0015502413540448734
2015-03-11,-0.007214313742568399,-0.003731565171966735,-0.013773613947486506
2015-03-12,0.016407594531190093,0.009129297305813248,0.004784148745307749
2015-03-13,0.0009462230638179205,-0.015987270903287495,-0.014111819527446908
2015-03-16,0.02061561071187274,-0.009455217587366714,-0.0077945444340227115
2015-03-17,-0.0116039153016812,0.01736410207091175,0.00831718747105486
2015-03-18,-0.004921710158666343,0.013677408233050165,-0.009469160107307244
2015-03-19,0.00042601375099173504,-0.014494687904928371,0.014314776206363166
2015-03-20,0.012032498833096593,-0.002397311482878526,0.00564604357439471
2015-03-23,-0.010688382499100767,-0.014327652895783496,0.0023717996620087473
2015-03-24,-0.009899066188580578,0.007101041733091568,-0.009926259156190616
2015-03-25,0.0034532992979932264,-0.0036033946306104924,-0.00679570092853576
2015-03-26,-0.03333298324107796,-0.0186363057016411,-0.02384692851412575
2015-03-27,0.025665430832725513,-0.021451157690027922,0.0006762266810326423
2015-03-30,0.011670166193595573,-0.0011710685797027393,0.019433762160553064
2015-03-31,-0.004340645766286903,0.018635028333550727,-0.0039858594025168285
2015-04-01,-0.020217886944252784,0.012093646387699844,-0.004434336034337265
2015-04-06,0.0019530583049509678,-0.01372936601451684,0.0018271304408225726
2015-04-07,-0.008622134240830153,0.009894500028955512,0.014691533269101898
2015-04-08,0.01883061570085876,0.038915874530638744,0.02158357166717461
2015-04-09,0.006545074377621251,0.03316601542313774,0.008726108197830932
2015-04-10,0.008518915520750297,0.010281009726630904,-0.004061453790069097
2015-04-13,0.0021686890172184,0.019870922311158033,0.0006592268449880653
2015-04-15,-0.011274684284774057,0.0012458360899640307,-0.010504994158990045
2015-04-16,-0.008642743240149582,0.005075604848833965,-0.01725388495115182
2015-04-17,-0.0070417996005956544,-0.0016170766783819529,-0.042694293646748954
2015-04-20,-0.021849920608055316,-0.04546990147649242,-0.018782479904252216
2015-04-21,0.004889184544827487,-0.010442181030050042,-0.0007207801211997942
2015-04-22,-0.0022895601432228138,0.0037581185331386716,0.0074094937879883825
2015-04-23,-0.007371444511306468,-0.003073772911905343,0.004956816578639173
2015-04-24,-0.06161474424815647,0.0021071222808104564,0.014464022032937554
2015-04-27,-0.005301719769242261,-0.004104440832207184,0.0028638681767865918
2015-04-28,-0.012039024651058574,-0.011605990659488464,-0.002081999470843676
2015-04-29,0.00012748435146848314,-0.017724344594541593,-0.0030909443953362806
2015-04-30,-0.009683941026409537,0.01442487125304749,-0.009533499796153883
2015-05-04,0.02584412073816169,0.03262708843601422,0.007219079933741195
2015-05-05,-0.015344664490326993,0.0013459707040139278,0.014521997813829577
2015-05-06,-0.02095422631834198,-0.013428321842275864,-0.022004943380602982
2015-05-07,0.011355381260361539,-0.010851048789051349,0.0328284576262086
2015-05-08,0.007150301482524051,0.021529418004611237,-0.0070971219531381574
2015-05-11,0.018069122032542913,0.00700028059570309,0.011311781463258388
2015-05-12,-0.0236260434138761,-0.030886766580549906,-0.013034502996605444
2015-05-13,0.004918294662477752,0.01870279170895644,-0.0029771968877647325
2015-05-14,-0.011255418835224946,-0.007826274847214165,-0.006441149765765154
2015-05-15,0.013832970058754498,-0.004851192346521563,0.004750128682613501
2015-05-18,0.015829196697844022,0.01993835519896012,0.0036768035379970026
2015-05-19,0.014594072840224957,0.004476533691211932,-0.0030597468785898284
2015-05-20,0.01226165031288147,0.014742009387840278,0.017496378075733145
2015-05-21,0.0005615577270197498,-0.013402947646715856,-0.0006063510567093512
2015-05-22,-0.0009768249085599005,0.007886301008471486,0.024124570434962682
2015-05-25,-0.014594487803282786,-0.01039851447208958,-0.0064764831946454654
2015-05-26,-0.004721561416829089,-0.01112933751454742,0.003013524742825001
2015-05-27,-0.019518704073088713,0.0007910051827770635,0.002450184032393702
2015-05-28,0.024141093575322743,-0.0107888162497054,-0.002201063140402323
2015-05-29,0.003242777765836247,0.0013692380048851804,0.0003065251566206131
2015-06-01,0.012110343415765307,0.02838465115071499,0.0028500129274830243
2015-06-02,-0.019303191531031386,-0.003998006324854362,-0.0068421874361234885
2015-06-03,0.0060801021145178765,-0.0025626754971959514,0.004222006732129827
2015-06-04,0.0035317835152928537,0.018076277821984014,-0.002012825247535657
2015-06-05,-0.008119459414436593,-0.0054382292283864766,-0.011502587500883905
2015-06-08,-0.005783100595471367,-0.024873019939637014,0.0006209613457055971
2015-06-09,-0.003982821541849305,-0.0019783518308493122,-0.0061489559583142875
2015-06-10,0.017120808380625022,0.024700892598154563,0.01514828284845518
2015-06-11,-0.014338677380002659,-0.0321405157469197,-0.01138825737805776
2015-06-12,-0.011377775217898312,0.014374893820800837,-0.025803562761494474
2015-06-15,-0.6901896081617722,0.013284410587653688,-0.00039915379925636
2015-06-16,0.0089456823318607,0.002436729344375025,0.0028703575758932923
2015-06-17,-0.003659060246512098,0.029700027849149893,0.0007163039026479385
2015-06-18,0.006257372806114345,0.05000649172610875,0.006443512881396126
2015-06-19,-0.006608946100210489,0.0179190864654926,0.007677807619337002
2015-06-22,0.02823087639462684,-0.004979012976695123,0.01631998563829093
2015-06-23,-0.02317011149110523,0.0033220949665133327,-0.006542676404227243
2015-06-24,-0.005311964382347544,-0.004129116093739173,-0.0016715586313521633
2015-06-25,-0.004683849312426314,0.0136813379593153,-0.007929264441710035
2015-06-26,0.014832160468693319,-0.003839924927758398,0.01664501367486576
2015-06-29,-0.015135098974493898,-0.009891873483188532,3.856759936447348e-05
2015-06-30,-0.005874921936793188,0.009292113369248345,-0.016311101633777785
2015-07-01,0.013170368245925827,0.0055341036167596835,0.016388232370414525
2015-07-02,-0.009469195364154373,0.0051574624611057515,-0.005937145765286002
2015-07-03,0.0023252297793890805,-0.003617357330198315,0.010093395735256472
2015-07-06,-0.007093665741146481,0.008256133907357101,0.011227491345729678
2015-07-07,-0.002851616149709556,-0.012185607490468504,-0.00649581771882964
2015-07-08,-0.023736924581599882,-0.006650523299721932,-0.008116943257227354
2015-07-09,-0.02057577204857635,-0.009274260022541735,-0.02837457827521813
2015-07-10,-0.000533191161658835,0.01447843509875386,-0.01927273797991574
2015-07-13,0.013403109022800796,0.0051772317950460126,0.014125718936360927
2015-07-14,0.021964034814490465,-0.00917803729162534,-0.004012742330584137
2015-07-15,0.013041995370396157,0.013290720540620539,0.018334590198149796
2015-07-16,0.005118989409831451,0.012335217958167544,-0.0021824839815557336
2015-07-17,0.01285868337766983,-0.0019556083283471196,0.009481715042883195
2015-07-20,-0.000599071457185741,0.002980773787068833,0.005735354155219366
2015-07-21,0.10549533802955612,-0.01667894313794924,-0.006905903276350246
2015-07-22,-0.008574833657744382,0.04140130674208895,-0.013105729439802184
2015-07-23,-0.00467938068490471,-0.004867118449925144,-0.015727951210638417
2015-07-24,-0.009516909311160386,-0.019562533668077368,0.006628309624205403
2015-07-27,-0.020716984141163665,-0.01940565229892786,-0.003238577857606455
2015-07-28,-0.0023024702980173847,0.004862085386926735,0.0020003607318387676
2015-07-29,0.02099460331017011,-0.014205846373984832,0.001876697564066269
2015-07-30,-0.01428993417335264,0.004158010148663677,-0.01046647081217244
2015-07-31,0.006567173878156821,0.0016983021064928075,0.0120608906815862
2015-08-03,0.001762523647366439,0.0005987127854341038,-0.000458135396980034
2015-08-04,-0.020317148628876965,-0.01451958487732109,-0.0002789678208785378
2015-08-05,0.02715225582865205,-0.00025306845636768253,0.015130677004830125
2015-08-06,0.0005521557219380236,-0.008949060588217976,0.010214034838521105
2015-08-07,0.007926549485734912,0.00550095616281423,-0.008292164149701506
2015-08-10,-0.008800936895042282,-0.015820117475137854,0.007825728101286648
2015-08-11,0.02109273469836245,-0.002997573178440369,0.012402840444101549
2015-08-12,0.031286525983712114,-0.024203601740886364,0.025589447609446637
2015-08-13,0.01181389695698529,-0.010179967993025644,-0.013604113864409614
2015-08-14,-0.007584823446603169,0.035366523329701756,0.025325396360415222
2015-08-17,-0.006197104584458707,-0.01694823244332269,-0.006848642661754195
2015-08-18,0.01925054027736599,-0.006966462626513932,0.020698719863549177
2015-08-19,0.009573131787738567,0.011060311833325282,-0.0026669118007931476
2015-08-20,-0.03550002663970446,-0.040948582600628704,-0.01724991808323923
2015-08-21,0.013438885527340249,-0.00915451096536147,-0.003990309229020719
2015-08-24,-0.05161831825219905,-0.0903059259164417,-0.037113188333209854
2015-08-25,-0.005877777862639165,0.022174121852367536,-0.004469672022055352
2015-08-26,-0.01957974420112409,0.006170863812167696,0.0037325807833451454
2015-08-27,0.01695113700148919,0.018287351813649672,-0.0008153123874397165
2015-08-28,0.025755235387261783,0.0037323117599246817,-0.0014770190227715542
2015-08-31,-0.01509924625912177,-0.019094487439909987,-0.0026485438762367244
2015-09-01,-0.004946423935325574,-0.01893024242455194,-0.010448104923956293
2015-09-02,0.00955021081181915,0.011483493068755625,0.02121268029481635
2015-09-03,-9.09587048108712e-05,0.0050487368014803125,0.0053103599607095325
2015-09-04,-0.023375655989696455,-0.021246545628137683,-0.022570116143135505
2015-09-07,-0.014254473084008198,-0.003235279318293482,-0.0030272078472339445
2015-09-08,4.722438668204039e-05,0.01831422338140758,0.00021653330268371792
2015-09-09,0.027848132534188205,0.029549649488968224,0.003713130856289419
2015-09-10,-0.00760670288365277,-0.008098605476651031,-0.001707506572680686
2015-09-11,0.009487912000237401,-0.00700254604834689,0.0025895569067336767
2015-09-14,0.00821734822511018,0.003362711888596113,-0.0001371567409789191
2015-09-15,-0.0005002387607442251,0.004965368169355781,-0.0015884692264908822
2015-09-16,0.0022264134421129513,0.005055448234733293,0.0010788651386297362
2015-09-18,0.002538417572637671,0.02585058678198502,0.0003528304882141483
2015-09-21,0.00018106921420175246,-0.01951006344091528,-7.83960175224445e-05
2015-09-22,0.00253153247624713,-0.03499777805599258,-0.009551359081986744
2015-09-23,0.00791477801742446,0.002885325128465182,0.0023125053541370173
2015-09-24,0.021535748993638793,-0.01540588625793521,0.018678240279404203
2015-09-28,-0.031167653506182696,-0.003709025549003852,0.005141002026682078
2015-09-29,0.014636159627621286,0.007761232988895546,-0.0021034560385463316
2015-09-30,0.03512051992038859,0.02530888733789977,-7.727527388258662e-05
2015-10-01,0.009507566264800062,0.0027793880081058127,0.021615128750382545
2015-10-05,0.007389196182371085,0.02658911702578541,0.025037480561917867
2015-10-06,-0.02324242704651262,0.011254003047300525,-0.0043055326922199445
2015-10-07,-0.018708474670471625,0.017385983089700352,-0.017202676765298984
2015-10-08,-0.0009270091378309934,-0.027402014002077715,-0.007621425951001636
2015-10-09,0.0306605739511601,-0.001970222146519456,-0.001576912808126981
2015-10-12,-0.03886442919119773,0.00494633125842695,-0.014189524302050395
2015-10-13,-0.02115004815193298,0.002072423515990176,0.002292363967741548
2015-10-14,-0.0016385984549394,0.01040893314336128,-0.045204213320814174
2015-10-15,-0.00022779562275317182,0.0008302660095578906,-0.006442579514872465
2015-10-16,-0.002235147469488236,0.009307003326318243,0.002428413618778037
2015-10-19,0.015452195891459191,0.05476803762019269,0.006045358461630463
2015-10-20,0.01251189296951015,-0.0070826251702993965,0.015153315576365805
2015-10-21,0.010996644035294047,-0.0017785222033914459,0.001285410766793985
2015-10-23,0.01005121427897648,0.0006803967498766813,0.002822101080634173
2015-10-26,0.001954780058181588,-0.013484534057675147,-0.00023651378788535816
2015-10-27,-0.002389695039159498,-0.003506165937770101,-0.0021508991746241476
2015-10-28,0.0033006196906058896,-0.0027711182134866953,-0.0007904826307828887
2015-10-29,-0.007092382607061132,0.004313220563704821,-0.013434508300564437
2015-10-30,-0.008419256046508049,0.007094856890769601,-6.011361474997191e-05
2015-11-02,-0.003750031968369664,0.012686932947995937,0.008837874604428269
2015-11-03,0.012562206751241764,0.007680369876437926,0.010314666219936593
2015-11-04,-0.007623925110659371,-0.0165758290881717,-0.0038012749500051265
2015-11-05,-0.012302673204397803,-0.01557317346296992,-0.020393614113293698
2015-11-06,0.013621296752677776,0.01672881786326633,0.009261552850316419
2015-11-09,-0.0032557554387041858,0.009249406207145986,-0.013823530887306514
2015-11-10,-0.02747609685174912,-0.040876178909745785,-0.005355525529893022
2015-11-11,0.0033914432560889873,0.006158187136496669,0.004323168121120358
2015-11-13,-0.006158324117727572,0.004942260932875892,-0.029347385835896942
2015-11-16,-0.01889097902028843,0.0013387958194292034,-0.009555814541307717
2015-11-17,-0.01746320701547996,-0.007035285858202948,0.0066944627420605805
2015-11-18,-0.039880374864993975,-0.017122309866375616,-0.01649130583831307
2015-11-19,0.02689010069580244,0.024639123782891754,0.004709385029667929
2015-11-20,0.004380542192018424,0.012861571851690947,0.015039456734431744
2015-11-23,0.001234509439344314,0.007260896889752596,-0.003048400907457024
2015-11-24,-0.011981908151779429,0.014520539288230126,-0.009707998075972571
2015-11-26,0.010747398712435264,0.021418254279941675,-0.009504685958480374
2015-11-27,0.01316833187746389,-0.00975766241750251,0.0033199289894450656
2015-11-30,0.020007630383435265,-0.013574171097033802,0.004811319038538985
2015-12-01,-0.008214546168902452,5.176653294790099e-05,-0.00118478412708201
2015-12-02,-0.01710561874671008,0.012398234798276552,0.0013962050881436085
2015-12-03,-0.0027850569112477823,-0.0007672045999413692,-0.006128158789488495
2015-12-04,-0.008259017897467105,-0.012097025495037689,-0.009553089759605749
2015-12-07,-0.002672649899024597,-0.013976759467958955,-0.003700361349804566
2015-12-08,-0.0017697849787112283,-0.011780690407868851,0.003958015836565178
2015-12-09,-0.015632857203569574,-0.026929675603778066,0.01645891114140559
2015-12-10,0.01845346383037082,0.036923149387904836,0.007112525249243793
2015-12-11,0.00519011711927753,0.0027320985838053015,0.0006078963828707811
2015-12-14,0.015737967951407528,0.0022536106600399538,-0.003169308658785242
2015-12-15,0.007498696091120604,0.021544075106723428,-0.0010937468225371957
2015-12-16,0.016840372214147095,0.0028139488011174473,0.013607358413753762
2015-12-17,0.010213666037693176,0.03123446506174251,0.012932948431277666
2015-12-18,-0.021870521300120654,-0.01778624025832735,-0.009451223949108275
2015-12-21,0.01856817272886854,0.000201612903908685,0.012173205102335691
2015-12-22,-0.018014386199417354,-0.00484996403845293,-0.017046862830255707
2015-12-23,0.015655359564429778,0.016574132603429437,0.008590673530238003
2015-12-24,-0.004096128064671071,-0.0032429494332607564,0.0034773339840852816
2015-12-28,0.007632584416338963,0.009796443248708894,0.011619608163464527
2015-12-29,-4.5260132619829124e-05,0.00493633147701271,-0.0028057352959177367
2015-12-30,-0.016796378438524256,-0.010792718258304827,-0.015387759768747442
2015-12-31,0.017429833959457474,0.010004540877600448,0.007641407685792808
2016-01-01,-0.0001357066928100754,0.000738934490136625,-0.008427392378871516
2016-01-04,-0.024129550149058113,-0.01994446037070858,-0.019557664751051952
2016-01-05,-0.004505453637308841,0.00984786383527151,-0.008752744734633904
2016-01-06,-0.004385562688238586,0.02655566262733733,0.013804110922666084
2016-01-07,-0.017499208420362317,-0.018529460206208905,-0.004355288452342653
2016-01-08,0.011825500845655682,0.01226106581387757,0.011050994753229508
2016-01-11,-0.007173225661391285,0.024888761533430653,-0.014811350713754078
2016-01-12,-0.005461510025522014,-0.005865399138293862,-0.015055515324252247
2016-01-13,0.031361700253671305,0.02959269797316947,-0.020776866780748686
2016-01-14,0.044764737804207644,-0.014215811062798796,-0.00017551557745791154
2016-01-15,0.006071557214726662,0.010913712859675791,-0.007797568088706685
2016-01-18,-0.007042902604358428,-0.05402840094239435,0.00729278913824378
2016-01-19,0.006823561066772189,0.025966660717489036,0.0007241686093145365
2016-01-20,-0.016277063332140844,-0.03813659423840445,0.00035092337071096795
2016-01-21,0.013993054784432466,-0.020465830592291002,-0.011291082774664046
2016-01-22,-0.0007038226657497103,0.020067563050809173,0.018131368632492637
2016-01-25,0.0012313647714473316,-0.00019919326792611656,0.003869233589890402
2016-01-27,0.000746875240658403,-0.0045924305742101506,0.00653060014976686
2016-01-28,-0.007848018764816807,0.01740899515654087,0.0049237352076517285
2016-01-29,0.030771658666753902,0.018029041670709272,0.02545399466104687
2016-02-01,0.007227658962872585,-0.004937803516778802,0.0047559538957589855
2016-02-02,0.0018732177983793977,-0.02870068271236376,-0.0019163478619184774
2016-02-03,-0.015300844955300485,-0.019924494582855477,0.007560687395580594
2016-02-04,0.01886727339481417,-0.008544655328628938,0.0015507565629096745
2016-02-05,-0.004289755776656594,-0.002211991951074894,0.0007847997098383385
2016-02-08,-0.020555443152447554,-0.010197039622958976,-0.024662162384069052
2016-02-09,-0.038216698748708255,-0.003700715698339118,-0.035121548826290074
2016-02-10,0.0008122011095345003,0.005364177120543459,-0.005538232255989135
2016-02-11,-0.027342595821606225,-0.04038276552234941,-0.03172594958566468
2016-02-12,0.005547095072457693,-0.019660946781177347,0.012950650542463176
2016-02-15,0.006524559076599645,0.043388880910086566,0.018929553717974945
2016-02-16,-0.01160821916069086,-0.01725925759193155,-0.0015877569657492753
2016-02-17,0.017180027510366108,0.023419279176787447,0.0044042263611618684
2016-02-18,0.02300607938298663,-0.013208835782254793,0.017555009348050803
2016-02-19,0.003421237202861132,0.004510607557349879,0.001639521454518392
2016-02-22,-0.000532410501062991,0.018829392220500053,-0.0016179313427885779
2016-02-23,-0.002443848275909098,-0.01323275670410986,-0.022665220544701423
2016-02-24,0.001289318840383437,0.0031540792588482824,-0.023710872923050887
2016-02-25,-0.013463849304384974,-0.009015482178622643,0.000858990061408004
2016-02-26,0.009724695159319912,0.006598245058375639,-0.0010625431951327938
2016-02-29,-0.03365091682244,0.017006147981664447,-0.015362825797261292
2016-03-01,0.03747892826274776,0.015041737433936905,0.04484915575667673
2016-03-02,0.026782814572475243,0.020375931893425063,0.018366308884739353
2016-03-03,0.011439508913950047,0.011269263153942437,0.023146813452730047
2016-03-04,0.001153870937229181,-0.0063885323136394015,-0.006595242372734426
2016-03-08,-0.006169421050545569,0.02026232398238218,-0.0013795008395436864
2016-03-09,0.012852714343229583,0.014212063061844898,0.0012522419948820948
2016-03-10,-0.031023599607826056,-0.029172489234428174,-0.0038040232460170493
2016-03-11,0.00043754102645092923,0.0027143755098943787,0.0071920624847840444
2016-03-14,-0.0015760444554656545,0.005161618931798394,-0.00434299713403546
2016-03-15,-0.005976463561481804,0.0007352040522316855,-0.010715379266730643
2016-03-16,0.015786234203890467,0.0012241401944872309,-0.0012239772193403733
2016-03-17,0.008037377983334107,-0.005643494305959541,0.010685917331513192
2016-03-18,0.026878887122893914,0.010963304797269594,0.030894690123346828
2016-03-21,0.0012561237677267132,0.0097845295020855,0.00837426129097912
2016-03-22,-0.004151210439586645,0.010119262428169561,0.010916184710126904
2016-03-23,0.014889233457679044,-0.01795864445836265,0.0002830055204965353
2016-03-28,-0.0024039469445699905,-0.008587094139932827,-0.00016170763295262364
2016-03-29,-0.006369315706512077,0.015413720181848372,-0.0016185161743133751
2016-03-30,0.007240377835131046,0.010368258772656508,0.008106680948594203
2016-03-31,0.010188806302511906,-0.0017684315757037488,0.012296054956673812
2016-04-01,-0.01060350316505293,-0.010338370156705218,-0.026699346394600934
2016-04-04,0.031237866464386463,0.0005798502216102497,0.007045499840516362
2016-04-05,-0.019403896797339483,-0.007856490459704744,-0.0034454837490381276
2016-04-06,-0.01578219082568357,0.00659972308624338,0.007745784128458454
2016-04-07,-0.01611990240970978,0.0033800128750762024,-0.00448241104250276
2016-04-08,-0.013420160938532296,-0.0008680556100638139,-0.01580746173649779
2016-04-11,0.01544941672916049,0.003804208473935968,0.03021267723225496
2016-04-12,-0.0014369640273215235,0.006801769768537791,0.004577304600669623
2016-04-13,-0.00806832692325029,0.017649326095626368,0.0031916924217038
2016-04-18,0.054753660093135335,-0.0012201991376909757,-0.002556507104887465
2016-04-20,0.003947956624444319,-0.026118846365540526,-0.027928818756467404
2016-04-21,-0.014008893416618337,0.0037046880159202497,-0.010646800401389845
2016-04-22,-0.012348621563004307,-0.0021152837078133105,-0.0030362827857954517
2016-04-25,0.0037905364490922163,-0.021451803948797393,0.014050310219221387
2016-04-26,0.013317190274825277,4.9167834412757265e-05,0.01560428743712963
2016-04-27,0.00647172909611738,0.002406267274436898,0.008518518187921686
2016-04-28,-0.02531470662729106,-0.02251967593253075,0.00660867483590112
2016-04-29,-0.0008687558722015666,-0.014145936605029314,0.0030612772635653243
2016-05-02,-0.005852703338765644,0.004315494220615297,-0.0034767527416506693
2016-05-03,-0.01954788267628211,-0.011361732207259743,-0.019421965993480533
2016-05-04,0.00933816178794094,0.0023542669147104253,-4.0354310854701714e-05
2016-05-05,0.0030235608638774776,-0.002918065909681388,-0.0031121824525500007
2016-05-06,-0.009225196535326356,-0.006480837414507386,0.001254121571418896
2016-05-09,0.01474475894891998,0.014497833400620056,0.015704451358874737
2016-05-10,0.011402159312224719,-0.0005596113391025642,0.004110859833988463
2016-05-11,-0.009069699593436696,-0.007303589757823895,-0.001824962817062314
2016-05-12,0.006758323296116265,0.017681590614445245,0.018842134777160353
2016-05-13,-0.0022753138371355394,-0.014866201383076507,-0.016819006967276937
2016-05-16,0.006399031020997459,-0.002251676914701247,0.010937039389894394
2016-05-17,-0.000617474548794676,-0.006991956920335577,0.007439478989505335
2016-05-18,-0.003630217261752681,0.0014435224448161243,-0.0074590781859390385
2016-05-19,-0.003394605015020222,-0.020138575740528214,0.00229050324786249
2016-05-20,-0.0034477779392110323,-0.018033797308564452,-0.010872557338224453
2016-05-23,-0.011382781087279956,-0.004505961920706029,-0.015077714308639006
2016-05-24,-0.0002104598555595372,0.01117389796951191,-0.009578327567062651
2016-05-25,0.01744327318507927,0.011365861259758608,0.02352861259146666
2016-05-26,0.020878439741622856,-0.00458365966765804,0.008768269924196407
2016-05-27,0.010759074631940882,0.028989045634250338,0.009353070809498687
2016-05-30,0.01598380019109197,-0.00617476491082514,0.02447785413236507
2016-05-31,-0.015062381140663158,-0.011263776921229186,-0.025741941581055538
2016-06-01,0.00761916045982694,-0.004446893200024766,0.02466033728581809
2016-06-02,0.0026589955144597052,0.002775088829660204,0.006283496268592376
2016-06-03,0.004231847957618853,0.0035492495111414894,-0.007803513281436659
2016-06-06,-0.00011840625198846851,-0.0050667401872121305,-0.006505111597416599
2016-06-07,-0.007408468407058401,0.0002618006664689504,0.007113395684832537
2016-06-08,-0.015468150522314981,-0.0009952073733437451,-0.006883756982047524
2016-06-09,-0.04341331992118553,0.01771244852034147,-0.013814316999357297
2016-06-10,-0.004141842698871234,0.005698606175289668,-0.008377216339370613
2016-06-13,0.00025407580064704913,0.004494848715913821,-0.0034295266576664235
2016-06-14,-0.005008712028976663,-0.0049556900154494755,-0.004781732302514662
2016-06-15,0.012643141837862403,0.008516766170204457,0.00864156839842142
2016-06-16,-0.0033249888584508556,-0.008465551092474507,0.000566943311081542
2016-06-17,-0.005495680709941001,-0.00143501459639996,0.01716796995621173
2016-06-20,0.024496147919774277,0.015572041292096817,0.021551984906236304
2016-06-21,-0.002194754178306904,-0.0031355915034804384,-0.003050562576594887
2016-06-22,-0.005487210309447866,-0.006708705787441287,0.006185567349992826
2016-06-23,0.010036996873333,-5.0995690875095396e-05,-0.008394553342313923
2016-06-24,-0.014172254745052853,-0.030024513197510008,-0.027361697731998594
2016-06-27,-0.024018945619973642,0.004404600482590943,-0.03081233141835283
2016-06-28,-0.006063621907153081,0.0022472506779020393,-0.012863599289897363
2016-06-29,0.015154399607062292,0.009456089580992843,0.015684306336410072
2016-06-30,-0.005154101670234129,0.002324321182782388,0.019858247502623362
2016-07-01,0.0013656540190068074,0.004427063752635264,-0.020677633009371744
2016-07-04,0.009803375985783713,0.013519579438201668,-0.0026626375827434167
2016-07-05,-0.007205252838489997,0.006465322046191895,-0.0035746598964385037
2016-07-07,-0.015604552072651266,-0.005249885858884682,-0.022584427169566358
2016-07-08,0.0008205748803096105,-0.009662893677465732,-0.0013178488028692424
2016-07-11,0.014443624072697865,0.014308428188382887,0.01535581980610795
2016-07-12,0.001275727337502152,0.010922499488807118,0.000324602871528045
2016-07-13,0.014555069532659915,0.005317707534005951,0.011355392738152505
2016-07-14,-0.01481008483496006,-0.0038239065292455998,0.011485669634600548
2016-07-15,-0.09229242113747797,0.007238145725064598,-0.030824323719816697
2016-07-18,0.008725977855679924,-0.005895630047204582,-0.004878258423827236
2016-07-19,0.004610640285396617,0.011412885421959113,0.01336850091191254
2016-07-20,-0.0035483090614967347,0.005096051796894288,0.01159018446822356
2016-07-21,-0.00295885560297719,-0.016409563274619697,0.004439119467243593
2016-07-22,-0.006922693569910201,0.008410894626628774,0.0036047558028892276
2016-07-25,0.007802017935257883,0.0077542595058722975,0.01728445391173999
2016-07-26,0.007236555283072635,0.0012702757228910757,-0.0024845705379360067
2016-07-27,-0.0030818082853631672,-0.010750416472767251,0.009726887796468485
2016-07-28,-0.007258972623868371,0.012993882103555935,0.01604868188801549
2016-07-29,-0.0033932214675992138,-0.011218733708415283,1.9089251797493995e-05
2016-08-01,0.010560053669399307,-0.005334926701880234,0.03339556334080504
2016-08-02,-0.0013369910476891374,0.003263613637019543,-0.0033472370339730096
2016-08-03,0.0010144326963913725,-0.018787147809381316,-0.016021255766725365
2016-08-04,-0.01214833876765528,-0.0009562395353577544,-0.001620104719225212
2016-08-05,-0.003551737540609645,0.023143996816847756,-0.0010941126518250628
2016-08-08,0.009968871861243319,0.01271099978799377,0.0001509832788887132
2016-08-09,0.004347631842415082,0.0014078013927330386,0.00026416589771899426
2016-08-10,-0.0009696410779341724,-0.026594828145811423,0.009463793030950362
2016-08-11,-0.004630280995622221,0.010358164721015068,0.012812831962421636
2016-08-12,-0.013832642635372504,0.02117255537184041,0.010480333062654753
2016-08-16,-0.010168697359625799,-0.010579028152273694,-0.01721910263956572
2016-08-17,-0.01774541793493457,-0.011382715383245498,-0.025263511488257905
2016-08-18,-0.009627146849317796,0.004676701363605085,0.005320071068508373
2016-08-19,-0.0020540917869382295,-0.003098947363104497,-0.013372830224293206
2016-08-22,-0.005744461604934492,-0.0030097469371041115,-0.021273268366252734
2016-08-23,0.023552254052984806,-0.0013845623534109496,0.020331784402808625
2016-08-24,0.01692894676924634,0.009896927085642132,-0.01121196334653959
2016-08-25,-0.020301143817853192,-0.0076726719116601665,-0.00819820718643796
2016-08-26,-0.01546422569758159,0.01489785468063696,-0.010283778573331835
2016-08-29,0.0024962691311165553,0.028342463459882568,-0.009710552873359427
2016-08-30,0.017061290157465037,0.008428140385739984,0.017285898326116773
2016-08-31,-0.00438290888259885,-0.006019581758386151,-0.012996058651837318
2016-09-01,0.0016398190228056996,-0.029487106698523693,-0.0015143064980299155
2016-09-02,-0.005508857074570622,-0.015520127442266905,0.002907036672815537
2016-09-06,0.012663577758778733,0.006442909291150198,-0.012302984833642044
2016-09-07,0.00890757789111263,-0.0022085356575843613,-0.017666868952930917
2016-09-08,-0.01596592232235452,0.015358289254196205,-0.049751475069687634
2016-09-09,-0.0020741391320304903,0.010731833791973873,0.012985389595897942
2016-09-12,0.017708048265668817,0.0018650922409962126,0.002801657356300877
2016-09-14,-0.008001566791295524,-0.0016736405580296484,-0.013056185464282217
2016-09-15,-0.0032570198348977723,0.019197176815500656,-0.000644412962112212
2016-09-16,0.017076544053445438,0.009857359488281474,0.01482330150465605
2016-09-19,0.0009899357350249265,0.006348639224771524,0.02084652762797057
2016-09-20,-0.010467332172268263,-0.007604599385219304,-0.0020548165679123423
2016-09-21,0.005318403722736558,-0.0018169540743691722,0.0028631318963363798
2016-09-22,0.0028847765388931514,0.015454684799627924,-0.014776743388773357
2016-09-23,-0.015466556199416462,0.01263847095302383,0.00841695888510072
2016-09-26,-0.006399021089473254,0.0039819057137635,0.0012502085309031175
2016-09-27,0.003709685558964543,0.002976058471076996,0.014471434223611333
2016-09-28,-0.0007697118771319014,-0.018036515570306576,-0.00537132271099435
2016-09-29,-0.009428786338299982,-0.016828098095371752,0.00606891604238832
2016-09-30,0.006633603795502377,0.010435361260145597,-0.0028755719605359055
2016-10-03,0.001976713996108056,0.006438580005747712,-0.007888528259175511
2016-10-04,0.010635849793519033,0.005166788659812974,-0.002719621344724564
2016-10-05,-0.007365987291692013,-0.006359394644936194,-0.007847269737941856
2016-10-06,-0.013630642667859138,0.019453390483070262,0.0010052146351243524
2016-10-07,-0.014559437555710184,-0.001621768082277434,-0.008808962576946903
2016-10-10,0.01703835587862071,-0.011472227755856743,0.005265276164465841
2016-10-13,0.02151550122910276,-0.036409872723632435,-0.021830477062257415
2016-10-14,-0.02423778184666055,0.0192061365549449,0.015889239739817852
2016-10-17,-0.004635172115249869,-0.015900816707463176,-0.0015860766967896749
2016-10-18,0.016154029513453273,0.01909711358036605,0.015852851074568342
2016-10-19,0.0026431521743673827,0.005764502116270842,-0.0021270835705401994
2016-10-20,-0.00495562610557803,0.00018391650242652552,0.00252280561221496
2016-10-21,0.001590400103895156,-0.021704116755153963,0.011387758161855567
2016-10-24,-0.010845463137649697,-0.0008460635052285443,-0.0003912403398100709
2016-10-25,-0.00968554262379392,-0.0023068060979150595,-0.012121611698540808
2016-10-26,-0.0029536301870459122,-0.006430586252809013,-0.0009176800026660885
2016-10-27,-0.01060623512452586,-0.005088585465956875,0.009077092452696969
2016-10-28,-0.005997019472374291,0.005942070581777464,-0.008055183897566815
2016-10-30,0.004600928300264699,-0.003561003691790841,-0.0031943239229022874
2016-11-01,-0.012703843869370457,-0.00019027685339494685,-0.017317271853877412
2016-11-02,-0.008525806528802155,-0.02626973570967193,-0.01974688416900556
2016-11-03,-0.01458006216950963,0.00019534111504216733,0.0066616446203499255
2016-11-04,0.004283103794724124,-0.01813304180170957,0.004774202616570806
2016-11-07,0.007132075692201847,-0.004385316241953347,-0.023223545665858457
2016-11-08,0.004743575751021052,0.0023445499977343496,0.0026972221823103907
2016-11-09,-0.025041238384831476,0.0010955630795515196,-0.05091992700123292
2016-11-10,-0.019919507756821764,0.005756839720337039,-0.006658522277328065
2016-11-11,-0.019184338595263004,-0.00859782152002745,-0.025514704573469448
2016-11-15,0.0021679050276970377,-0.01645609940639122,0.009544294407763386
2016-11-16,0.01861192398739117,0.0011663583056068798,0.031689770448164394
2016-11-17,-0.011867354756235595,-0.008959994779846122,-0.0242223176428531
2016-11-18,-0.010595839213398317,0.00992248313965338,-0.005677701008801374
2016-11-21,-0.009721009323273157,0.004042451184573844,0.0036636959721617493
2016-11-22,0.003396705177831148,0.00998528078739097,0.000984090615748217
2016-11-23,0.006596006361486578,0.007510791606367342,0.009950330853168092
2016-11-24,0.010861742515382414,-0.021690433850290382,0.014776553155415229
2016-11-25,0.04949117708500783,0.006410763733999195,0.049867754581701035
2016-11-28,0.0022991452202199003,-0.007119983621882917,-0.007746141133509482
2016-11-29,-0.007324539110055406,0.011137263304026703,-0.010016704737281574
2016-11-30,0.0030285165462221953,-0.007697183015657977,0.007143044988256169
2016-12-01,5.125182585764948e-05,0.007747297025039884,-0.005551286422559163
2016-12-02,-0.011442833995981462,-0.003011294621805236,-0.018550015777698027
2016-12-05,-0.0029592732444077598,-0.0009051594704299891,-0.016266792433733034
2016-12-06,0.0050307395470096765,0.01135551583282917,-0.0016711119069765332
2016-12-07,-0.0001034714678351606,-0.006036888142139101,-0.012820392802239363
2016-12-08,0.01870842089765473,0.02070200715744012,0.018941788769958737
2016-12-09,0.004761913760243785,0.008687219103819886,-0.0002277385571218074
2016-12-12,-0.0122033344394181,-0.0017022108528611708,0.005881768764931609
2016-12-13,0.013062115528291717,0.012191733013918677,-0.0035839893189411128
2016-12-14,0.009598304799605002,0.018768711758738475,0.0033122378792507946
2016-12-15,-0.00742938008866014,-0.0062013500825663865,0.023149078210069538
2016-12-16,0.01281619544902174,0.0039808592450904755,0.010282017949528047
2016-12-19,-0.0004975619567273834,0.005095071643991626,0.002734304073658936
2016-12-20,0.007437559077024156,-0.004385868522140566,0.02178038650111891
2016-12-21,-0.010527981235598838,0.005044444141014027,-0.011046986335276131
2016-12-22,-0.016967052718231068,-0.009354693561263675,-0.0025533954539120594
2016-12-23,0.0038010333881899013,0.003742927166001689,-0.008529578672230904
2016-12-26,-0.005783295339976726,-0.009359849778326709,0.0021828350586398488
2016-12-27,0.016349963043988225,0.016334430360406573,0.013127016182432151
2016-12-28,-0.00045057449008811297,-0.014188660278808435,-0.004313326218073306
2016-12-29,-0.006178285217602268,0.014892836070176533,0.016420167001484857
2016-12-30,0.018223625219540567,0.015783552744649567,0.005872082165329895
2017-01-02,-0.009444818432370211,0.002491350769583401,-0.0017770636591780912
2017-01-03,-0.007268384588829929,0.003954937323412305,0.0029177963867059826
2017-01-04,0.003916454092235142,-0.020635542459997012,0.0047390958055212205
2017-01-05,-0.0016048952740108963,0.009559187756856394,-0.019135482792643953
2017-01-06,-0.024284875618975705,-0.0022765823942764987,-0.02296560917472372
2017-01-09,-0.0019561418777525167,0.0025549917506291976,0.009727236410809864
2017-01-10,0.00020608995899610124,0.01121093147173546,0.005044337992955082
2017-01-11,-0.0014951153765959183,-0.0034928111248190364,0.003901077203387945
2017-01-12,0.03143747199167434,-0.0025353229981808023,0.008546236755361758
2017-01-13,-0.024547630350441923,0.006532663430801178,-0.041389121274059026
2017-01-16,-0.020865910151129957,-0.01306182464038241,0.004103957754908816
2017-01-17,-0.00026163627474537975,-0.033060862260888065,0.008904032555710572
2017-01-18,-0.004826365469822584,-0.00839044366825171,0.0071493685372471276
2017-01-19,0.007648421170788934,0.0011131277616384433,-0.0017880120766245351
2017-01-20,-0.00985953025799649,-0.007671802619271102,-0.0024692179884353966
2017-01-23,0.004207432313902463,-0.009697876857668803,0.009298746241184735
2017-01-24,-0.007533289939451865,0.011159082124718724,0.005037794029957302
2017-01-25,-0.0095104720238405,-0.009781942422515368,0.014835383991160552
2017-01-27,0.005908200819057945,0.007638109989653255,0.002037871130664646
2017-01-30,0.007613042320924726,0.019035310732810735,-0.010616852021434038
2017-01-31,-0.022099464303602694,0.000382775124291003,-0.04520023350312189
2017-02-01,-0.01284326863438597,0.004248520603874121,-0.028152938299000733
2017-02-02,0.020673826211775475,-0.005876327733076005,0.018169644305011796
2017-02-03,0.00021367521448828475,-0.009484220045928726,0.011215828576949114
2017-02-06,-0.0009084351494434517,0.007709766903064138,0.0036662013210394134
2017-02-07,0.007456758918989233,-0.010373787272051817,0.0017167003446842699
2017-02-08,-0.006121110263101623,-0.00559326377328326,0.011670914548314284
2017-02-09,0.01009304716773513,0.007386203947817965,0.02020446869336559
2017-02-10,0.023299387565607007,-0.0025207245884057918,0.03421149083732111
2017-02-13,0.016439568248610946,-0.0002912621379815716,0.00677447418587081
2017-02-14,0.0033974830479853364,0.01918650926771281,-0.003319160810932837
2017-02-15,-0.0059913862901295805,0.0014278237635858217,0.003091320836459585
2017-02-16,0.030395037570903533,0.01529197252099436,0.014008395361626973
2017-02-17,-0.011927385212385119,0.007466203605005218,-0.016414236906992893
2017-02-20,0.010097829976112607,-9.29843322069454e-05,0.03841534655611173
2017-02-21,0.0033105250483463377,0.01183226967624719,-0.01483655965621231
2017-02-22,-0.02340718220403986,0.10402715147490264,-0.022084824718060704
2017-02-23,0.018709900457797576,-0.020709871015470258,0.02873514283149268
2017-02-27,0.003512681410281922,0.046381653610435836,0.003238364339818709
2017-02-28,0.0,-0.0006863279705814332,-0.009523689343513051
2017-03-01,0.012515193658086959,-0.002871531365877608,0.005378313744964096
2017-03-02,-0.0018062442363461564,0.001820941322583699,0.008793471639512052
2017-03-03,0.00769047353226794,0.017473293515451117,-0.002962668566802883
2017-03-06,0.002614886967669864,0.03651093940825586,-0.008678110657630982
2017-03-07,-0.013731529971592188,-0.0003064781849832409,0.01098094415925431
2017-03-08,-0.011836792374557611,-0.010592707330857402,0.004948134597031093
2017-03-09,0.0037140706769250662,-0.0034523589828204825,0.003000826981834749
2017-03-10,0.010130902031122263,-0.003971349246950946,0.00888982543625944
2017-03-14,0.012593461357328868,0.006106236035486445,0.009883147131466402
2017-03-15,-0.022329008799659305,0.011910179525142273,-0.027322162251285233
2017-03-16,0.01656251110122536,-0.005609789552048785,0.009005480050854149
2017-03-17,0.011067459463409481,0.00234764477520215,0.0019220677055593585
2017-03-20,-0.0182369978191728,-0.015417698387190242,-0.018279488148813788
2017-03-21,0.011049836186584935,-0.013361827343150081,0.0026979701065623623
2017-03-22,-0.004998675813234233,-0.0032494579810975793,-0.00312144685695983
2017-03-23,0.012330016227761148,0.010738358221132472,-0.007531467179788039
2017-03-24,-0.008736209241930028,0.010507703953473975,-0.013565286634574653
2017-03-27,-0.0024754290034186377,-0.028096495209509676,-0.006261321277139704
2017-03-28,0.006104670121280601,-0.004285406161840307,0.0073936726740873255
2017-03-29,-0.0031930360945879132,0.008711691925014373,0.006010829351947098
2017-03-30,-0.006173009127697481,0.011079130459141433,-0.001473718950202283
2017-03-31,-0.003174218267683567,0.03878474188414826,-0.003776067530642156
2017-04-03,-0.013244574594041896,0.0398858308141154,-0.008299830860293223
2017-04-05,-0.012819729129426869,0.028930377833404575,-0.004342457919258395
2017-04-06,0.0036581434395144075,0.016471372914264676,-0.0004998646304069362
2017-04-07,-0.01822224410675496,-0.02242545911768476,0.012010663940670204
2017-04-10,-0.02909841208331708,-0.01811416303843212,-0.002803374127916253
2017-04-11,0.014319059577381495,-0.0065366830418317505,-0.0012186181553716076
2017-04-12,0.0017561987984846413,-0.013461424321433617,-0.010825967283279355
2017-04-13,-0.039420970598314634,0.007944723265194438,-0.02736357432489349
2017-04-17,-0.007003206988062514,0.019625899729883215,-0.005943809896924201
2017-04-18,-0.0024356592377273696,-0.015677082898499246,-0.0026169815850384083
2017-04-19,-0.003746237787941007,-0.0010222709908150015,-0.004188419625811188
2017-04-20,0.008773411271634201,0.0005477751337510509,0.011395580270356344
2017-04-21,-0.0038897942076157915,0.02377413968511665,-0.006341284757041108
2017-04-24,0.003080667211453442,0.010567848979304352,0.007458699348124717
2017-04-25,0.0030174062443441203,0.010806364370346322,-0.007155819826955188
2017-04-26,-0.016381360024871325,-0.01147683036931412,-0.0004976362381870076
2017-04-27,0.011959914236774737,-0.0049187098230206675,-0.003338394602772876
2017-04-28,-0.006832257354782244,-0.01019725739945206,-0.01289409883120828
2017-05-02,0.003964057212237144,-0.017825655041975936,0.007341613716422478
2017-05-03,0.012601814675189801,-0.00032838925367635114,0.020488268532387863
2017-05-04,0.003579159247021183,-0.008907520269503866,-0.003085231911210973
2017-05-05,-0.006580555004287884,-0.022113923258506456,-0.004128505412480753
2017-05-08,0.014917698056869103,-0.005170505735267272,0.009414710486362502
2017-05-09,0.0012155485998459684,0.0067502848947855925,0.004302456051201287
2017-05-10,-0.0031741020142098944,0.021380650470730525,-0.00858062895427864
2017-05-11,0.0004767580543225214,0.0003310466622107783,0.007262040928265021
2017-05-12,0.02111850434986632,-0.006715892400916912,0.0047557466335363865
2017-05-15,-0.013258363125300895,-0.004713226145492937,0.0018832995039
2017-05-16,0.0036191065176939393,0.009035759891566622,0.02672109757341897
2017-05-17,-0.0023063224396399837,-0.0023621476990706436,0.010727915354837135
2017-05-18,0.009349523591314286,-0.019213782888129614,0.03239758054232582
2017-05-19,-0.003958957090403042,-0.006424328648108354,-0.011520247963309903
2017-05-22,0.0036469770545947554,0.004010599397779706,0.009606107409851227
2017-05-23,-0.0043257396442887164,-0.014146336223257259,-0.0038194800097068166
2017-05-24,-0.00261492748763244,-0.006030941164697911,0.014741894851394396
2017-05-25,0.029412367321435613,0.003653639431579032,0.025253331373158185
2017-05-26,0.012531745607928104,0.02640554970398699,-0.017817629266007856
2017-05-29,-0.01065209355206194,0.014550030273156486,-0.0020966403207684976
2017-05-30,0.011154126797206182,0.0018039581514310112,-0.008489595188308257
2017-05-31,-0.019410212833230644,-0.013814778695822634,-0.001765502547766463
2017-06-01,-0.0057994978943080155,-0.009329579276462925,0.002744992116154452
2017-06-02,-0.0020094295346301844,-0.002638523958181172,0.004415363234616768
2017-06-05,-0.011098547695548288,0.0034663385749911196,0.015110031425128729
2017-06-06,0.021258733619286305,-0.012527840171981353,0.034739670116962516
2017-06-07,-0.018602551228981818,0.01976080591529131,-0.03040949780832738
2017-06-08,-0.005058021473107803,-0.005466745183073178,-0.03646607456031033
2017-06-09,-0.008241300155181238,0.002999177474960531,-0.0058068015052665746
2017-06-12,0.01594846740011914,-0.012240515898985506,-0.007929239413749367
2017-06-13,-0.006296692935091465,-0.0038727362549815137,-0.014437102185128297
2017-06-14,0.0008348988170219743,0.03230252597899793,0.007578641444498253
2017-06-15,-0.006803815433885256,0.01929695654929241,-0.024174570131683042
2017-06-16,-0.01252427394119995,0.003498335548702695,-0.004780819349345138
2017-06-19,-0.011122514534407659,0.014617583055598689,0.013246871691127681
2017-06-20,0.01462607475906659,0.0021973357295907905,0.005454521694958904
2017-06-21,-0.00021198791748255948,0.0068093476719111486,-0.015954824867983816
2017-06-22,-0.0033979326561385946,0.007461544785670194,-0.0047696996375104885
2017-06-23,0.003291921842936308,0.0022311321788065935,-0.01393889972037238
2017-06-27,-0.01732385730055754,0.0009049774373291464,-0.008013561711264732
2017-06-28,-0.002538140960269327,-0.027261752122977743,0.003068467535764767
2017-06-29,0.00593025620640368,-0.004155924582968148,-0.007174459061749724
2017-06-30,0.0057349748502446085,-0.009160809907795922,0.01239474084284331
2017-07-03,0.017325395617018357,0.0007605802507140545,0.004750903687912718
2017-07-04,0.010710376409308529,0.029185089599010474,-0.002847832826824315
2017-07-05,-0.011761459121169422,0.014452531110278203,-0.0045946913783103055
2017-07-06,-0.004109811359320258,-6.931928465284474e-05,-0.0035930346613590597
2017-07-07,-0.012324847894292458,0.03313525349966348,-0.006667403692920682
2017-07-10,0.0228813914003328,0.0011394103109379921,0.043221395007766075
2017-07-11,0.01894074424882298,0.0010042850335254916,0.016637353672746397
2017-07-12,-0.003080558990050318,0.011146532748987149,-0.01479097205514349
2017-07-13,0.004822005855061217,0.007253097865906636,0.0028449521322313448
2017-07-14,-0.005130584339303677,0.007624756739500029,-0.020211883692025836
2017-07-17,0.01226946530279755,0.011667609268640832,-0.0008345678466414193
2017-07-18,0.0015738840098090746,-0.02073878309134649,0.005370761067671511
2017-07-19,-0.00585109405419215,0.00854944035145178,0.01698288019961713
2017-07-20,-0.010670598348048989,-0.002645460987299293,-0.002002329909135559
2017-07-21,0.01092570689812009,0.0360358847448129,0.018842106085450058
2017-07-24,0.010605737145201466,0.018905336126893914,0.015731422214920427
2017-07-25,0.003325945416272412,-0.008143266234460588,0.015993441920316643
2017-07-26,0.00020121736573737816,0.012775763709763813,-0.006045849717545471
2017-07-27,-0.023409546930885174,-0.017373904406378003,-0.029499727304186863
2017-07-28,0.02672380124511337,-0.00021948734116480532,0.0010471205145255135
2017-07-31,0.013791261876019346,0.012929938832592724,0.003014411156998709
2017-08-01,-0.005603088911981163,-0.007207686230275936,0.003945173287313888
2017-08-02,-0.012206865266539217,0.015837995005905624,-0.011195084211167298
2017-08-03,-0.009457172161819129,0.012746795344501637,0.006306372585346688
2017-08-04,-0.0002540973206404316,-0.01708346229756492,0.013307593263240235
2017-08-07,-0.015881481336751425,-0.003581909032700674,-0.007699615258085859
2017-08-08,-0.004554637551261126,-0.008574410232367505,-0.00015979227038877294
2017-08-09,0.005690062941616154,-0.0023427627189577353,0.003569260327067728
2017-08-10,0.012201525311401779,-0.009079119274813809,-0.0002189730174274278
2017-08-11,0.006551738817463409,-0.024341583855656893,-0.006150793230700336
2017-08-14,-0.006347937930224157,0.017183765241826066,-0.010734276206318207
2017-08-16,-0.006388491816795634,-0.004427957476135702,0.009250834349803625
2017-08-17,0.04574831441514681,0.0006383250567822005,-0.0026918457395345304
2017-08-18,-0.10049083884953613,0.005282430740053808,0.011261357746824546
2017-08-21,-0.055506412681211995,-0.007006844387864929,0.00594932941067081
2017-08-22,0.0022872837053342704,-0.0027844918693565187,-0.012434630559077254
2017-08-23,0.01968166687025141,0.014003602378730235,-0.003248448816074791
2017-08-24,0.021441858607181983,-0.008888665233681333,0.0028680036906946326
2017-08-28,0.031138689351151255,-0.000957059985003165,-0.003732021426667747
2017-08-29,-0.014504254912692189,-0.02220377143734896,-0.006635563812598204
2017-08-30,-0.0008629524293682227,0.020638600945496417,0.0055293356357865794
2017-08-31,-0.012706513269622983,0.019249628769916472,0.0047381084043050066
2017-09-01,0.005449901766406225,0.009736081400780453,-0.016112446778648308
2017-09-04,-0.021702359881270068,0.002016473716827216,-0.0001017780628442157
2017-09-05,0.0018866883128301143,0.011861073449535606,0.01139561572269994
2017-09-06,-0.007009764447062665,0.007809679717574483,-0.012617761147155085
2017-09-07,0.00016747146046331893,-0.6987542162151774,0.0028087047548785637
2017-09-08,-0.01286498460337379,-0.0014678901718289325,0.0042590365960060925
2017-09-11,-0.006352829079891795,0.0012233913931049068,-0.006558332559699094
2017-09-12,0.006070079622300863,0.007127006075788607,0.01375732312858353
2017-09-13,-0.0003394049133158539,0.03019210049463035,0.0003013470234651069
2017-09-14,0.009740245347594975,-0.006084432628853931,-0.0009043136373840742
2017-09-15,0.017605208542933883,-0.0024322973460231653,0.007650748314218312
2017-09-18,0.0009354280265012346,0.004444846859223403,-0.0027971487339007624
2017-09-19,0.0034589761887444622,-0.008253468459031353,-0.0003201728960975803
2017-09-20,0.000493164206274674,0.010143939867452934,-0.0018830888212103766
2017-09-21,-0.003457267814606608,-0.006870029981659572,0.012494060044118342
2017-09-22,-0.0124458834730642,-0.02887917349227872,-0.008471761914260252
2017-09-25,-0.003289384952392329,0.005064228767663094,0.0028518172229020414
2017-09-26,0.011714221392473528,-0.0017665158554743664,-0.014482541411994237
2017-09-27,-0.0067564082681702345,-0.02587762122770316,0.00818975732416493
2017-09-28,-0.004232103432141408,-0.016019515128010895,-0.007462646145112479
2017-09-29,0.00434323306497232,-0.007082047018022184,-0.01648925887292895
2017-10-03,0.004047802804270088,0.02209999711708104,0.005118347100575888
2017-10-04,-0.004381228759012299,0.025353819110166025,-0.002514953020111897
2017-10-05,0.003827702784511822,0.006451635281488595,-0.005213583516502877
2017-10-06,0.018758777361531025,0.015531253684428844,0.00699310719661012
2017-10-09,0.004067140445495827,-0.0076752790293060005,0.003040353308708296
2017-10-10,0.012423856254728166,0.01499565095461025,0.0020963301560099146
2017-10-11,-0.005090705739762764,-0.0036237304631469174,0.01657429666433938
2017-10-12,-0.0036598533854845503,0.038068698661194375,0.018956505490073862
2017-10-13,0.0030149694422411362,0.004230511683410383,0.004073006335654126
2017-10-16,0.009523371959841641,0.00039925852519519,0.010033138801075817
2017-10-17,-0.009093403125957447,-0.0027981630340824996,0.003919718474031745
2017-10-18,-0.006631288283850915,0.04489671467125188,-0.0030688191768982157
2017-10-19,0.002808838880146842,-0.005042764468275268,-0.0010443865179061624
2017-10-23,0.013448192174918602,0.032279179081642344,0.0015468505346619666
2017-10-24,-0.013933773128105516,-0.005869814078694076,-0.0036776844966714237
2017-10-25,0.009453287715090802,0.006029418260662479,-0.007200856290579204
2017-10-26,0.012801279637866014,0.00794790386339564,-0.00825697262848041
2017-10-27,-0.001056133593442988,-0.018698107673613303,0.017743455652556056
2017-10-30,-0.002380386746457345,0.013512636506127674,0.012268205019402114
2017-10-31,-0.023849572222071118,-0.0017521973315122454,0.0029769878098529516
2017-11-01,0.005624981027462434,0.012358877070790331,-0.008092872546211159
2017-11-02,-0.004486615272331283,-0.006265981589296211,0.00891189681035036
2017-11-03,0.004055045971788273,-0.0013742800408090916,-0.002306410362422324
2017-11-06,0.0022098265386435796,-0.013633185913367922,0.01719793032790172
2017-11-07,0.028449004898365063,-0.028057516865960162,0.01655666959444761
2017-11-08,-0.0033546524803274524,-0.02106514225207566,0.009164350968035638
2017-11-09,0.0023075319658019725,0.014203672216075904,0.0005117520307613545
2017-11-10,0.007878781201222906,-0.01866279963411859,-0.01015591403627413
2017-11-13,-0.01055391196333974,-0.009777805147117161,0.018362898694347467
2017-11-14,-0.002998345267239022,0.012997146551186228,-0.016205559681051588
2017-11-15,0.0028407615505635533,-0.003389067862002573,-0.0034318010027391366
2017-11-16,0.037732545427444995,0.022545778896904536,0.015169175394706982
2017-11-17,-0.017812500454826078,0.008866917518756302,-0.014430158991860224
2017-11-20,-0.01076893658517726,0.009766821601995233,-0.0014230931570485238
2017-11-21,0.0059165628271801935,0.012625612841841032,-0.01134600371721738
2017-11-22,5.17451036311432e-05,-0.0019320566306299306,0.002876571021209517
2017-11-23,0.025492427943794953,0.017308380433251957,0.00022380126541121068
2017-11-24,0.018293193047325264,0.004320116302261545,0.0025329199841893817
2017-11-27,-0.010755468915898656,0.0002628189980699761,-0.0008187722595897332
2017-11-28,-0.014167470826728031,-0.00844465882878771,-0.00020479785592365175
2017-11-29,-0.002033140885375214,0.0028051993942562977,-0.010162061455539335
2017-11-30,-0.006738845187461802,-0.026185534054246572,-0.007988484736176929
2017-12-01,-0.017882537620690194,-0.012502551414321572,-0.0026770727690397338
2017-12-04,0.02731440544636237,-0.009383520857743485,0.0009121487434784187
2017-12-05,-0.0010153831404953867,0.013331327279008482,0.0012149055196944481
2017-12-06,0.006026402661160656,0.014073642238744357,-0.0008540763683806052
2017-12-07,0.009547331452212923,0.005273933223043484,-0.006113664279574779
2017-12-08,0.0020483108602847326,-0.011389829211055977,-0.006035946469106111
2017-12-11,0.0034377135716196004,-0.00527992952912287,0.02265136939842242
2017-12-12,0.0051592534323012485,-0.0006005186477722877,-0.018565934122535276
2017-12-13,-0.0067022715827043215,-0.0010381096411044056,0.006201659017467466
2017-12-14,0.00927195079866026,0.007461298672570766,-0.02722778202449309
2017-12-15,0.009626793403329961,-0.0019008831249942826,-0.004781135415697319
2017-12-18,-0.00617800445015957,0.0013581422704231469,0.013616800005259498
2017-12-19,-0.012521506798041185,0.005360201252707721,-0.002017146422739743
2017-12-20,0.011783481228858673,-0.008459461542826067,0.005286355923147803
2017-12-21,0.00608471380236669,-0.005679661382446483,0.002603841653243669
2017-12-22,0.01678510349551376,0.008127243578468729,0.019476242481055728
2017-12-26,-0.00361454886411735,0.010161151095273564,0.0010195990460730683
2017-12-27,-0.0013044425358616266,-0.006528036994072744,-0.011215922181765127
2017-12-28,-0.0009673519496791573,0.0004870261737546168,0.0026873282989861914
2017-12-29,0.008480752415157836,-0.0034141748379398914,0.02787264131390366
2018-01-01,-0.008190448561754623,-0.012344487105956951,-0.020798236033103813
2018-01-02,-0.0037319805825397176,0.00153770143979484,-0.005457866792735879
2018-01-03,-0.00819117207865199,0.003997924216561847,0.0028274068381769603
2018-01-04,-0.005793702070759314,0.005994241696185103,0.006967879770622778
2018-01-05,-0.0033540526658830654,0.0032003498878613195,0.0120084491112346
2018-01-08,0.023486834355680754,0.00572417590638926,0.009327182875138881
2018-01-09,0.00510254308193359,0.013265773571800137,-0.001991371384925287
2018-01-10,0.010412780365654769,0.001486752251774818,0.035394223231940296
2018-01-11,0.022133842188462156,-0.004893366500640136,-0.005752995088547102
2018-01-12,0.0024602542292410656,0.011925409647931259,-0.005083675857652935
2018-01-15,0.002500464351520955,0.00015804862662293972,-0.010955392100015232
2018-01-16,0.03784480660464628,-0.02799178538194183,0.03743547213952904
2018-01-17,0.025716268019457544,0.001677988972570379,0.013275918879464913
2018-01-18,0.0005206525629590117,-0.005205520918527516,0.010073873540107829
2018-01-19,-0.008057008504574463,0.012533929618960089,0.01398576603435917
2018-01-22,0.005711934254903331,0.0422598092898826,0.05172573559242205
2018-01-23,0.023291844061139204,0.012022142494424033,-0.00463142472021902
2018-01-24,0.0073638658548324945,-0.0173373238804422,0.02313457540165689
2018-01-25,-0.008809137094717154,-0.00046577824622660396,-0.017012156489440496
2018-01-29,0.006360535373141129,-0.0014504768394664122,0.024621886548446614
2018-01-30,-0.010409900468189352,-0.01472688373740332,-0.014484564523048563
2018-01-31,-0.01757984004792389,0.01140358646338988,-0.012928737833528898
2018-02-01,-0.004924079060576129,-0.018319279857027585,0.008398772764050667
2018-02-02,-0.0011801474368373056,-0.042750801611218504,0.00478367156413981
2018-02-05,-0.004427016369141048,-0.002435650249216897,-0.016126675043002782
2018-02-06,-0.027117136089424676,-0.011202569434569628,-0.034738635537994354
2018-02-07,0.0011728619171993652,0.0025748684810968808,-0.014179630416940736
2018-02-08,0.022467846547274916,0.011284480066435485,0.0064595240837609525
2018-02-09,-0.02237768335183014,-0.007434565979363218,-0.000840915638446833
2018-02-12,-0.005741556042601529,0.019467347626658516,-0.0014817312022314846
2018-02-14,-0.004589769707814818,0.01963127155052366,-0.018881001774679267
2018-02-15,0.015098379210375094,0.0021398392587085946,0.004813590101824574
2018-02-16,0.012129468664558192,-0.015455758808911193,0.0024578004828448847
2018-02-19,0.003274628999307886,0.006167849450968747,-0.003227103617658367
2018-02-20,0.004584131093732411,-0.006384957571665202,0.00720819023265729
2018-02-21,0.009149274757970402,0.008916809060172037,0.03258988444716663
2018-02-22,0.01156783473226033,-0.005394629255907368,0.0025933539360229476
2018-02-23,-0.0044033916773329575,0.010653280567138712,0.00835786778373981
2018-02-26,-0.014863518705716708,0.0047518709773529625,-0.014441511729928982
2018-02-27,0.010136402762672502,0.01249222258553775,0.0035067248092100407
2018-02-28,0.019287665250460787,0.004251863312184292,-0.0024023442626280637
2018-03-01,-0.010157157630083567,-0.006463671049417811,0.0008727512801309357
2018-03-05,-0.004187086599809456,-0.025956063297255676,0.02218677981460937
2018-03-06,-0.003944094396593422,-0.014442061417156857,-0.020509285794070065
2018-03-07,-0.006316865196730214,-0.02343770508653585,-0.005057463108908498
2018-03-08,0.010909594240181312,0.02409621358862847,-0.007792591742767781
2018-03-09,0.005818856529581876,0.0018086656433638,0.009986750882903137
2018-03-12,0.019028733281029924,0.01866171115221835,0.005931420141853205
2018-03-13,-0.001645882501066486,0.0016647427521611015,-0.05569763809810794
2018-03-14,-0.0025374284104165983,-0.0030092988479104364,3.463983234668477e-05
2018-03-15,0.001438666519879932,-0.018741890899422645,-0.005975767357123961
2018-03-16,-0.009004478101531292,-0.012970350442627404,-0.015451373176459808
2018-03-19,-0.021694508787275336,-0.005068095835947045,0.0018738846150186171
2018-03-20,0.015402891808135104,-0.0063855031288251145,0.011885986645373577
2018-03-21,0.0025299642576359907,0.007947654752016045,-0.002831377730450062
2018-03-22,-0.0053246432913402605,0.012465190071495123,-0.008930985330918408
2018-03-23,0.005410292728247479,-0.015815651101645567,-0.004672988413308727
2018-03-26,-0.010633589229583826,0.008022327147184724,-0.00040815240622337737
2018-03-27,-0.0010826026823308717,-0.0014437228339197812,0.010839162028502304
2018-03-28,-0.019424882359621497,-0.019187124380884626,0.0005090532597180956
2018-04-02,0.004715846461999193,0.011545196241321583,0.02101209485324835
2018-04-03,0.0028977891721326055,0.007364050015119617,0.0005497431807094797
2018-04-04,-0.014351249774580688,-0.005182658093815931,-0.0001202304991872117
2018-04-05,0.020557563402199965,0.014752638475038224,0.016034149115469562
2018-04-06,-0.018069999930398453,0.003078278596107489,-0.002589600736290595
2018-04-09,-0.014073727211661965,0.005473467414171907,-0.008988518520099497
2018-04-10,0.0019328889212931592,0.0011456317229112756,0.004674579867728377
2018-04-11,0.009697749901409265,0.014936150820864467,0.02572494527239372
2018-04-12,0.033542729616433245,-0.002312388435943289,0.04066605117050823
2018-04-13,0.007583421445398783,0.010869963256857513,0.00446560562834519
2018-04-16,-0.03319680875628747,-0.0019190794311316865,0.010834444685560805
2018-04-17,-0.007084691340659668,0.007654318984877603,-0.006625511115645501
2018-04-18,0.0006663261246468114,-0.006641012586341567,-0.0023712801790649472
2018-04-19,0.006109457643114315,0.004573746206485922,0.010094176492942477
2018-04-20,0.039463434278933784,-0.015399726853576936,0.06411440695928698
2018-04-23,0.007818648117797769,0.008691508118458391,0.00182055812202336
2018-04-24,-0.028351313985644642,0.03573214008311942,-0.006770406916646346
2018-04-25,0.005054333934217421,0.0004637860483535484,0.024680725909343372
2018-04-26,0.013779745598017593,0.004984978331876621,0.019688202819387927
2018-04-27,0.007410107372624943,0.02125203610986889,-0.02497555153308193
2018-04-30,0.011993266580339024,-0.03368352728723266,0.02295330615231408
2018-05-02,-0.002044606499761385,0.009710820111816855,-0.00920105753890417
2018-05-03,-0.012187073009716111,-0.011477146094451518,-0.0051277756451214825
2018-05-04,-0.008023306258597172,-0.007987304607623421,-0.00031597392041822833
2018-05-07,0.00840376746671213,0.017715209118005025,-0.017329497528070233
2018-05-08,-0.01486050637985553,-0.004024565568407314,0.005901957485868348
2018-05-09,0.0044087818870955035,0.009877639730513895,0.0138808952659098
2018-05-10,-0.002308976097454432,0.0045458106219000444,-0.010964658768738676
2018-05-11,0.01085694538805404,0.008221727190202352,0.001650213165085362
2018-05-14,0.007215068956973066,-0.0026823914658957405,-0.006791986054865614
2018-05-15,0.004404646674829703,-0.0077841200963558,0.014126999883503867
2018-05-16,-0.003858255991907601,-0.023565764194298865,0.0032968795540675765
2018-05-17,-0.005942238864430458,-0.011359575215045374,-0.0006012282414813188
2018-05-18,0.0002535818448987271,-0.012239403534321814,0.0029311487488824094
2018-05-21,-0.0031320125488604115,-0.0026806792806045006,0.015498695231719952
2018-05-22,0.012092759072238309,-0.004951304448169874,-0.013544608501761585
2018-05-23,-0.00752499609727356,-0.01576976671428461,-0.003940610467637932
2018-05-24,0.03001181228801028,0.003938520489668912,0.030599107858133155
2018-05-25,0.005960904434344004,0.005390261601446843,-0.004979494258683106
2018-05-28,-0.011380971903683135,-0.0004344992464619981,-0.023633089861770543
2018-05-29,0.0018921481520379623,-0.0032102756302480988,0.006106302467520803
2018-05-30,-0.004117943555926467,-0.0014725535097996918,-0.002671366826765734
2018-05-31,0.016452182015465847,0.005714456759706987,-0.7022950674575701
2018-06-01,-0.008970132722750374,0.009935823409102647,-0.004951787864001656
2018-06-04,0.015121009997814659,0.011007912800680825,0.006788072200606336
2018-06-05,-0.015080054086847159,0.007201513781655513,-0.013070572851880678
2018-06-06,0.013505473145015994,0.007097635011397135,0.0024076476161196216
2018-06-07,0.012048822416332256,0.017603985701083284,0.00566262744442143
2018-06-08,0.0060497696953664476,0.013294668381306503,0.006632904452392256
2018-06-11,0.0018632683937349036,-0.0017285210201011705,0.0014870741701752568
2018-06-12,-0.0030941355162392705,0.01464820615323549,0.017730659639087532
2018-06-13,0.012868767967810741,0.00535094918149358,0.023911710403207085
2018-06-14,-0.027919888699080103,0.005421685045708502,-0.020240747487944025
2018-06-15,0.03296674904261713,0.0061815591344860955,0.02894677794194588
2018-06-18,-0.010868605997301588,0.0013302132765758395,-0.006023375756004941
2018-06-19,-0.020566687460462398,-0.019388159509701748,-0.002463392514363382
2018-06-20,0.0012476105854128746,0.023024884571569953,-0.0011242272122808802
2018-06-21,0.0027312544592487443,0.012383153556021756,-0.0017024552412222543
2018-06-22,0.0010423349243906094,-0.01902769627469036,-0.005262952505966338
2018-06-25,0.019522105523847127,-0.007982391972535762,0.005207986310162891
2018-06-26,0.004234802235105684,-0.025714838304876364,0.017841807978928762
2018-06-27,-0.006162077704322178,-0.013472026050979854,0.0032345041676590976
2018-06-28,0.015315192299726808,-0.02187652661125572,-0.008268753032968585
2018-06-29,0.013555352353374664,0.028686644248067973,0.0027367953241809796
2018-07-02,0.02081910237436733,-0.012260571058390393,0.0019464200138222768
2018-07-03,0.014171971835094435,0.011077291177560764,0.012186761660098305
2018-07-04,-0.006335818449085783,0.019170567720184058,-0.004224379310307008
2018-07-05,-0.046562495616208135,-0.026196115782685193,0.007553853532819206
2018-07-06,0.00019468509747074631,0.01343960910071536,0.01721521457958975
2018-07-09,0.011304367214542551,0.019801624388248253,-0.015780303483866092
2018-07-10,0.0019613504989639424,0.028279519478618082,-0.004204258341479556
2018-07-11,0.01453197951414108,0.012690894475227919,0.0543843470469801
2018-07-12,-0.019963948952598704,0.041068402357270925,-0.004327751139368463
2018-07-13,0.01765145858416654,0.0159937419278499,0.004933658756996504
2018-07-16,0.011659409508317734,-0.021692027018394986,0.004080301860302537
2018-07-17,-0.003720759718628482,0.014895020716782328,0.006489055302764295
2018-07-18,-0.00403705579513615,0.0001830747407741268,-0.0009494304131144278
2018-07-19,-0.004433084838847705,0.0111951656182381,-0.00946850719130337
2018-07-20,0.023567587334720322,0.021312649098473076,0.0076420683633949445
2018-07-23,0.00580612196714893,-0.007425721664909222,0.004522463826459439
2018-07-24,0.015513830593651624,-0.00838100143823046,-0.0033211422283841515
2018-07-25,0.004781058765027764,0.003773419867519942,-0.008792921869910353
2018-07-26,-0.007617011800116869,-0.004043495490335407,-0.008514571738372128
2018-07-27,0.00014562930087271266,0.017139451028742717,-0.010720464964573302
2018-07-30,-0.01648076356340365,0.018893712709334994,0.0004372034480124768
2018-07-31,0.010382627048733049,0.029607707315961407,-0.002265239848373429
2018-08-01,-0.00812758459665838,0.005339849129560576,0.018536543209557086
2018-08-02,-0.00029545370824657515,-0.020333652653164155,-0.014319080804352602
2018-08-03,0.007690222795047395,0.007333849440268888,0.01581050539102258
2018-08-06,-0.002532343770011623,0.013209451214669404,-0.001972187744169686
2018-08-07,0.005350742077873797,-0.007068356591329626,-0.004159381075843426
2018-08-08,-0.003808551862546373,0.027896392415285978,0.003374481490029648
2018-08-09,0.012542549666411577,0.00020528401114940282,0.00017728924787155855
2018-08-10,0.0039777299861879865,-0.011353671493763656,0.009451985327393447
2018-08-13,0.016677789756996304,-0.013796782250152885,0.00353096216103118
2018-08-14,-0.00031948314998150504,0.019097440677392153,0.0016984293615009075
2018-08-16,0.014976406211449425,-0.008128103138334624,0.0024675677081128686
2018-08-17,0.0005594601355755865,0.002453682793083214,0.0021137713807531746
2018-08-20,-0.03276069284795311,0.02554831101144154,-0.0013921000582626459
2018-08-21,-0.00021674734569358939,0.009911043619789927,0.0038236217008728157
2018-08-23,0.009671637760967343,0.017682697040657988,0.008611489895802397
2018-08-24,-0.01376251141795721,0.006321307293634772,0.0038743580991193126
2018-08-27,0.0265613209412912,0.010899290458035638,0.003859405362065127
2018-08-28,0.00654908858150156,0.02106954018141939,0.00888333794967273
2018-08-29,-0.010300641380001502,-0.018981130094148823,0.0013522652500137541
2018-08-30,0.004316604374489187,-0.015378030647562378,0.005006750300981954
2018-08-31,0.017429482626642276,-0.026073572738931877,-0.0019227077640205606
2018-09-03,-0.004764646362335383,-0.010118266670668195,-0.012344939289773376
2018-09-04,-0.6656059441861517,0.010359851468106638,0.02215997032500865
2018-09-05,-0.009883860838242081,-0.012110559323198426,-0.00940614620277353
2018-09-06,-0.003774754833867441,0.027650049518639405,-0.0019015302211821512
2018-09-07,0.007740029736201285,0.013543514103075485,0.0021900541826941977
2018-09-10,-0.0026645730246186946,-0.01795309518801717,0.0004326299158956115
2018-09-11,0.004709424122262885,-0.014557815598632496,-0.016719555940859842
2018-09-12,0.011643781700195836,0.011886735413043293,-0.0011246395004755926
2018-09-14,-0.01246122043781189,0.0005188274616013674,0.010439702052434493
2018-09-17,-0.010619083790251824,-0.021985113319672678,0.004227518948485664
2018-09-18,-0.009480711821248395,-0.007163207805519341,-0.001640570707415766
2018-09-19,0.0009034993838367613,-0.005272058012090749,0.0034469078274610393
2018-09-21,-0.020280685278151744,0.005559573673406342,0.012078452529415938
2018-09-24,0.01819445364526558,0.011879872728779552,0.04431634574782589
2018-09-25,0.011007761120836523,-0.0011775933791344662,-0.0069608761889476
2018-09-26,-0.011564825406532525,0.016761069257873226,-0.01898169282707677
2018-09-27,0.009635121155066546,0.0018761357118821397,0.021566294167520535
2018-09-28,0.007217270218803444,0.0033443515663811843,-0.0023556059422505937
2018-10-01,0.022483509555704755,-0.021088082895087932,0.03237315984411694
2018-10-03,-0.024608908868018076,-0.021832777914092473,-0.04196704921567324
2018-10-04,-0.029674114311825827,-0.07122695237130457,-0.04639342701636144
2018-10-05,0.02430626713754309,-0.06764127281724298,0.018165084536388112
2018-10-08,-0.014106762545997789,0.056125002776335815,-0.012009139112115612
2018-10-09,0.004608303086194181,-0.017595761890379716,0.006835624491491233
2018-10-10,-0.024398333359050377,0.010993883966741651,-0.02331198086352501
2018-10-11,-0.039457731746072096,-0.013060142708635836,-0.031641366612164795
2018-10-12,0.008061279464020233,0.03500255716253433,-0.03163221470218591
2018-10-15,0.02903804489983028,0.01164907494215605,0.016133552280359915
2018-10-16,-0.005093085145827247,0.020881573129018654,0.006544325212624814
2018-10-17,0.014422640406437042,-0.010798774542950775,-0.01690818089882347
2018-10-19,-0.03139432714251015,-0.04440043850872041,-0.008431840930311364
2018-10-22,-0.0052805403230331525,-0.03572551186619819,-0.005345644509992382
2018-10-23,-0.03342242231299785,-0.007509422022131571,-0.03168428596704998
2018-10-24,-0.011932220506970315,-0.008522034960260726,0.00262719704758713
2018-10-25,-0.001617188754901463,-0.014399131544097818,0.0024314479086730697
2018-10-26,-0.023629593979882225,0.013585987261855299,-0.02951940744278611
2018-10-29,0.017444804261238116,0.04023612094879505,0.039186507431515964
2018-10-30,0.022770945923989643,-0.028722601118622716,0.012640244775507072
2018-10-31,0.03982695748830855,0.004012751755319545,0.02262061778674243
2018-11-01,-0.029120378549738053,-0.004722558954173503,-0.0012390615695060988
2018-11-02,-0.006697041471835364,0.017502734307634396,-0.01158695287051137
2018-11-05,0.0056465423882100406,0.014225253733318096,-0.011881431993574245
2018-11-06,0.0006754475096381948,0.012577635732755143,0.021891525588674767
2018-11-07,0.013488039350226286,0.005959923727983133,0.004877617835801498
2018-11-09,-0.023971185242884215,-0.015652611838742187,-0.017111300695482043
2018-11-12,0.007101336785277061,-0.01237679421606681,0.002954984433406686
2018-11-13,0.0022558096640117255,0.017849013626514313,0.010442195771599263
2018-11-14,-0.018955757510347924,-0.0013652500527792082,-0.02846402458782032
2018-11-15,0.004886998119625673,-0.0010023693203041035,-0.0041561269363000605
2018-11-16,-0.008491158303466407,0.027471661275778325,0.007314932403125915
2018-11-19,0.0013051324258653413,0.01984784570982102,0.00836626196579555
2018-11-20,-0.015931046079280215,-0.011016986484596323,-0.012802036932278354
2018-11-21,-0.035386476733868,-0.02177573489331991,-0.035909284646345324
2018-11-22,0.0026616138630893957,-0.009071482720782648,0.0003034859523093673
2018-11-26,0.0011270328032445172,0.006237026455547698,0.018340612221289774
2018-11-27,0.027692490416776926,0.016488677591731032,0.023633789661855618
2018-11-28,0.04214214324433538,0.02144019693972929,0.048355508910347116
2018-11-29,-0.008060610896527244,0.01365723573330761,-0.011839558243517683
2018-11-30,0.009635001145635763,-0.000813338800428396,0.003919776959367822
2018-12-03,0.004335482945828682,-0.009552568336976113,0.007163408810301421
2018-12-04,0.021983771135324844,-0.0035950228215393927,0.014249286359479625
2018-12-05,-0.0056342299560290495,0.0024702606334000435,-0.0020410202226714327
2018-12-06,-0.019113108684868266,-0.027647890591367172,-0.00702599497314771
2018-12-07,0.021165594378287578,0.00899250782820169,0.0012537928872335777
2018-12-10,-0.020119021807616495,-0.03916779516732741,-0.009770916315398403
2018-12-11,0.007888706535141708,0.006673395275272887,0.012173800931708863
2018-12-12,0.005912803627113322,0.011729941336333522,0.008364916331627672
2018-12-13,0.027976393141507655,-0.003111544527511072,-0.017102982274913036
2018-12-14,0.011825184098829336,0.004641215946492502,0.0035998880871617326
2018-12-17,-0.016637893169120482,0.01578909746173709,0.002284108873217199
2018-12-18,-0.025967906999532248,0.005736237764832346,-0.0032394589056537475
2018-12-19,-0.017518805043893207,0.00035192680285790637,-0.009807221643116724
2018-12-20,0.0033035543221001493,-0.007372288108550537,-0.007342289198722694
2018-12-21,-0.03175595223441717,-0.025353028232982553,-0.030263228792741508
2018-12-24,0.0043236633136920725,-0.01009440594699226,0.011902717668065969
2018-12-26,-0.007656353861993149,0.008411478165829196,-0.015390171665045
2018-12-27,0.01960319529612153,0.019698187115537197,0.010399893637360949
2018-12-28,0.0002283539496128923,0.004764564284440359,-0.006780577884055945
2018-12-31,0.0030397470020672094,-0.003827670687166476,-0.0015834898138660923
2019-01-01,0.00921456670940685,-0.00022299030084593365,0.00513720059672541
2019-01-02,0.005996569951692548,-0.013109642721611397,0.010715975103194959
2019-01-03,0.00014945449138562125,-0.012414046607124665,-0.012214890642529556
2019-01-04,-0.012178770286277838,0.005384698599851938,-0.012232730383229215
2019-01-07,0.01598233231671332,0.00553691166757346,0.011153172107311628
2019-01-08,-0.002459475806581592,-9.052231381209305e-05,-0.0022946376234389133
2019-01-09,0.00898865763039499,0.005506920118980548,-0.003491605187259546
2019-01-10,0.005310530255960371,-0.0029302398967271516,0.0008475699090363278
2019-01-11,0.0055751318114116225,-0.008569343545988695,-0.024658857103860718
2019-01-14,0.026564287572371417,-0.0011390301251973734,-0.016029666493829437
2019-01-15,0.0345851760507258,0.029511000967365936,0.029640452432095718
2019-01-16,0.013940365153995365,0.005517438021905416,0.0012573738597950598
2019-01-17,-0.004693407248332699,-0.0012773362672277243,0.012830735598820614
2019-01-18,-0.003278019735139351,0.043046148898442535,0.003346555778793898
2019-01-21,0.019039160421934532,0.04406071767738584,0.004226449122819589
2019-01-22,0.000469688336879873,-0.0020623983693842498,-0.0035689955482312787
2019-01-23,-0.018551649178003837,-0.007190914408612088,-0.013924778272184243
2019-01-24,0.0004782564228761642,0.017099961894141667,0.013740734837414227
2019-01-25,-0.0022566426644919286,-0.0011630473147236182,0.010072422854198125
2019-01-28,-0.0032915067774846977,-0.013290171580249135,0.017648427512422616
2019-01-29,-6.86883951227733e-05,-0.01549084332865818,0.014094576543962949
2019-01-30,-0.0027514118334173,-0.012425617512956788,-0.0006811044244991381
2019-01-31,0.03206076216752873,0.02596261970228265,0.016368779939905712
2019-02-01,0.009956274996057269,0.018409142868508553,0.007838716711788886
2019-02-04,-0.0015202091562500474,0.03223609901633811,0.009950574725896206
2019-02-05,-0.0013900382843859015,0.0005033979466987391,-0.0027840205536854563
2019-02-06,0.011132084790679462,0.014374911222912984,0.014687047114410028
2019-02-07,0.0009166503620959555,-0.015265710871276466,0.003896389950092291
2019-02-08,-0.004065845984043428,-0.009890661213721693,-0.010375789824645069
2019-02-11,0.0024939305437869544,-0.019321409453664753,0.0021806031948907417
2019-02-12,-0.016322847123940165,0.002510311520878806,-0.006945990282469758
2019-02-13,0.005912263543255431,-0.008352197533174238,0.006703935722190355
2019-02-14,-0.019867538662381473,-0.017610721714347858,-0.010121740914390043
2019-02-15,0.002564103968937855,0.016406095805746493,-0.0073141724593327575
2019-02-18,-0.001213756049211578,-0.01976084264142754,-0.029702183461658822
2019-02-19,-0.02286242820164361,-0.003283805594334636,-0.033808799229269035
2019-02-20,0.022390013817963333,0.014895498732877821,0.005210049617049953
2019-02-21,-0.00983625608547174,0.010115955282708977,-0.00028728502789677313
2019-02-22,0.002043040754224776,-0.011737555346165838,0.005963792302643484
2019-02-25,0.026782820457582384,-4.057371229738864e-05,0.030430904952447872
2019-02-26,-0.016562419468724485,-0.009826586176820588,0.026617871786195815
2019-02-27,-0.009812293242750264,0.002659848115469467,0.009470877275321135
2019-02-28,-0.0012929129765396803,0.006151859861103879,-0.03694547440747289
2019-03-01,0.010296798737915456,-0.004069844045021272,0.006006778808465221
2019-03-05,-0.012751122304257838,0.009416800519652994,-0.0036651227171160356
2019-03-06,0.0,0.02169958667680029,0.005767751777124532
2019-03-07,-0.013123277417087013,0.0042997245785790904,0.006828006292888113
2019-03-08,-0.014770699810894794,-0.0024829066689787734,0.004658085726746589
2019-03-11,-0.0015453782226999215,0.02878232285799345,-0.003913317687554503
2019-03-12,-0.006064043402691028,0.020680317344602756,-0.0011670496079090019
2019-03-13,0.0021195429723862348,0.011909124754343347,-0.005955735966296696
2019-03-14,-0.0001411631848758589,-0.004276927879924599,-0.006569897500026681
2019-03-15,0.014296970694895795,-0.01494470590102885,0.026098045936707254
2019-03-18,-0.0116886720112682,0.02126067280280951,-0.008442607528142455
2019-03-19,0.01682471883735702,0.0194387401494739,0.0
2019-03-20,0.022858920314237197,-0.0007994186472248489,-0.0038386812371226362
2019-03-22,0.005600365502841885,-0.0248062182289688,-0.004675811239921079
2019-03-25,-0.010620047729319187,-0.012977453151741827,-0.010727188757799355
2019-03-26,-0.010252994808371777,0.03180414432168564,-0.0008066752813346853
2019-03-27,0.0026759081458419143,-0.013252540728129989,-0.007467349376606192
2019-03-28,0.011039294391000813,0.00793581723134549,0.01633018498016306
2019-03-29,0.00816661644067734,0.0023868550760733046,0.0006746711234312709
2019-04-01,0.015010789206127204,0.020762242661127004,0.014876430351528216
2019-04-02,0.005678456988321935,-0.0015459009747616742,0.02318302782388211
2019-04-03,-0.008065092966053013,-0.010488721423896811,0.0
2019-04-04,-0.007194275634027085,-0.01623787166566387,-0.031660272960646815
2019-04-05,0.01512767702156614,0.0006280130980895316,0.016639155175208184
2019-04-08,0.010415737280657639,-0.018374443116617352,0.010900679671763424
2019-04-09,-0.008705098005686234,0.0039043485420314247,0.009970651403879604
2019-04-10,-0.01044085345367291,-0.0022882017598760004,-0.02480916253290086
2019-04-11,-0.013374547365235592,0.011500388120316113,-0.01022239334588469
2019-04-12,0.006776502834806529,-0.002751033371889871,-0.0024789303720656117
2019-04-15,-0.027454698464409826,-0.0021988269364126268,0.047879681136704634
2019-04-16,-0.004684494650872421,0.002682664897356127,0.008715986486929934
2019-04-18,-0.009783931219553893,0.0309216121870809,0.008524404410213226
2019-04-22,0.005562909832858064,-0.02973162283093206,0.0052881950906850834
2019-04-23,0.009867252733253756,0.013657380449580864,-0.002965367631097032
2019-04-24,0.011265609194219086,0.018632387500855815,0.013092269523248979
2019-04-25,-0.010785087475688607,-0.01238293819826366,0.005275851861185
2019-04-26,0.012887567140609058,0.014755077469684434,0.019646288308267996
2019-04-30,0.01792776387126298,0.0,0.009691333714733404
2019-05-02,-0.027731763967883974,0.008756779869269874,-0.02008669444944051
2019-05-03,-0.009901070982711457,0.002700879427132241,-0.03837246779709734
2019-05-06,-0.0072122365331503,-0.01714583390170941,0.01205184931204734
2019-05-07,0.008524255503943267,-0.030349785793126187,-0.0027379477867692354
2019-05-08,-0.007202746008891015,-0.033337051051286856,0.0004181378986773582
2019-05-09,0.0023604565250371595,-0.0336508138883824,0.009109047124740253
2019-05-10,-0.005841869315802368,-0.004227155760146053,-0.017060309096985974
2019-05-13,0.003967844821481782,-0.015383679670206176,-0.0033063307605468383
2019-05-14,-0.008161602278529492,0.022789351356812614,-0.01724711677054413
2019-05-15,0.0031469657776650064,-0.0028204281115451284,0.0014566297125107608
2019-05-16,0.0234622962166469,0.006700391803917164,0.006350888941313436
2019-05-17,-0.012628856930445175,0.0016187941547076206,-0.006327027433503766
2019-05-20,-0.0020742591963200433,0.04512391623125642,0.022881594596559647
2019-05-21,-0.018300433894734583,0.010428874953493964,-0.016080464985157944
2019-05-22,0.0006342271450396294,0.00044772778898819154,-0.013360570922147184
2019-05-23,-0.01233358418594002,-0.004861094716156966,-0.013395432177843138
2019-05-24,0.01155836303291229,0.0022091181875626333,-0.002949746778687079
2019-05-27,-0.0015522475423246206,-0.019792902991439217,0.0034851308078289954
2019-05-28,0.02785307474293714,0.009945420572494573,0.009009724537426956
2019-05-29,-0.0004121162226059937,-0.008115942606722638,0.016167572882336032
2019-05-30,0.007869476407593506,0.012638279313533302,0.018219294000628865
2019-05-31,0.005709252237395877,0.0003007631888532555,0.023142518256497106
2019-06-03,0.009309295508827788,0.02234002993025804,0.020614177135368655
2019-06-04,-0.012635730129700054,-0.0063056793923822,-0.02675623975833471
2019-06-06,0.0004079135279895376,-0.018141594967687313,-0.007817569474218005
2019-06-07,0.0047467370606749364,-0.009423856288595567,0.007198991496488216
2019-06-10,0.01929578827570912,0.003226972675584534,0.022546698025903814
2019-06-11,0.0018562720790288845,0.007552050392963279,0.009499881894398638
2019-06-12,-0.0014582093125441872,0.0022545382112017726,0.0035890771185473555
2019-06-13,-0.0149022103574933,-0.0036850459088420304,-0.0030121838943560973
2019-06-14,-0.0029667609920293364,-0.007335181104235075,0.000177438673224314
2019-06-17,0.00013504388946922316,-0.02711861089447565,-0.0023536214430923325
2019-06-18,0.012880033160040882,-0.001014317568335881,0.0007333252181389112
2019-06-19,0.002330149850958832,-0.0028534035425160226,0.00401264186357323
2019-06-20,0.003981953761598004,0.015073514877291284,0.007955351188345458
2019-06-21,-0.006245452497792084,-0.013391757631666121,-0.012412368378625969
2019-06-24,-0.006284703442993917,-0.013454705508233578,0.011336261147218462
2019-06-25,0.003481524673566161,0.026152179381393005,-0.00338960991895712
2019-06-26,-0.011968138550884832,-0.0013127415012606776,-0.006015055729761368
2019-06-27,-0.011770845209381058,-0.015574819366919212,-0.0007322350135786215
2019-06-28,0.0019828388432181366,-0.016658808433583593,-0.01131771665429912
2019-07-01,-0.000956741684406113,0.012490497246893826,0.005529761670169419
2019-07-02,0.011826413921309918,0.007576537313108108,0.005588161436796526
2019-07-03,-0.011826413921309977,0.0031627679085109816,-0.0064369062389310104
2019-07-04,0.003412739644276125,0.001129921610154201,0.002231994319911279
2019-07-05,-0.02176694287295739,-0.016213282316428757,-0.03611582435859068
2019-07-08,-0.0005572583036378338,-0.008984714968622357,0.005670177690294177
2019-07-09,-0.002930711748080845,0.02215599189720864,-0.01951904151061389
2019-07-10,0.002442855864968632,-0.0009769632852714555,-0.011859011328047305
2019-07-11,0.005907923352451434,0.0021090462434127746,-0.002683609043912249
2019-07-12,0.00725016122505977,-0.0008196561806253675,0.0023989655579541745
2019-07-15,0.0698776994960747,-0.0034420748996493995,0.01791598011590459
2019-07-16,0.007032377786155871,0.013156548031926977,-0.018675425757114516
2019-07-17,0.011779743559948087,-0.008660752817010961,0.005327663107787569
2019-07-18,-0.0018275204380537712,-0.015725448872014564,-0.024527907770258105
2019-07-19,-0.009251697699201025,-0.010235666957254232,0.005310302372423406
2019-07-22,-0.0012740478217180486,0.02490739551400229,0.015740081578208467
2019-07-23,0.007177140275316766,-0.005442350114077876,0.0012078583300866056
2019-07-24,-0.0047578356000377384,-0.011411096517847217,-0.007436038302972294
2019-07-25,0.01037458697930045,-0.02216424144706215,0.014723204866954203
2019-07-26,-0.009484737559367422,-0.014477004158837868,-0.00889796875995959
2019-07-29,0.00563845771434419,-0.0023507588926205162,0.00988437058727951
2019-07-30,0.001578133711362885,-0.02512831590189826,0.022812912788793997
2019-07-31,0.001197718175140254,-0.012483386445682393,0.012110026326277322
2019-08-01,-0.03174666605654853,0.011932807264842629,-0.011697106518611857
2019-08-02,0.008741031406794813,0.00346782044219472,0.0115157417482215
2019-08-05,0.0014172520571049563,-0.03523155122348695,0.01944424626750752
2019-08-06,-0.002901075431833875,-0.013250474500703423,-0.01510054458242957
2019-08-07,0.0021282778663253505,-0.016892746523266063,-0.0006548714766540397
2019-08-08,0.016168035995329684,0.037984006935365355,0.019971367452020376
2019-08-09,0.001393640159683316,0.008425377672328526,-0.005261592610827144
2019-08-13,-0.03229407098409342,0.09252136770643726,-0.02105483000657101
2019-08-14,0.013055948501827874,0.010534627273068461,0.0022480339178825703
2019-08-16,-0.0003227159804688638,-0.007988352270853526,-0.017988813262743073
2019-08-19,0.003994335938197227,0.011359337891314977,-0.0009704027932784053
2019-08-20,0.019231361927887592,-0.012964694644788204,0.010920276346905554
2019-08-21,0.008416077812972617,-0.003926346871424037,-0.00025154644022929546
2019-08-22,-0.00470176084794021,-0.01922448688635085,0.013538892007439317
2019-08-23,0.008135722952463271,0.02307245770945505,0.014203702283607107
2019-08-26,0.0004362050232741978,-0.007118587471202244,0.012643846602561593
2019-08-27,-0.022556399874496962,0.006334488948260077,-0.01763917388044023
2019-08-28,0.02249409651944122,-0.009101179776753161,0.0012288444824018895
2019-08-29,0.0055298534776606605,-0.017205669848531842,-0.002593513202785748
2019-08-30,0.00980369784434268,0.005461202988135099,0.011640331298588012
2019-09-03,-0.0007979621698312395,-0.03434215972190334,-0.0035467318612354783
2019-09-04,0.008621006589803776,-0.004361287052487533,-0.002757395565192292
2019-09-05,0.015404901853917897,-0.0021252221771193604,-0.013495844536049266
2019-09-06,0.007287094723886502,0.01974373332494238,-0.008067483929297722
2019-09-09,-0.013239672201777974,-0.0002454288882119316,-0.006688988150796652
2019-09-11,-0.010914491079807537,0.009932508588135913,-0.013304783692201515
2019-09-12,-0.004521853106675884,-0.019675448086326004,-0.009515884848529372
2019-09-13,0.015677540521468282,0.012520946023701487,0.003905935197043698
2019-09-16,-0.0019312015658078147,-0.012190517702988266,0.0037512130568602953
2019-09-17,0.0042798220787136606,-0.011045706523420863,-0.012802534055218327
2019-09-18,-0.0016856304033360467,0.006866015363347525,0.007462721201589594
2019-09-19,-0.011087326931061809,-0.022351281664088098,-0.017262543983743432
2019-09-20,-0.01931535721710261,0.061908480648670106,-0.017517364954266156
2019-09-23,-0.051816477971520225,-0.012151500005188155,-0.02433198140929263
2019-09-24,0.03812063210961228,0.031377926714463794,0.014234940528231073
2019-09-25,-0.001764669267418809,0.0006645167839568268,0.0211710845743954
2019-09-26,-0.012823944152725461,0.013391237820387016,-0.000407083254145995
2019-09-27,-0.0004473558150975593,0.009401991855963698,-0.015179778657005778
2019-09-30,0.029538942698164303,0.01756755889946176,0.020768653698024473
2019-10-01,-0.015132855066010493,-0.020742832708690408,-0.01892224516587631
2019-10-03,-0.010068792913311324,0.004701933393556186,0.00014562399909245221
2019-10-04,0.009942768968595245,-0.0022526401675762053,0.009228010213570843
2019-10-07,-0.004927363096199289,0.0015277674654436129,-0.015338132802549215
2019-10-09,-0.007500670812574963,0.011120292213246468,-0.013570196934098706
2019-10-10,-0.0007659411876343307,0.028280954571518815,-0.007777306225236133
2019-10-11,0.03974613344020782,-0.0074760508035507725,-0.00881923888240998
2019-10-14,-0.03585867355293982,0.003984362977801914,0.017041968390851453
2019-10-15,-0.022903728926121674,0.004518494912921412,0.008032963384234378
2019-10-16,0.004091579015445819,0.005993074762090954,0.004456750036722999
2019-10-17,-0.002530907610101013,0.01744450759157764,-0.007578487961805842
2019-10-18,-0.0021465517072319627,0.014114033466934111,0.012915083021105259
2019-10-22,-0.17659467747631524,-0.0015544959851736464,-0.002896260010567123
2019-10-23,0.010895289943864501,-0.01549976692970798,0.009074428397997152
2019-10-24,-0.02371898588870776,0.031145915054151693,0.00573205490360623
2019-10-25,0.0032998144335880017,-0.003661538796926251,0.020419302495017173
2019-10-27,0.01772572259910815,0.0021288112874710274,-0.004362545680659799
2019-10-29,0.002770298039526734,0.022611517243100912,0.03672798005507133
2019-10-30,0.015176649733922956,0.008180212952242924,0.026060179919380273
2019-10-31,0.03714585432688069,-0.010022336690742826,0.0074517476019660585
2019-11-01,0.003349111248398328,-0.005100567326631108,-0.03075926696506313
2019-11-04,0.030212048000158982,0.0005146592211865803,-0.0031627954508403684
2019-11-05,-0.018362198357506705,-0.007125798237577919,0.003594343921565767
2019-11-06,0.023005842809687295,-0.008604591289197838,-0.006081538440401843
2019-11-07,0.010890920270513053,0.01638191119577166,-0.0014403788628355322
2019-11-08,-0.01673415559441577,-0.009021789093731853,-0.025677493518570352
2019-11-11,-0.005309559038354312,-0.012320484388040624,-0.013708881879062643
2019-11-13,-0.018700168787424074,0.030691005803002762,0.03629284527786361
2019-11-14,0.01997703637950645,-0.006507578203017345,0.008319287365361545
2019-11-15,-0.0019869436000475474,0.005522239285655863,-0.010225997032051232
2019-11-18,0.001845149909629429,-0.007952124633934406,-0.010099345151457668
2019-11-19,0.010789569076254654,0.03405573386794355,-0.020557348522009623
2019-11-20,0.00021040081432585855,0.024793577206398118,-0.00011855786230351017
2019-11-21,0.0003505696793133929,-0.006514892178380582,0.004518952954067934
2019-11-22,-0.02851343225215829,0.005771553909096383,-0.022149934148109597
2019-11-25,0.007043801134904698,0.00968460457847953,0.004719261383187103
2019-11-26,-0.010801574020463814,-0.0008328528894514115,-0.016884477517584248
2019-11-27,0.007429615450108134,0.006134008562557086,0.0037308471810196787
2019-11-28,0.008729305574334954,0.006634629038348599,0.011157885658370729
2019-11-29,-0.007867298481233988,-0.018618111115964255,-0.01166913933653469
2019-12-02,-0.005255402470541571,0.022533740724156384,-0.01580672529510497
2019-12-03,0.008123404723220939,-0.004801929995407195,0.01471030074718395
2019-12-04,0.014923528811860227,-0.016733051040718955,0.013319000620311515
2019-12-05,0.008428791911532642,-0.0011921832863123845,0.020382628585612763
2019-12-06,0.000349662579177137,0.0026080671629588417,0.001083653431211467
2019-12-09,0.0030020618071238715,0.011319065693644931,-0.03018835617993279
2019-12-10,-0.003771480933670422,-0.0067952599134009535,-0.023372777314507105
2019-12-11,0.009055509080275533,0.0002880599184544895,0.014329118713912552
2019-12-12,-0.026632638984876184,0.003705364234352337,-0.010337790204786274
2019-12-13,0.013018437716266342,0.00933014289487121,0.024609333016569996
2019-12-16,0.003788680600115055,-0.010350941758554588,0.026442703115220987
2019-12-17,0.021750528431990178,-0.0024925715138824907,0.017802273625688245
2019-12-18,0.0037615884042046183,0.0083797148039128,0.0012924967755878329
2019-12-19,-0.002186838840477262,0.021408313372474806,0.02788572246068473
2019-12-20,0.000957330488869433,-0.006762151630246832,-0.0027628360210904725
2019-12-23,0.00606454790470511,-0.017474029223675098,0.003950977168541136
2019-12-24,-0.003538863091650622,-0.016004960209415647,-0.007240379706456456
2019-12-26,-0.006086113086394637,-0.020282551035032518,-0.006179915764459084
2019-12-27,0.010914904731935944,0.01762779682111729,-0.0015680217736249384
2019-12-30,-0.005510780350962502,0.001198749556325204,-0.006983619226736212
2019-12-31,-0.00239062987391641,-0.01971779732356267,-0.009896741230121662
2020-01-01,0.0077657066013837985,-0.002943464496812416,0.00272561552795199
2020-01-02,-0.0029220910330401864,0.016881086610512974,-0.0046008982380269835
2020-01-03,0.01526334757752906,0.0012042508249609839,0.01973310479983051
2020-01-06,-0.009630676854117885,-0.02346544406642936,-9.088636937945488e-05
2020-01-07,-0.014931247225430743,0.01526747213078838,0.0024510372436795666
2020-01-08,-0.013415594332229651,-0.00753850990003227,0.022147909408685273
2020-01-09,0.01293464341430516,0.02277020449553128,-0.018301924848086876
2020-01-10,0.014464330773809368,-0.00022612375526387247,-0.00036134511109305533
2020-01-13,0.04684325318498075,-0.002555519206612895,-0.010536213184856048
2020-01-14,0.002711078345262579,-0.00930663057767085,0.00752746746140197
2020-01-15,-0.010497763591129736,-0.003635474404461227,0.009021667937496702
2020-01-16,-0.0007168225519542943,0.009177822240214299,0.005329524225593618
2020-01-17,0.001107600204445731,0.027639708763594156,-0.008838299755272973
2020-01-20,0.0007810974816191465,-0.031255053471813794,-0.022213263410731408
2020-01-21,-0.007772990571754363,0.001011007016404978,0.0003224766232396689
2020-01-22,0.010047712899241782,-0.000358627438842627,0.016377894379674338
2020-01-23,0.018205127921440772,-0.004248094748762273,-0.007253576148891665
2020-01-24,-0.0020419890957342622,-0.0034772374624525483,-0.003451944859053345
2020-01-27,-0.005958309583630635,-0.009907283572295457,-0.006501809172570052
2020-01-28,-0.00012852644449284575,-0.0233700996233396,0.006662096774667249
2020-01-29,0.014926602325143654,0.005488562362043386,-0.013438490988174213
2020-01-30,-0.011462173377290033,-0.024696836000310404,-0.007804440363489484
2020-01-31,-0.0061028680086114865,-0.022484662297197058,-0.027889592503736807
2020-02-01,0.004564603380197454,-0.020251139296080193,0.040440016378807585
2020-02-03,-0.01564451068497919,0.0015529916262067176,-0.029223962124570204
2020-02-04,0.02629953859520265,0.029092702245897686,0.0024939149556819965
2020-02-05,-0.00419741140297745,0.015374750660474343,0.018240874324521164
2020-02-06,-0.016968078547128597,0.006399911738707565,-0.008514870505874173
2020-02-07,0.007684149778225287,-0.01670481010350016,0.0038453469503332695
2020-02-10,-0.005288628901998045,0.0013592404288397014,0.011818213625456157
2020-02-11,0.0004525618309016504,0.01187543168176273,-0.003962603815604794
2020-02-12,0.009648859111940111,0.012008149628396561,0.008024741559137833
2020-02-13,0.014237830294012502,0.002615090895809426,0.009718828648016535
2020-02-14,-0.007347850884378545,0.009082530571493995,-0.003541929825143027
2020-02-17,0.0038073527812462218,-0.0063051273499756715,0.008683914216141933
2020-02-18,0.010333404279108834,-0.0073668284210453095,0.005657403638737489
2020-02-19,0.003504164777097051,0.024503110664032452,-0.008794054996671644
2020-02-20,-0.0043193907338884225,-0.011940939607812352,-0.018171249903847702
2020-02-24,-0.0014439529143516084,-0.027979579464371792,-0.01940535829511144
2020-02-25,0.0031989991213908133,-0.019956277633993574,0.019103940469761767
2020-02-26,-0.019796364790739065,-0.017376879343383778,-0.015211462183121789
2020-02-27,-0.006279656673384582,-0.00413930222978818,-0.008559793107533941
2020-02-28,-0.06116310964314616,-0.04243887054228466,-0.051330790872259405
2020-03-02,0.012697505512939647,-0.009452580969539263,0.0005747916538563701
2020-03-03,0.00799708572989345,0.0200834128869461,0.017288356289515985
2020-03-04,0.015607157240890686,-0.0023485127567588245,0.022819847341154675
2020-03-05,-0.005484534843497852,-0.02154109358833344,0.01989015847921963
2020-03-06,-0.02095754786962838,-0.031100622505152657,-0.004055174718934643
2020-03-09,-0.04781290316129591,-0.1317122098564767,-0.07051443157349761
2020-03-11,-0.026539728773400564,0.03475236167864026,-0.009500714603447738
2020-03-12,-0.08325485819422068,-0.08174904466966962,-0.09883021338355193
2020-03-13,0.017510556945954214,0.03902169197496177,0.02038575692447396
2020-03-16,-0.09668888334055983,-0.0845387613714542,-0.06277219553807611
2020-03-17,-0.049566423539070294,-0.007609860314141537,-0.022896301905195458
2020-03-18,-0.03792054063426306,-0.03997496578426333,-0.0021736513811301916
2020-03-19,0.020836981137382086,-0.05387794302208305,-0.010970253602234682
2020-03-20,0.0701592090448617,0.1036755401657187,0.09390084208476003
2020-03-23,-0.10579730884320085,-0.14103245786658777,-0.07372502424172392
2020-03-24,0.11362713607840738,0.0649767487260629,0.019835508088046072
2020-03-25,0.027426468242527105,0.13730711547192875,0.02730772415383223
2020-03-26,0.05893475961391652,-0.014941281933429201,0.022959003509624275
2020-03-27,0.014972881403552497,-0.0005629046025360575,0.018559771570088094
2020-03-30,-0.04064964841054188,-0.033542420768607036,-0.02553566448799245
2020-03-31,0.02334122682506131,0.07773709976750165,0.026412232779478607
2020-04-01,-0.062223717303350835,-0.030355078781537426,-0.06642043612982912
2020-04-03,-0.028777753656603643,-0.002780482814561289,-0.032444600780353244
2020-04-07,0.08709674128179803,0.11279487540027683,0.0705955843605781
2020-04-08,-0.011648171996047701,-0.011633613954781054,-0.040084087105293376
2020-04-09,0.007335285483245375,0.023051474646477794,0.03497303075615569
2020-04-13,0.0018058341185034985,-0.02557110811318756,-0.0039144544225880595
2020-04-15,0.0025852965944873412,-0.03360726710037539,-0.013793716871333364
2020-04-16,-0.024072743720692923,0.015704192623773698,-0.011068726822769357
2020-04-17,0.007823766556918653,0.04678849238116672,0.051200052664142875
2020-04-20,0.03830272043275563,0.01604702559751746,0.0068692767736243275
2020-04-21,-0.031250113839847486,-0.005199213694938595,-0.0455608419424244
2020-04-22,0.013568303524078519,0.09715626528889759,0.018163395137619644
2020-04-23,0.05670822466632068,0.005339197178106647,0.059643471463752006
2020-04-24,-0.03185792487193901,0.03307450224882579,-0.032301012011869974
2020-04-27,0.009980424595176757,0.008957643104745203,0.009876555942021742
2020-04-28,-0.005885476884653892,-0.0011197033956154257,0.012149568361068763
2020-04-29,0.023706475673813048,-0.0008406010792344391,0.024757553171402765
2020-04-30,0.05597524428685241,0.026998304126021035,0.05552304755688197
2020-05-04,-0.06019669102989137,-0.021233391142065117,-0.042593068925795605
2020-05-05,0.0,0.01757732980274764,0.0011907228576045475
2020-05-06,-0.011645398850037543,6.846032726711469e-05,-0.015197028953628757
2020-05-07,-0.0014276592574043623,0.031137738141198752,-0.0062973661769620696
2020-05-08,0.013814952940788048,0.03575126165282966,0.000924690624797557
2020-05-11,0.012821633167083086,0.009558474609935808,0.021888198511514814
2020-05-12,0.006931551593673264,-0.06386227428170702,0.007310576216346367
2020-05-13,0.00940808792009451,0.011560433884763523,7.693984590194585e-05
2020-05-14,-0.053255206609394666,-0.04126898538109505,-0.02455990526784201
2020-05-15,-0.008928290069366424,0.016198741271047964,-0.004979919388538029
2020-05-18,0.017626956923063285,-0.012861581014744088,0.027460368159674
2020-05-19,0.007054438260884659,-0.02235455325754465,0.0015664123380037353
2020-05-20,0.001419870955576794,0.017449257192991098,0.0025369992465886526
2020-05-21,0.003950070349430159,0.0052522773310466255,0.01906364769694198
2020-05-22,0.029535692809717656,-0.0067530192582947665,0.014533291659551249
2020-05-26,-0.017190313322640396,-0.005252848609926882,-0.03903759333549337
2020-05-27,0.03593460228108416,0.014984947250358843,0.03156050510554786
2020-05-28,0.0027603797122135215,0.018301970859274052,-0.0004988028834466238
2020-05-29,-0.023456453003710333,-0.005346240578598935,-0.01606914739850379
2020-06-01,0.012297447411625004,0.03749496924564345,0.03629430619277003
2020-06-02,0.012148055478433535,0.010045731639922556,0.0009285505505405869
2020-06-03,-0.009293153817723433,0.0038669682775206607,-0.0004886033371091997
2020-06-04,0.00879875115200406,0.024444985321150803,0.021945439276617084
2020-06-05,-0.005951976757744384,0.001201961239124426,-0.02091964786193198
2020-06-08,0.02429212402364806,-0.007743120687434913,0.011407890707227777
2020-06-09,-0.004518760513326378,-0.020827044792193886,0.00014479463319856472
2020-06-10,-0.0024416629382498774,0.02251405679448167,0.01755689949782743
2020-06-11,-0.016763316897800175,-0.022156315762648874,-0.0196826582034882
2020-06-12,-0.0170491235658255,0.032691220769260926,-0.013708016899076744
2020-06-15,-0.006523653173757169,0.016077265768234705,-0.004718149018890963
2020-06-16,0.01965859887812579,0.001949107276505478,0.0078023802841848
2020-06-17,0.0034879203954972875,-0.0014537358926488633,0.0009771351178093292
2020-06-18,0.014461823065838167,0.02479301620543914,-0.0047480448483825394
2020-06-19,-0.011765256004645216,0.06062817417013556,0.003184170030579793
2020-06-22,-0.0026255115312662806,-0.007559477456214427,-0.008176740748122328
2020-06-23,0.02380145355660843,-0.014565954591494441,0.0036177975840421686
2020-06-24,-0.009060558220474307,0.004030451269759744,0.003384429962604273
2020-06-25,-0.01929865853157579,-0.005775246408225106,-0.012862705985772015
2020-06-26,0.06587595613698415,0.013730325108725057,0.049708536519439295
2020-06-29,-0.02223139634205064,-0.010678928544553523,-0.008150738169754616
2020-06-30,0.005723256066600599,-0.011116899083224384,-0.009321736796122136
2020-07-01,-0.005518289031414384,0.019467738626269382,0.004743432783585225
2020-07-02,0.03319081959174743,0.01300780215819291,0.030643459527685147
2020-07-03,0.00803005697126399,0.01552909385996525,0.019510350780516935
2020-07-06,0.0017030199963275318,0.03511639225617231,0.028481484206342018
2020-07-07,0.038704571114643586,-0.015427827938234755,0.002956036654299064
2020-07-08,-0.02479650264330716,-0.014055375044146381,-0.022724200069285525
2020-07-09,0.008995177588427883,0.014494007614163865,-0.006578896729438473
2020-07-10,0.00019187106323459197,0.02906506083622202,0.008132513703914499
2020-07-13,0.019254505790136305,0.02987332198193069,-0.0010579986805218438
2020-07-14,-0.017465482247354457,-0.009345862418237658,-0.02188181433529619
2020-07-15,0.05911769474123116,-0.03882433892910539,0.028123555338849103
2020-07-16,0.09197327268642609,-0.00032543255697518197,0.00038042809808385423
2020-07-17,-0.008654244681391804,0.03638120597540864,-0.015331153626946455
2020-07-20,0.03390893322034338,0.004280202797137429,0.00324362617528151
2020-07-21,0.0026188518748868363,0.026546934063926133,0.007737549741666363
2020-07-22,-0.0203279854487515,0.016325147808719055,-0.01544414755274097
2020-07-23,-0.010899141219239303,0.026492267736954535,-0.009055229624617925
2020-07-24,0.01627739674749434,0.04203808828990909,-0.006376217139275885
2020-07-27,0.027362365419431628,0.0046718738733984196,0.022639709456947068
2020-07-28,0.015068563253165006,0.009921860853887018,0.04559579115257871
2020-07-29,-0.009076744632973964,-0.03792844108971868,-0.014697809180380309
2020-07-30,0.00762166980367339,0.0058019423248401964,0.0015146362830219919
2020-07-31,0.0047212726159217,-0.01999611638883575,0.0008331689403014195
2020-08-03,-0.009464941427300835,-0.02850957299025587,-0.01201632784984584
2020-08-04,-0.0073948153941590065,0.06810978714149156,-0.001976087768498343
2020-08-05,-0.00543666061596951,-0.011292950353652138,0.004346675875881034
2020-08-06,0.02730455966537402,0.0035910895171514575,0.021281125394370045
2020-08-07,-0.020763071895064288,0.0057703025394011615,-0.005539337932209364
2020-08-10,0.00047312394101122537,-0.012469983213482506,-0.005482577650942037
2020-08-11,-0.0030529553136777773,0.006559096311517105,-0.0012711773250519568
2020-08-12,0.006829909916431634,-0.002909843889198458,-0.009940023436663949
2020-08-13,-0.003934637712591459,-0.0026119812951094067,-0.001285518152120228
2020-08-14,0.0025199509345131947,-0.0038953269978060693,-0.005470813805111959
2020-08-17,0.004081424743715651,-0.010677485126975278,0.005004959786460491
2020-08-18,0.010441382100355263,0.01292210194473784,0.007229506521800953
2020-08-19,-0.008563251331254412,0.006117522196054479,-0.005810437547520934
2020-08-20,-0.004335455614241123,-0.01631781938532255,-0.0016631743846462312
2020-08-21,-0.006670367966199854,-0.007274673733783142,-0.001888281004040166
2020-08-24,-0.0014766377538096007,0.006654563048008401,-0.00022238530569560259
2020-08-25,-0.009864837357746056,-0.0065344847568182055,-0.0024272126819171094
2020-08-26,0.013447182354133475,0.026166350420616533,0.004826360802656452
2020-08-27,-0.00395184538328832,-0.012571082944775238,-0.002265711002783016
2020-08-28,-0.012538016874494977,0.002626132697540505,-0.004390517310380241
2020-08-31,-0.007135797642434148,-0.016894024393994376,0.008318923370048853
2020-09-01,-0.01568340381130745,0.003143034533573777,-0.0048405814385637305
2020-09-02,0.010717399867170263,0.019429141933521264,0.008334305140883099
2020-09-03,0.01242251999855711,-0.007593838817534693,0.01505072609007065
2020-09-04,-0.017685261711360558,-0.01663780964500572,-0.004664045244077903
2020-09-07,0.006398460176730887,0.002596217713481357,0.016573708228546584
2020-09-08,0.015287126894858127,0.011671473264189651,0.009047706231664395
2020-09-09,-0.012372617059762689,0.02542043192429086,-0.008789902290132896
2020-09-10,0.013170765398087264,0.06824460230656919,0.0015025331237521248
2020-09-11,0.005992328682672453,0.002481792479666767,0.018256710251891527
2020-09-14,0.03399319035149612,-0.0074422168130038316,0.04822638317037016
2020-09-15,0.00413086749024219,0.007054168690167789,0.0
2020-09-16,0.01945429765304912,0.0024550987910010357,0.004645210979781918
2020-09-17,0.00919146950421752,-0.011160974982922896,-0.0169425581914419
2020-09-18,-0.008792247980875478,0.0030188210440366824,-0.004500246861099104
2020-09-21,0.007703623992915157,-0.021857475916835758,0.006266296546199498
2020-09-22,-0.0023793012116732006,-0.020014099884334852,0.023115347841883946
2020-09-23,0.01208548437682978,0.008847523354001772,-0.022243623089504786
2020-09-24,-0.044465134921715686,-0.022485081463492287,-0.05635176183674143
2020-09-25,0.03629258057274847,0.009354605167220318,0.0378840351761159
2020-09-28,-0.0010386528124193195,0.00658678916929102,0.0016499611877479256
2020-09-29,-0.0013865506826723829,0.012911214254848246,0.025272470435930564
2020-09-30,-0.000743586600131474,-0.00477743463467738,0.001566045253503328
2020-10-01,0.009279892845410571,-0.0040810891695474754,0.012421033938911077
2020-10-05,0.03005525424147143,-0.00588177337088708,0.06977060433598081
2020-10-06,0.0067001129736933935,-0.0008366214550007261,0.0031364760680487507
2020-10-07,0.01017772532377369,0.021107132277987464,0.00794463148434411
2020-10-08,0.02513730320335347,-0.008117017935835802,0.032277396775228354
2020-10-09,0.011906525571590682,-0.002593513202785748,-0.004522366782840439
2020-10-12,0.022601346171292867,0.0016105584512559506,0.0060429569232427
2020-10-13,0.02244733756084049,0.0193243797683292,-0.0012198249561276406
2020-10-14,-0.018128437894368146,0.002977104777572118,-0.006014762240358141
2020-10-15,-0.025611020125373127,-0.03605196844007451,-0.024865249928696924
2020-10-16,0.017220597751670556,-0.014011136722619534,0.008248743150199106
2020-10-19,-0.0014200765677485048,0.00018382352992914893,-0.01890519057332649
2020-10-20,0.010250156016020619,-0.009371966752950088,0.010072463174105097
2020-10-21,0.00949325763731842,-0.014624720418048492,-0.023493988401592128
2020-10-22,-0.016949558313773205,-0.008342145245696545,-0.0015898105863240252
2020-10-23,-0.005818230532241246,0.00289099727420905,0.005841803117547571
2020-10-26,-0.008993550406242461,-0.04054005640084703,0.0005209302443383428
2020-10-27,-0.01960758137213366,0.002657743468166036,-0.021830945871094548
2020-10-28,-0.013195725293842704,-0.011394233432680822,-0.0030272187006519483
2020-10-29,-0.001580366602045991,0.007651677234854916,0.003977283376507474
2020-10-30,-0.013346331239115107,0.01352497707954569,0.01215682739582949
2020-11-02,0.010971088523070329,-0.09011803619824559,-0.02286865830403558
2020-11-03,-0.009134194711230396,-0.014512641207989337,0.011072618949147817
2020-11-04,0.02912331958348219,0.033375400888912284,0.007395881822979082
2020-11-05,0.009144948738688917,0.021612960613324246,0.012193788293914716
2020-11-06,0.007894481058923077,0.037226792717176674,0.008065830884296715
2020-11-09,0.02116292914952844,0.010564212125081254,0.007048179268088136
2020-11-10,-0.0408568227483542,0.016371806338976794,-0.028646726561088753
2020-11-11,0.02841780531927162,-0.04280680497424645,0.014314329922023231
2020-11-12,-0.00424060450231936,-0.008649354937873327,-0.006251361597530702
2020-11-13,0.005753935453884579,0.0082487139068732,-0.005330442997342632
2020-11-14,0.008194407246559784,0.0029509612031496713,0.005068339427489223
2020-11-17,-0.008639266900677674,-0.004530047415998992,-0.0016115736941205007
2020-11-18,-0.011771423829338932,-0.003039859643445149,-0.014888706265439743
2020-11-19,-0.012504127038194526,-0.007095362250597873,0.003894714767289189
2020-11-20,0.0059997452827662235,-0.038040556860881515,0.008816118568532256
2020-11-23,0.03254566845481391,0.026597588873206773,0.023773057535154553
2020-11-24,0.0001754462919541781,0.00682038533794097,-0.0008078879678528351
2020-11-25,-0.021634926395345252,-0.00830813731172918,-0.00765213429025623
2020-11-26,-0.002198444028776611,0.0024612872644722067,0.007119305600443186
2020-11-27,-0.011928570865273845,-0.011745447205287652,-0.015166255237885277
2020-12-01,0.033830337018765665,0.012922670629790524,0.017442571527186004
2020-12-02,0.002676907797096107,0.0016611087245528536,0.008308501418459869
2020-12-03,-0.012746329979171907,0.0030085178982014065,-0.014691599660414048
2020-12-04,0.007253138692479676,-0.00884735238173245,0.006658108098207054
2020-12-07,0.007769501147204455,0.0058643684628756285,0.0037143814718982576
2020-12-08,0.008577016683463615,0.01799160361318363,0.0215365144096629
2020-12-09,0.0187675947133681,0.016514912619050155,0.0048144740915982
2020-12-10,-0.006359525477450145,-0.009891130355866602,-0.009472645048585778
2020-12-11,-0.003903992602962479,-0.0005980861422302017,-0.0002514412987619486
2020-12-14,0.0011599185061613928,-0.00725529188947847,0.005052597063857332
2020-12-15,-0.008580782658583253,-0.008548461523331047,-0.013005534755467143
2020-12-16,0.009567801298953698,0.0011136704180725546,0.018885913075070176
2020-12-17,-0.0055916529193140285,0.004568234790971736,0.00849201904628169
2020-12-18,0.026055113747332694,0.002992094559677896,0.0080011656496732
2020-12-21,-0.010561544669654132,-0.02637990808577466,-0.014381139043206372
2020-12-22,0.03603692974886364,-0.0015478281905597828,0.018392655716006887
2020-12-23,0.026319968496749287,0.003685048815846826,0.012540704893590823
2020-12-24,-0.013659768055897869,0.025547351819972287,0.00020625290116261383
2020-12-28,0.0034324745474176585,0.004577926418101447,0.0068679353665427436
2020-12-29,0.008030236679670188,-0.006636056756571288,0.00037543303227716596
2020-12-30,-0.0028032536077719455,0.002734881457753127,-0.007260554515874819
2020-12-31,0.007192550786827059,-0.005124609285755399,-0.01612980110716028
2021-01-01,0.003695980362328044,0.001107531325453888,0.022622273656535193
2021-01-04,0.021815908165996725,0.0016841156719671752,0.03727160302946381
2021-01-05,0.004298916401551404,-0.01250979808700891,0.0174649157056218
2021-01-06,-0.00908426605123007,-0.026725984120212282,-0.013508220700520017
2021-01-07,-0.015682742566620937,-0.0016207458977332435,-0.00614698778242449
2021-01-08,0.03881229111963612,0.011730110961046671,0.02863513654283412
2021-01-11,0.04769717065670951,-0.01902979677252399,0.0176427992427496
2021-01-12,-0.003238780829294768,0.031032768095844487,-0.000503833871442458
2021-01-13,0.011163985608301858,-0.0093690124086459,-0.005020693233047654
2021-01-14,-0.012075645804546098,0.011181323856404872,0.028630663864012855
2021-01-15,-0.018818799119087654,-0.011877873384728687,-0.0053516062979768585
2021-01-18,-0.024766038089779247,0.023717131471451897,-0.0035940612807540697
2021-01-19,0.003499832385120227,0.01622393629412686,0.012017206068750317
2021-01-20,0.0171684500079309,0.018816108663493404,0.014643689636804503
2021-01-21,0.00018662635591554458,0.02152173772972831,-0.010618923508726194
2021-01-22,0.000858032919031015,-0.024006937459227596,0.008894759074281212
2021-01-25,-0.01181581293138087,-0.054441347973459515,-0.003578797948055446
2021-01-27,-0.01835472875808508,-0.023984465652483588,-0.009233394099756237
2021-01-28,-0.019246287078258786,-0.009783853946045902,-0.019977126198797466
2021-01-29,-0.029541955494249452,-0.018610191531896615,-0.027015387605466047
2021-02-01,0.017480794739183705,0.028552344293670345,0.008959056516561292
2021-02-02,0.008174916683588994,0.015964328473929187,0.020212581924346905
2021-02-03,0.01048563932528473,0.002515267957312854,-0.0010619193626944592
2021-02-04,-0.00413417125482628,-0.0032944685369831325,-0.0036315293882454446
2021-02-05,-0.00568305827106295,-0.0002858590734242919,-0.0096118223928295
2021-02-08,0.024422233741938113,0.014296279822413353,0.017624297805546314
2021-02-09,0.0015330960037795575,0.002405569795517954,-0.011641502151533464
2021-02-10,-0.006956081929163665,0.00923564935916265,0.011392567900006874
2021-02-11,-0.0029739511712903186,0.040402517401444155,-0.0022743922691954906
2021-02-12,0.013180078976524413,-0.006882608381156467,-0.004752385132523721
2021-02-15,-0.00011452785902678448,-0.004418052446804709,-0.016096640976368683
2021-02-16,-0.014807678113927289,0.013147473172469351,-0.0099382284374301
2021-02-17,-0.007077060295468684,0.011465939386180794,-0.01154997553175364
2021-02-18,0.008664454399244941,-0.0074922958555919735,-0.005138296422849216
2021-02-19,-0.000890179062169469,0.006075235657612876,0.00473145828185817
2021-02-22,-0.020419250421112107,-0.035323112695923135,-0.037614503432809025
2021-02-23,0.0009085343596643564,0.007614973980739985,0.007324929823737642
2021-02-24,0.006258261427075435,0.018387326541305135,-0.0108295173048689
2021-02-25,0.0001961668994266284,0.039645174245668144,0.015883498441593768
2021-02-26,-0.016813102500183415,-0.027684001449014593,-0.0343011079087486
2021-03-01,0.010871828703662576,0.007594066346253931,0.01027765341400152
2021-03-02,0.02916792425564413,0.002043872660554279,0.0277057793507621
2021-03-03,0.029495539012530908,0.044621036818225705,0.017394036704190135
2021-03-04,-0.009873299098742981,-0.011992057735887896,-0.00307752993029662
2021-03-05,-0.010313459128272988,0.0013089758560295072,-0.01375119683598653
2021-03-08,0.014364325475582777,0.005675332181346669,-0.0003657522900292273
2021-03-09,0.00730991954535639,-2.2819848705266408e-05,0.014526741530921091
2021-03-10,0.016656610911040034,-0.004161908591564006,0.006533942453799083
2021-03-12,0.004885171946457566,-0.02053526803103882,-0.004242203167280375
2021-03-15,-0.0009096036574690216,-0.013517219824607784,0.002677946114679019
2021-03-16,0.007542826594349171,-0.003943466329043847,0.014216100300365634
2021-03-17,0.0021652841372167613,-0.021776868458811535,0.0009320264213173456
2021-03-18,-0.03664005169421181,-0.022759289145749248,-0.024865293298148867
2021-03-19,0.00548191785086064,0.03564210959080007,0.004501625884453417
2021-03-22,0.0194095035289734,-0.009458616989991156,0.025714014973409808
2021-03-23,0.0005469761472452765,0.012096824540087467,0.004129305560538277
2021-03-24,-0.013062967832498582,-0.01944532586647765,-0.006864978986058279
2021-03-25,-0.014846508116994473,-0.027658835255502365,-0.01818687523835403
2021-03-26,0.0017977532931710625,0.0016055797332914614,0.0006360441531203508
2021-03-30,0.03608695817245633,0.0172223096466011,0.029478388827910606
2021-03-31,-0.012530354441659524,-0.012994925450990364,0.0060918059735414
2021-04-01,0.012458165306093035,0.009316953320455616,-0.004051811907914756
2021-04-05,0.017674246343048462,-0.014572615241632442,0.02308071038999062
2021-04-06,0.0008153282147545705,-0.00417411151954939,0.007934108906617547
2021-04-07,0.0134801865282254,0.009304959101892985,0.0020501529495406783
2021-04-08,0.006724646863359902,0.0012474429041417394,0.013948243589560521
2021-04-09,0.0008330730462015907,-0.011686946482113962,0.0014759927976313466
2021-04-12,-0.010674023487208917,-0.03642650751962766,-0.02304937018037925
2021-04-13,-0.020263543601729463,0.010747055649695848,-0.04488518361044224
2021-04-15,-0.026398429120609364,0.006449804356584508,0.03634750898322412
2021-04-16,-0.005157498999109084,-0.006294520834442221,-0.0074211843376167045
2021-04-19,0.006479424796577691,-0.015859271309107355,-0.010492549404315663
2021-04-20,-0.008253851346219454,-0.0002892567436711359,-0.005470690025807127
2021-04-22,-0.00018501729964529403,0.0027576805699729935,-0.008222483200835315
2021-04-23,-0.012887064267707452,-0.0010759037972848011,-0.0029863708915009615
2021-04-26,0.007283353391108094,0.017438368087172373,-0.002801798847496798
2021-04-27,0.0036774989904706486,0.02587690547237182,0.01001163541424652
2021-04-28,0.005546325920556135,0.004340251924334344,-0.002525536420156239
2021-04-29,0.0002580787891994137,0.013304186188414537,-0.002836835867560562
2021-04-30,-0.001475633867942527,-0.014707062314079178,-0.025883836220540232
